report,variant,date,code,cftc_name,category,long,short,open_interest
CIT,combined,2023-07-18,001602,WHEAT-SRW - CHICAGO BOARD OF TRADE,cit,130257.0,43749.0,374014.0
CIT,combined,2023-07-18,001602,WHEAT-SRW - CHICAGO BOARD OF TRADE,comm,61842.0,82578.0,374014.0
CIT,combined,2023-07-18,001602,WHEAT-SRW - CHICAGO BOARD OF TRADE,noncomm,35284.0,97416.0,374014.0
CIT,combined,2023-07-18,001602,WHEAT-SRW - CHICAGO BOARD OF TRADE,nonrept,30622.0,34261.0,374014.0
CIT,combined,2023-07-18,002602,CORN - CHICAGO BOARD OF TRADE,cit,446207.0,140604.0,1795710.0
CIT,combined,2023-07-18,002602,CORN - CHICAGO BOARD OF TRADE,comm,516480.0,678576.0,1795710.0
CIT,combined,2023-07-18,002602,CORN - CHICAGO BOARD OF TRADE,noncomm,113459.0,204096.0,1795710.0
CIT,combined,2023-07-18,002602,CORN - CHICAGO BOARD OF TRADE,nonrept,169134.0,222004.0,1795710.0
CIT,combined,2023-07-18,005602,SOYBEANS - CHICAGO BOARD OF TRADE,cit,199248.0,50956.0,864390.0
CIT,combined,2023-07-18,005602,SOYBEANS - CHICAGO BOARD OF TRADE,comm,248095.0,432757.0,864390.0
CIT,combined,2023-07-18,005602,SOYBEANS - CHICAGO BOARD OF TRADE,noncomm,121759.0,60647.0,864390.0
CIT,combined,2023-07-18,005602,SOYBEANS - CHICAGO BOARD OF TRADE,nonrept,60909.0,85652.0,864390.0
CIT,combined,2023-07-18,057642,LIVE CATTLE - CHICAGO MERCANTILE EXCHANGE,cit,106511.0,23289.0,442818.0
CIT,combined,2023-07-18,057642,LIVE CATTLE - CHICAGO MERCANTILE EXCHANGE,comm,66068.0,230631.0,442818.0
CIT,combined,2023-07-18,057642,LIVE CATTLE - CHICAGO MERCANTILE EXCHANGE,noncomm,116693.0,12998.0,442818.0
CIT,combined,2023-07-18,057642,LIVE CATTLE - CHICAGO MERCANTILE EXCHANGE,nonrept,33590.0,55945.0,442818.0
CIT,combined,2023-07-18,073732,COCOA - ICE FUTURES U.S.,cit,69491.0,33408.0,485826.0
CIT,combined,2023-07-18,073732,COCOA - ICE FUTURES U.S.,comm,126432.0,216355.0,485826.0
CIT,combined,2023-07-18,073732,COCOA - ICE FUTURES U.S.,noncomm,106257.0,56700.0,485826.0
CIT,combined,2023-07-18,073732,COCOA - ICE FUTURES U.S.,nonrept,14425.0,10143.0,485826.0
CIT,combined,2023-07-18,080732,SUGAR NO. 11 - ICE FUTURES U.S.,cit,237998.0,65794.0,1091472.0
CIT,combined,2023-07-18,080732,SUGAR NO. 11 - ICE FUTURES U.S.,comm,347418.0,638766.0,1091472.0
CIT,combined,2023-07-18,080732,SUGAR NO. 11 - ICE FUTURES U.S.,noncomm,156211.0,66897.0,1091472.0
CIT,combined,2023-07-18,080732,SUGAR NO. 11 - ICE FUTURES U.S.,nonrept,81012.0,51182.0,1091472.0
CIT,combined,2023-07-18,083731,COFFEE C - ICE FUTURES U.S.,cit,63649.0,18985.0,224648.0
CIT,combined,2023-07-18,083731,COFFEE C - ICE FUTURES U.S.,comm,61429.0,90735.0,224648.0
CIT,combined,2023-07-18,083731,COFFEE C - ICE FUTURES U.S.,noncomm,24067.0,40341.0,224648.0
CIT,combined,2023-07-18,083731,COFFEE C - ICE FUTURES U.S.,nonrept,9712.0,8796.0,224648.0
CIT,combined,2023-07-25,001602,WHEAT-SRW - CHICAGO BOARD OF TRADE,cit,138162.0,41031.0,401562.0
CIT,combined,2023-07-25,001602,WHEAT-SRW - CHICAGO BOARD OF TRADE,comm,65676.0,104203.0,401562.0
CIT,combined,2023-07-25,001602,WHEAT-SRW - CHICAGO BOARD OF TRADE,noncomm,36113.0,88374.0,401562.0
CIT,combined,2023-07-25,001602,WHEAT-SRW - CHICAGO BOARD OF TRADE,nonrept,31649.0,37992.0,401562.0
CIT,combined,2023-07-25,002602,CORN - CHICAGO BOARD OF TRADE,cit,446162.0,121110.0,1746270.0
CIT,combined,2023-07-25,002602,CORN - CHICAGO BOARD OF TRADE,comm,494168.0,714501.0,1746270.0
CIT,combined,2023-07-25,002602,CORN - CHICAGO BOARD OF TRADE,noncomm,138696.0,176078.0,1746270.0
CIT,combined,2023-07-25,002602,CORN - CHICAGO BOARD OF TRADE,nonrept,161357.0,228693.0,1746270.0
CIT,combined,2023-07-25,005602,SOYBEANS - CHICAGO BOARD OF TRADE,cit,193692.0,40987.0,859676.0
CIT,combined,2023-07-25,005602,SOYBEANS - CHICAGO BOARD OF TRADE,comm,256187.0,476925.0,859676.0
CIT,combined,2023-07-25,005602,SOYBEANS - CHICAGO BOARD OF TRADE,noncomm,135981.0,48963.0,859676.0
CIT,combined,2023-07-25,005602,SOYBEANS - CHICAGO BOARD OF TRADE,nonrept,56513.0,75497.0,859676.0
CIT,combined,2023-07-25,057642,LIVE CATTLE - CHICAGO MERCANTILE EXCHANGE,cit,105429.0,22960.0,427498.0
CIT,combined,2023-07-25,057642,LIVE CATTLE - CHICAGO MERCANTILE EXCHANGE,comm,59805.0,218125.0,427498.0
CIT,combined,2023-07-25,057642,LIVE CATTLE - CHICAGO MERCANTILE EXCHANGE,noncomm,111773.0,15554.0,427498.0
CIT,combined,2023-07-25,057642,LIVE CATTLE - CHICAGO MERCANTILE EXCHANGE,nonrept,30828.0,51196.0,427498.0
CIT,combined,2023-07-25,073732,COCOA - ICE FUTURES U.S.,cit,68017.0,33398.0,499097.0
CIT,combined,2023-07-25,073732,COCOA - ICE FUTURES U.S.,comm,133753.0,223673.0,499097.0
CIT,combined,2023-07-25,073732,COCOA - ICE FUTURES U.S.,noncomm,107663.0,55643.0,499097.0
CIT,combined,2023-07-25,073732,COCOA - ICE FUTURES U.S.,nonrept,13364.0,10082.0,499097.0
CIT,combined,2023-07-25,080732,SUGAR NO. 11 - ICE FUTURES U.S.,cit,244915.0,67114.0,1138920.0
CIT,combined,2023-07-25,080732,SUGAR NO. 11 - ICE FUTURES U.S.,comm,359056.0,681156.0,1138920.0
CIT,combined,2023-07-25,080732,SUGAR NO. 11 - ICE FUTURES U.S.,noncomm,179881.0,66826.0,1138920.0
CIT,combined,2023-07-25,080732,SUGAR NO. 11 - ICE FUTURES U.S.,nonrept,81418.0,50174.0,1138920.0
CIT,combined,2023-07-25,083731,COFFEE C - ICE FUTURES U.S.,cit,66308.0,20327.0,223412.0
CIT,combined,2023-07-25,083731,COFFEE C - ICE FUTURES U.S.,comm,58285.0,90497.0,223412.0
CIT,combined,2023-07-25,083731,COFFEE C - ICE FUTURES U.S.,noncomm,23788.0,38658.0,223412.0
CIT,combined,2023-07-25,083731,COFFEE C - ICE FUTURES U.S.,nonrept,9534.0,8433.0,223412.0
CIT,combined,2023-08-01,001602,WHEAT-SRW - CHICAGO BOARD OF TRADE,cit,140708.0,40238.0,402982.0
CIT,combined,2023-08-01,001602,WHEAT-SRW - CHICAGO BOARD OF TRADE,comm,66749.0,100554.0,402982.0
CIT,combined,2023-08-01,001602,WHEAT-SRW - CHICAGO BOARD OF TRADE,noncomm,37032.0,98804.0,402982.0
CIT,combined,2023-08-01,001602,WHEAT-SRW - CHICAGO BOARD OF TRADE,nonrept,34108.0,39001.0,402982.0
CIT,combined,2023-08-01,002602,CORN - CHICAGO BOARD OF TRADE,cit,450113.0,130376.0,1790636.0
CIT,combined,2023-08-01,002602,CORN - CHICAGO BOARD OF TRADE,comm,501985.0,708581.0,1790636.0
CIT,combined,2023-08-01,002602,CORN - CHICAGO BOARD OF TRADE,noncomm,154585.0,188175.0,1790636.0
CIT,combined,2023-08-01,002602,CORN - CHICAGO BOARD OF TRADE,nonrept,157704.0,237255.0,1790636.0
CIT,combined,2023-08-01,005602,SOYBEANS - CHICAGO BOARD OF TRADE,cit,189835.0,38608.0,813382.0
CIT,combined,2023-08-01,005602,SOYBEANS - CHICAGO BOARD OF TRADE,comm,248931.0,439781.0,813382.0
CIT,combined,2023-08-01,005602,SOYBEANS - CHICAGO BOARD OF TRADE,noncomm,109575.0,48099.0,813382.0
CIT,combined,2023-08-01,005602,SOYBEANS - CHICAGO BOARD OF TRADE,nonrept,51005.0,72859.0,813382.0
CIT,combined,2023-08-01,057642,LIVE CATTLE - CHICAGO MERCANTILE EXCHANGE,cit,103872.0,20363.0,412918.0
CIT,combined,2023-08-01,057642,LIVE CATTLE - CHICAGO MERCANTILE EXCHANGE,comm,57062.0,213265.0,412918.0
CIT,combined,2023-08-01,057642,LIVE CATTLE - CHICAGO MERCANTILE EXCHANGE,noncomm,104300.0,13946.0,412918.0
CIT,combined,2023-08-01,057642,LIVE CATTLE - CHICAGO MERCANTILE EXCHANGE,nonrept,33416.0,51076.0,412918.0
CIT,combined,2023-08-01,073732,COCOA - ICE FUTURES U.S.,cit,68210.0,33863.0,507457.0
CIT,combined,2023-08-01,073732,COCOA - ICE FUTURES U.S.,comm,141003.0,229375.0,507457.0
CIT,combined,2023-08-01,073732,COCOA - ICE FUTURES U.S.,noncomm,104172.0,53319.0,507457.0
CIT,combined,2023-08-01,073732,COCOA - ICE FUTURES U.S.,nonrept,13528.0,10356.0,507457.0
CIT,combined,2023-08-01,080732,SUGAR NO. 11 - ICE FUTURES U.S.,cit,250578.0,65131.0,1149702.0
CIT,combined,2023-08-01,080732,SUGAR NO. 11 - ICE FUTURES U.S.,comm,369233.0,688211.0,1149702.0
CIT,combined,2023-08-01,080732,SUGAR NO. 11 - ICE FUTURES U.S.,noncomm,166948.0,68089.0,1149702.0
CIT,combined,2023-08-01,080732,SUGAR NO. 11 - ICE FUTURES U.S.,nonrept,85985.0,51312.0,1149702.0
CIT,combined,2023-08-01,083731,COFFEE C - ICE FUTURES U.S.,cit,66452.0,18664.0,224367.0
CIT,combined,2023-08-01,083731,COFFEE C - ICE FUTURES U.S.,comm,56622.0,91687.0,224367.0
CIT,combined,2023-08-01,083731,COFFEE C - ICE FUTURES U.S.,noncomm,23610.0,37566.0,224367.0
CIT,combined,2023-08-01,083731,COFFEE C - ICE FUTURES U.S.,nonrept,10091.0,8858.0,224367.0
CIT,combined,2023-08-08,001602,WHEAT-SRW - CHICAGO BOARD OF TRADE,cit,140917.0,43711.0,431293.0
CIT,combined,2023-08-08,001602,WHEAT-SRW - CHICAGO BOARD OF TRADE,comm,74646.0,107491.0,431293.0
CIT,combined,2023-08-08,001602,WHEAT-SRW - CHICAGO BOARD OF TRADE,noncomm,39482.0,102773.0,431293.0
CIT,combined,2023-08-08,001602,WHEAT-SRW - CHICAGO BOARD OF TRADE,nonrept,36802.0,37871.0,431293.0
CIT,combined,2023-08-08,002602,CORN - CHICAGO BOARD OF TRADE,cit,420922.0,133241.0,1766694.0
CIT,combined,2023-08-08,002602,CORN - CHICAGO BOARD OF TRADE,comm,519401.0,665337.0,1766694.0
CIT,combined,2023-08-08,002602,CORN - CHICAGO BOARD OF TRADE,noncomm,140651.0,214926.0,1766694.0
CIT,combined,2023-08-08,002602,CORN - CHICAGO BOARD OF TRADE,nonrept,163958.0,231428.0,1766694.0
CIT,combined,2023-08-08,005602,SOYBEANS - CHICAGO BOARD OF TRADE,cit,189242.0,39084.0,802230.0
CIT,combined,2023-08-08,005602,SOYBEANS - CHICAGO BOARD OF TRADE,comm,259591.0,424800.0,802230.0
CIT,combined,2023-08-08,005602,SOYBEANS - CHICAGO BOARD OF TRADE,noncomm,92924.0,54058.0,802230.0
CIT,combined,2023-08-08,005602,SOYBEANS - CHICAGO BOARD OF TRADE,nonrept,49490.0,73305.0,802230.0
CIT,combined,2023-08-08,057642,LIVE CATTLE - CHICAGO MERCANTILE EXCHANGE,cit,101520.0,18524.0,384197.0
CIT,combined,2023-08-08,057642,LIVE CATTLE - CHICAGO MERCANTILE EXCHANGE,comm,53237.0,202989.0,384197.0
CIT,combined,2023-08-08,057642,LIVE CATTLE - CHICAGO MERCANTILE EXCHANGE,noncomm,100711.0,16648.0,384197.0
CIT,combined,2023-08-08,057642,LIVE CATTLE - CHICAGO MERCANTILE EXCHANGE,nonrept,33374.0,50681.0,384197.0
CIT,combined,2023-08-08,073732,COCOA - ICE FUTURES U.S.,cit,60485.0,33774.0,412778.0
CIT,combined,2023-08-08,073732,COCOA - ICE FUTURES U.S.,comm,111535.0,190048.0,412778.0
CIT,combined,2023-08-08,073732,COCOA - ICE FUTURES U.S.,noncomm,98895.0,48775.0,412778.0
CIT,combined,2023-08-08,073732,COCOA - ICE FUTURES U.S.,nonrept,10624.0,8942.0,412778.0
CIT,combined,2023-08-08,080732,SUGAR NO. 11 - ICE FUTURES U.S.,cit,251175.0,65256.0,1140328.0
CIT,combined,2023-08-08,080732,SUGAR NO. 11 - ICE FUTURES U.S.,comm,379960.0,677507.0,1140328.0
CIT,combined,2023-08-08,080732,SUGAR NO. 11 - ICE FUTURES U.S.,noncomm,149703.0,69046.0,1140328.0
CIT,combined,2023-08-08,080732,SUGAR NO. 11 - ICE FUTURES U.S.,nonrept,79362.0,48393.0,1140328.0
CIT,combined,2023-08-08,083731,COFFEE C - ICE FUTURES U.S.,cit,64310.0,15207.0,215743.0
CIT,combined,2023-08-08,083731,COFFEE C - ICE FUTURES U.S.,comm,52750.0,87657.0,215743.0
CIT,combined,2023-08-08,083731,COFFEE C - ICE FUTURES U.S.,noncomm,22630.0,38139.0,215743.0
CIT,combined,2023-08-08,083731,COFFEE C - ICE FUTURES U.S.,nonrept,9874.0,8561.0,215743.0
CIT,combined,2023-08-15,001602,WHEAT-SRW - CHICAGO BOARD OF TRADE,cit,144678.0,49680.0,465240.0
CIT,combined,2023-08-15,001602,WHEAT-SRW - CHICAGO BOARD OF TRADE,comm,83680.0,106317.0,465240.0
CIT,combined,2023-08-15,001602,WHEAT-SRW - CHICAGO BOARD OF TRADE,noncomm,40509.0,112681.0,465240.0
CIT,combined,2023-08-15,001602,WHEAT-SRW - CHICAGO BOARD OF TRADE,nonrept,39573.0,39763.0,465240.0
CIT,combined,2023-08-15,002602,CORN - CHICAGO BOARD OF TRADE,cit,422900.0,139707.0,1801252.0
CIT,combined,2023-08-15,002602,CORN - CHICAGO BOARD OF TRADE,comm,547621.0,643178.0,1801252.0
CIT,combined,2023-08-15,002602,CORN - CHICAGO BOARD OF TRADE,noncomm,125354.0,247780.0,1801252.0
CIT,combined,2023-08-15,002602,CORN - CHICAGO BOARD OF TRADE,nonrept,172559.0,237769.0,1801252.0
CIT,combined,2023-08-15,005602,SOYBEANS - CHICAGO BOARD OF TRADE,cit,186816.0,39494.0,817683.0
CIT,combined,2023-08-15,005602,SOYBEANS - CHICAGO BOARD OF TRADE,comm,278513.0,423240.0,817683.0
CIT,combined,2023-08-15,005602,SOYBEANS - CHICAGO BOARD OF TRADE,noncomm,83325.0,59498.0,817683.0
CIT,combined,2023-08-15,005602,SOYBEANS - CHICAGO BOARD OF TRADE,nonrept,49146.0,75569.0,817683.0
CIT,combined,2023-08-15,057642,LIVE CATTLE - CHICAGO MERCANTILE EXCHANGE,cit,102305.0,19067.0,384706.0
CIT,combined,2023-08-15,057642,LIVE CATTLE - CHICAGO MERCANTILE EXCHANGE,comm,51699.0,199960.0,384706.0
CIT,combined,2023-08-15,057642,LIVE CATTLE - CHICAGO MERCANTILE EXCHANGE,noncomm,100087.0,16590.0,384706.0
CIT,combined,2023-08-15,057642,LIVE CATTLE - CHICAGO MERCANTILE EXCHANGE,nonrept,31439.0,49913.0,384706.0
CIT,combined,2023-08-15,073732,COCOA - ICE FUTURES U.S.,cit,59788.0,34331.0,402174.0
CIT,combined,2023-08-15,073732,COCOA - ICE FUTURES U.S.,comm,114039.0,193397.0,402174.0
CIT,combined,2023-08-15,073732,COCOA - ICE FUTURES U.S.,noncomm,89043.0,38635.0,402174.0
CIT,combined,2023-08-15,073732,COCOA - ICE FUTURES U.S.,nonrept,10739.0,7246.0,402174.0
CIT,combined,2023-08-15,080732,SUGAR NO. 11 - ICE FUTURES U.S.,cit,249951.0,68170.0,1149070.0
CIT,combined,2023-08-15,080732,SUGAR NO. 11 - ICE FUTURES U.S.,comm,388231.0,684231.0,1149070.0
CIT,combined,2023-08-15,080732,SUGAR NO. 11 - ICE FUTURES U.S.,noncomm,145435.0,67556.0,1149070.0
CIT,combined,2023-08-15,080732,SUGAR NO. 11 - ICE FUTURES U.S.,nonrept,88036.0,51697.0,1149070.0
CIT,combined,2023-08-15,083731,COFFEE C - ICE FUTURES U.S.,cit,63259.0,16593.0,205378.0
CIT,combined,2023-08-15,083731,COFFEE C - ICE FUTURES U.S.,comm,57262.0,78421.0,205378.0
CIT,combined,2023-08-15,083731,COFFEE C - ICE FUTURES U.S.,noncomm,22151.0,48193.0,205378.0
CIT,combined,2023-08-15,083731,COFFEE C - ICE FUTURES U.S.,nonrept,9669.0,9135.0,205378.0
CIT,combined,2023-08-22,001602,WHEAT-SRW - CHICAGO BOARD OF TRADE,cit,142697.0,51054.0,481323.0
CIT,combined,2023-08-22,001602,WHEAT-SRW - CHICAGO BOARD OF TRADE,comm,88280.0,105528.0,481323.0
CIT,combined,2023-08-22,001602,WHEAT-SRW - CHICAGO BOARD OF TRADE,noncomm,40349.0,117716.0,481323.0
CIT,combined,2023-08-22,001602,WHEAT-SRW - CHICAGO BOARD OF TRADE,nonrept,42007.0,39035.0,481323.0
CIT,combined,2023-08-22,002602,CORN - CHICAGO BOARD OF TRADE,cit,422838.0,144397.0,1811682.0
CIT,combined,2023-08-22,002602,CORN - CHICAGO BOARD OF TRADE,comm,558653.0,623246.0,1811682.0
CIT,combined,2023-08-22,002602,CORN - CHICAGO BOARD OF TRADE,noncomm,114783.0,269979.0,1811682.0
CIT,combined,2023-08-22,002602,CORN - CHICAGO BOARD OF TRADE,nonrept,177951.0,236603.0,1811682.0
CIT,combined,2023-08-22,005602,SOYBEANS - CHICAGO BOARD OF TRADE,cit,188775.0,40328.0,845742.0
CIT,combined,2023-08-22,005602,SOYBEANS - CHICAGO BOARD OF TRADE,comm,286666.0,439876.0,845742.0
CIT,combined,2023-08-22,005602,SOYBEANS - CHICAGO BOARD OF TRADE,noncomm,88229.0,62442.0,845742.0
CIT,combined,2023-08-22,005602,SOYBEANS - CHICAGO BOARD OF TRADE,nonrept,53586.0,74610.0,845742.0
CIT,combined,2023-08-22,057642,LIVE CATTLE - CHICAGO MERCANTILE EXCHANGE,cit,102069.0,19242.0,380986.0
CIT,combined,2023-08-22,057642,LIVE CATTLE - CHICAGO MERCANTILE EXCHANGE,comm,52947.0,192706.0,380986.0
CIT,combined,2023-08-22,057642,LIVE CATTLE - CHICAGO MERCANTILE EXCHANGE,noncomm,91239.0,17957.0,380986.0
CIT,combined,2023-08-22,057642,LIVE CATTLE - CHICAGO MERCANTILE EXCHANGE,nonrept,32120.0,48470.0,380986.0
CIT,combined,2023-08-22,073732,COCOA - ICE FUTURES U.S.,cit,59102.0,34408.0,401849.0
CIT,combined,2023-08-22,073732,COCOA - ICE FUTURES U.S.,comm,115933.0,194006.0,401849.0
CIT,combined,2023-08-22,073732,COCOA - ICE FUTURES U.S.,noncomm,91208.0,40856.0,401849.0
CIT,combined,2023-08-22,073732,COCOA - ICE FUTURES U.S.,nonrept,11512.0,8484.0,401849.0
CIT,combined,2023-08-22,080732,SUGAR NO. 11 - ICE FUTURES U.S.,cit,248492.0,70965.0,1164731.0
CIT,combined,2023-08-22,080732,SUGAR NO. 11 - ICE FUTURES U.S.,comm,412207.0,695041.0,1164731.0
CIT,combined,2023-08-22,080732,SUGAR NO. 11 - ICE FUTURES U.S.,noncomm,139167.0,64629.0,1164731.0
CIT,combined,2023-08-22,080732,SUGAR NO. 11 - ICE FUTURES U.S.,nonrept,83051.0,52282.0,1164731.0
CIT,combined,2023-08-22,083731,COFFEE C - ICE FUTURES U.S.,cit,65092.0,18927.0,215020.0
CIT,combined,2023-08-22,083731,COFFEE C - ICE FUTURES U.S.,comm,62090.0,77861.0,215020.0
CIT,combined,2023-08-22,083731,COFFEE C - ICE FUTURES U.S.,noncomm,24565.0,55883.0,215020.0
CIT,combined,2023-08-22,083731,COFFEE C - ICE FUTURES U.S.,nonrept,9354.0,8430.0,215020.0
CIT,combined,2023-08-29,001602,WHEAT-SRW - CHICAGO BOARD OF TRADE,cit,134544.0,44300.0,423659.0
CIT,combined,2023-08-29,001602,WHEAT-SRW - CHICAGO BOARD OF TRADE,comm,78109.0,85137.0,423659.0
CIT,combined,2023-08-29,001602,WHEAT-SRW - CHICAGO BOARD OF TRADE,noncomm,42256.0,127264.0,423659.0
CIT,combined,2023-08-29,001602,WHEAT-SRW - CHICAGO BOARD OF TRADE,nonrept,40661.0,38868.0,423659.0
CIT,combined,2023-08-29,002602,CORN - CHICAGO BOARD OF TRADE,cit,378545.0,102170.0,1582086.0
CIT,combined,2023-08-29,002602,CORN - CHICAGO BOARD OF TRADE,comm,502750.0,592318.0,1582086.0
CIT,combined,2023-08-29,002602,CORN - CHICAGO BOARD OF TRADE,noncomm,125225.0,260526.0,1582086.0
CIT,combined,2023-08-29,002602,CORN - CHICAGO BOARD OF TRADE,nonrept,167004.0,218510.0,1582086.0
CIT,combined,2023-08-29,005602,SOYBEANS - CHICAGO BOARD OF TRADE,cit,188378.0,35832.0,856057.0
CIT,combined,2023-08-29,005602,SOYBEANS - CHICAGO BOARD OF TRADE,comm,285121.0,471895.0,856057.0
CIT,combined,2023-08-29,005602,SOYBEANS - CHICAGO BOARD OF TRADE,noncomm,107555.0,53606.0,856057.0
CIT,combined,2023-08-29,005602,SOYBEANS - CHICAGO BOARD OF TRADE,nonrept,56932.0,76653.0,856057.0
CIT,combined,2023-08-29,057642,LIVE CATTLE - CHICAGO MERCANTILE EXCHANGE,cit,104070.0,20627.0,391959.0
CIT,combined,2023-08-29,057642,LIVE CATTLE - CHICAGO MERCANTILE EXCHANGE,comm,52067.0,198958.0,391959.0
CIT,combined,2023-08-29,057642,LIVE CATTLE - CHICAGO MERCANTILE EXCHANGE,noncomm,96976.0,16735.0,391959.0
CIT,combined,2023-08-29,057642,LIVE CATTLE - CHICAGO MERCANTILE EXCHANGE,nonrept,32135.0,48928.0,391959.0
CIT,combined,2023-08-29,073732,COCOA - ICE FUTURES U.S.,cit,60758.0,33752.0,431329.0
CIT,combined,2023-08-29,073732,COCOA - ICE FUTURES U.S.,comm,117104.0,207248.0,431329.0
CIT,combined,2023-08-29,073732,COCOA - ICE FUTURES U.S.,noncomm,95759.0,35966.0,431329.0
CIT,combined,2023-08-29,073732,COCOA - ICE FUTURES U.S.,nonrept,12384.0,9038.0,431329.0
CIT,combined,2023-08-29,080732,SUGAR NO. 11 - ICE FUTURES U.S.,cit,247655.0,76748.0,1201103.0
CIT,combined,2023-08-29,080732,SUGAR NO. 11 - ICE FUTURES U.S.,comm,397415.0,722943.0,1201103.0
CIT,combined,2023-08-29,080732,SUGAR NO. 11 - ICE FUTURES U.S.,noncomm,169539.0,65569.0,1201103.0
CIT,combined,2023-08-29,080732,SUGAR NO. 11 - ICE FUTURES U.S.,nonrept,94665.0,44015.0,1201103.0
CIT,combined,2023-08-29,083731,COFFEE C - ICE FUTURES U.S.,cit,64801.0,20166.0,216812.0
CIT,combined,2023-08-29,083731,COFFEE C - ICE FUTURES U.S.,comm,61770.0,79495.0,216812.0
CIT,combined,2023-08-29,083731,COFFEE C - ICE FUTURES U.S.,noncomm,28495.0,56385.0,216812.0
CIT,combined,2023-08-29,083731,COFFEE C - ICE FUTURES U.S.,nonrept,9105.0,8124.0,216812.0
CIT,combined,2023-09-05,001602,WHEAT-SRW - CHICAGO BOARD OF TRADE,cit,130514.0,46436.0,446632.0
CIT,combined,2023-09-05,001602,WHEAT-SRW - CHICAGO BOARD OF TRADE,comm,82430.0,90536.0,446632.0
CIT,combined,2023-09-05,001602,WHEAT-SRW - CHICAGO BOARD OF TRADE,noncomm,48923.0,129219.0,446632.0
CIT,combined,2023-09-05,001602,WHEAT-SRW - CHICAGO BOARD OF TRADE,nonrept,41074.0,36750.0,446632.0
CIT,combined,2023-09-05,002602,CORN - CHICAGO BOARD OF TRADE,cit,363337.0,104458.0,1604578.0
CIT,combined,2023-09-05,002602,CORN - CHICAGO BOARD OF TRADE,comm,507964.0,586303.0,1604578.0
CIT,combined,2023-09-05,002602,CORN - CHICAGO BOARD OF TRADE,noncomm,135252.0,277476.0,1604578.0
CIT,combined,2023-09-05,002602,CORN - CHICAGO BOARD OF TRADE,nonrept,170837.0,209154.0,1604578.0
CIT,combined,2023-09-05,005602,SOYBEANS - CHICAGO BOARD OF TRADE,cit,187719.0,36741.0,875032.0
CIT,combined,2023-09-05,005602,SOYBEANS - CHICAGO BOARD OF TRADE,comm,292925.0,470171.0,875032.0
CIT,combined,2023-09-05,005602,SOYBEANS - CHICAGO BOARD OF TRADE,noncomm,104476.0,57628.0,875032.0
CIT,combined,2023-09-05,005602,SOYBEANS - CHICAGO BOARD OF TRADE,nonrept,56561.0,77139.0,875032.0
CIT,combined,2023-09-05,057642,LIVE CATTLE - CHICAGO MERCANTILE EXCHANGE,cit,101638.0,20272.0,391688.0
CIT,combined,2023-09-05,057642,LIVE CATTLE - CHICAGO MERCANTILE EXCHANGE,comm,53332.0,197437.0,391688.0
CIT,combined,2023-09-05,057642,LIVE CATTLE - CHICAGO MERCANTILE EXCHANGE,noncomm,97291.0,18279.0,391688.0
CIT,combined,2023-09-05,057642,LIVE CATTLE - CHICAGO MERCANTILE EXCHANGE,nonrept,32818.0,49090.0,391688.0
CIT,combined,2023-09-05,073732,COCOA - ICE FUTURES U.S.,cit,60665.0,33396.0,434680.0
CIT,combined,2023-09-05,073732,COCOA - ICE FUTURES U.S.,comm,112974.0,206942.0,434680.0
CIT,combined,2023-09-05,073732,COCOA - ICE FUTURES U.S.,noncomm,99779.0,36985.0,434680.0
CIT,combined,2023-09-05,073732,COCOA - ICE FUTURES U.S.,nonrept,13369.0,9465.0,434680.0
CIT,combined,2023-09-05,080732,SUGAR NO. 11 - ICE FUTURES U.S.,cit,249299.0,79609.0,1251132.0
CIT,combined,2023-09-05,080732,SUGAR NO. 11 - ICE FUTURES U.S.,comm,401293.0,758678.0,1251132.0
CIT,combined,2023-09-05,080732,SUGAR NO. 11 - ICE FUTURES U.S.,noncomm,198634.0,65849.0,1251132.0
CIT,combined,2023-09-05,080732,SUGAR NO. 11 - ICE FUTURES U.S.,nonrept,103088.0,48179.0,1251132.0
CIT,combined,2023-09-05,083731,COFFEE C - ICE FUTURES U.S.,cit,64007.0,20731.0,221533.0
CIT,combined,2023-09-05,083731,COFFEE C - ICE FUTURES U.S.,comm,63127.0,81444.0,221533.0
CIT,combined,2023-09-05,083731,COFFEE C - ICE FUTURES U.S.,noncomm,30050.0,55919.0,221533.0
CIT,combined,2023-09-05,083731,COFFEE C - ICE FUTURES U.S.,nonrept,9073.0,8164.0,221533.0
CIT,combined,2023-09-12,001602,WHEAT-SRW - CHICAGO BOARD OF TRADE,cit,130222.0,52552.0,469203.0
CIT,combined,2023-09-12,001602,WHEAT-SRW - CHICAGO BOARD OF TRADE,comm,89832.0,86748.0,469203.0
CIT,combined,2023-09-12,001602,WHEAT-SRW - CHICAGO BOARD OF TRADE,noncomm,49772.0,135961.0,469203.0
CIT,combined,2023-09-12,001602,WHEAT-SRW - CHICAGO BOARD OF TRADE,nonrept,43553.0,38119.0,469203.0
CIT,combined,2023-09-12,002602,CORN - CHICAGO BOARD OF TRADE,cit,365532.0,106431.0,1665919.0
CIT,combined,2023-09-12,002602,CORN - CHICAGO BOARD OF TRADE,comm,537634.0,573805.0,1665919.0
CIT,combined,2023-09-12,002602,CORN - CHICAGO BOARD OF TRADE,noncomm,121824.0,307877.0,1665919.0
CIT,combined,2023-09-12,002602,CORN - CHICAGO BOARD OF TRADE,nonrept,177351.0,214228.0,1665919.0
CIT,combined,2023-09-12,005602,SOYBEANS - CHICAGO BOARD OF TRADE,cit,189160.0,39967.0,905855.0
CIT,combined,2023-09-12,005602,SOYBEANS - CHICAGO BOARD OF TRADE,comm,299332.0,470225.0,905855.0
CIT,combined,2023-09-12,005602,SOYBEANS - CHICAGO BOARD OF TRADE,noncomm,102491.0,61794.0,905855.0
CIT,combined,2023-09-12,005602,SOYBEANS - CHICAGO BOARD OF TRADE,nonrept,57431.0,76427.0,905855.0
CIT,combined,2023-09-12,057642,LIVE CATTLE - CHICAGO MERCANTILE EXCHANGE,cit,104342.0,19380.0,405254.0
CIT,combined,2023-09-12,057642,LIVE CATTLE - CHICAGO MERCANTILE EXCHANGE,comm,55264.0,203540.0,405254.0
CIT,combined,2023-09-12,057642,LIVE CATTLE - CHICAGO MERCANTILE EXCHANGE,noncomm,105171.0,20545.0,405254.0
CIT,combined,2023-09-12,057642,LIVE CATTLE - CHICAGO MERCANTILE EXCHANGE,nonrept,32318.0,53630.0,405254.0
CIT,combined,2023-09-12,073732,COCOA - ICE FUTURES U.S.,cit,63869.0,25401.0,443495.0
CIT,combined,2023-09-12,073732,COCOA - ICE FUTURES U.S.,comm,108741.0,214458.0,443495.0
CIT,combined,2023-09-12,073732,COCOA - ICE FUTURES U.S.,noncomm,101323.0,37855.0,443495.0
CIT,combined,2023-09-12,073732,COCOA - ICE FUTURES U.S.,nonrept,13352.0,9571.0,443495.0
CIT,combined,2023-09-12,080732,SUGAR NO. 11 - ICE FUTURES U.S.,cit,252565.0,82117.0,1287476.0
CIT,combined,2023-09-12,080732,SUGAR NO. 11 - ICE FUTURES U.S.,comm,430531.0,793244.0,1287476.0
CIT,combined,2023-09-12,080732,SUGAR NO. 11 - ICE FUTURES U.S.,noncomm,205598.0,67382.0,1287476.0
CIT,combined,2023-09-12,080732,SUGAR NO. 11 - ICE FUTURES U.S.,nonrept,103405.0,49356.0,1287476.0
CIT,combined,2023-09-12,083731,COFFEE C - ICE FUTURES U.S.,cit,65756.0,21263.0,225986.0
CIT,combined,2023-09-12,083731,COFFEE C - ICE FUTURES U.S.,comm,62776.0,83222.0,225986.0
CIT,combined,2023-09-12,083731,COFFEE C - ICE FUTURES U.S.,noncomm,30817.0,55851.0,225986.0
CIT,combined,2023-09-12,083731,COFFEE C - ICE FUTURES U.S.,nonrept,9935.0,8948.0,225986.0
CIT,combined,2023-09-19,001602,WHEAT-SRW - CHICAGO BOARD OF TRADE,cit,128053.0,62126.0,482449.0
CIT,combined,2023-09-19,001602,WHEAT-SRW - CHICAGO BOARD OF TRADE,comm,91516.0,80891.0,482449.0
CIT,combined,2023-09-19,001602,WHEAT-SRW - CHICAGO BOARD OF TRADE,noncomm,56784.0,142626.0,482449.0
CIT,combined,2023-09-19,001602,WHEAT-SRW - CHICAGO BOARD OF TRADE,nonrept,46653.0,37363.0,482449.0
CIT,combined,2023-09-19,002602,CORN - CHICAGO BOARD OF TRADE,cit,359094.0,110401.0,1676086.0
CIT,combined,2023-09-19,002602,CORN - CHICAGO BOARD OF TRADE,comm,554361.0,564720.0,1676086.0
CIT,combined,2023-09-19,002602,CORN - CHICAGO BOARD OF TRADE,noncomm,124298.0,324009.0,1676086.0
CIT,combined,2023-09-19,002602,CORN - CHICAGO BOARD OF TRADE,nonrept,174656.0,213279.0,1676086.0
CIT,combined,2023-09-19,005602,SOYBEANS - CHICAGO BOARD OF TRADE,cit,186241.0,43982.0,955446.0
CIT,combined,2023-09-19,005602,SOYBEANS - CHICAGO BOARD OF TRADE,comm,328638.0,469090.0,955446.0
CIT,combined,2023-09-19,005602,SOYBEANS - CHICAGO BOARD OF TRADE,noncomm,85453.0,64276.0,955446.0
CIT,combined,2023-09-19,005602,SOYBEANS - CHICAGO BOARD OF TRADE,nonrept,55221.0,78204.0,955446.0
CIT,combined,2023-09-19,057642,LIVE CATTLE - CHICAGO MERCANTILE EXCHANGE,cit,110714.0,21728.0,415207.0
CIT,combined,2023-09-19,057642,LIVE CATTLE - CHICAGO MERCANTILE EXCHANGE,comm,53103.0,209170.0,415207.0
CIT,combined,2023-09-19,057642,LIVE CATTLE - CHICAGO MERCANTILE EXCHANGE,noncomm,111453.0,20806.0,415207.0
CIT,combined,2023-09-19,057642,LIVE CATTLE - CHICAGO MERCANTILE EXCHANGE,nonrept,33177.0,56743.0,415207.0
CIT,combined,2023-09-19,073732,COCOA - ICE FUTURES U.S.,cit,60637.0,22688.0,440791.0
CIT,combined,2023-09-19,073732,COCOA - ICE FUTURES U.S.,comm,110069.0,214351.0,440791.0
CIT,combined,2023-09-19,073732,COCOA - ICE FUTURES U.S.,noncomm,99391.0,36298.0,440791.0
CIT,combined,2023-09-19,073732,COCOA - ICE FUTURES U.S.,nonrept,13196.0,9956.0,440791.0
CIT,combined,2023-09-19,080732,SUGAR NO. 11 - ICE FUTURES U.S.,cit,246418.0,58709.0,1176429.0
CIT,combined,2023-09-19,080732,SUGAR NO. 11 - ICE FUTURES U.S.,comm,371373.0,757752.0,1176429.0
CIT,combined,2023-09-19,080732,SUGAR NO. 11 - ICE FUTURES U.S.,noncomm,214678.0,67301.0,1176429.0
CIT,combined,2023-09-19,080732,SUGAR NO. 11 - ICE FUTURES U.S.,nonrept,103958.0,52665.0,1176429.0
CIT,combined,2023-09-19,083731,COFFEE C - ICE FUTURES U.S.,cit,64944.0,17569.0,222211.0
CIT,combined,2023-09-19,083731,COFFEE C - ICE FUTURES U.S.,comm,57083.0,89829.0,222211.0
CIT,combined,2023-09-19,083731,COFFEE C - ICE FUTURES U.S.,noncomm,32421.0,48046.0,222211.0
CIT,combined,2023-09-19,083731,COFFEE C - ICE FUTURES U.S.,nonrept,10139.0,9141.0,222211.0
CIT,combined,2023-09-26,001602,WHEAT-SRW - CHICAGO BOARD OF TRADE,cit,129212.0,64066.0,486763.0
CIT,combined,2023-09-26,001602,WHEAT-SRW - CHICAGO BOARD OF TRADE,comm,95312.0,80995.0,486763.0
CIT,combined,2023-09-26,001602,WHEAT-SRW - CHICAGO BOARD OF TRADE,noncomm,58328.0,145160.0,486763.0
CIT,combined,2023-09-26,001602,WHEAT-SRW - CHICAGO BOARD OF TRADE,nonrept,44741.0,37374.0,486763.0
CIT,combined,2023-09-26,002602,CORN - CHICAGO BOARD OF TRADE,cit,358891.0,112213.0,1691972.0
CIT,combined,2023-09-26,002602,CORN - CHICAGO BOARD OF TRADE,comm,581502.0,576099.0,1691972.0
CIT,combined,2023-09-26,002602,CORN - CHICAGO BOARD OF TRADE,noncomm,126619.0,344548.0,1691972.0
CIT,combined,2023-09-26,002602,CORN - CHICAGO BOARD OF TRADE,nonrept,177169.0,211320.0,1691972.0
CIT,combined,2023-09-26,005602,SOYBEANS - CHICAGO BOARD OF TRADE,cit,178535.0,48263.0,946573.0
CIT,combined,2023-09-26,005602,SOYBEANS - CHICAGO BOARD OF TRADE,comm,334159.0,456016.0,946573.0
CIT,combined,2023-09-26,005602,SOYBEANS - CHICAGO BOARD OF TRADE,noncomm,73781.0,64281.0,946573.0
CIT,combined,2023-09-26,005602,SOYBEANS - CHICAGO BOARD OF TRADE,nonrept,59767.0,77682.0,946573.0
CIT,combined,2023-09-26,057642,LIVE CATTLE - CHICAGO MERCANTILE EXCHANGE,cit,110670.0,21489.0,415833.0
CIT,combined,2023-09-26,057642,LIVE CATTLE - CHICAGO MERCANTILE EXCHANGE,comm,52758.0,204238.0,415833.0
CIT,combined,2023-09-26,057642,LIVE CATTLE - CHICAGO MERCANTILE EXCHANGE,noncomm,109033.0,22244.0,415833.0
CIT,combined,2023-09-26,057642,LIVE CATTLE - CHICAGO MERCANTILE EXCHANGE,nonrept,30573.0,55064.0,415833.0
CIT,combined,2023-09-26,073732,COCOA - ICE FUTURES U.S.,cit,56660.0,20973.0,431863.0
CIT,combined,2023-09-26,073732,COCOA - ICE FUTURES U.S.,comm,117114.0,207258.0,431863.0
CIT,combined,2023-09-26,073732,COCOA - ICE FUTURES U.S.,noncomm,91771.0,40049.0,431863.0
CIT,combined,2023-09-26,073732,COCOA - ICE FUTURES U.S.,nonrept,13182.0,10448.0,431863.0
CIT,combined,2023-09-26,080732,SUGAR NO. 11 - ICE FUTURES U.S.,cit,246746.0,58771.0,1114272.0
CIT,combined,2023-09-26,080732,SUGAR NO. 11 - ICE FUTURES U.S.,comm,332521.0,707525.0,1114272.0
CIT,combined,2023-09-26,080732,SUGAR NO. 11 - ICE FUTURES U.S.,noncomm,210350.0,65342.0,1114272.0
CIT,combined,2023-09-26,080732,SUGAR NO. 11 - ICE FUTURES U.S.,nonrept,93786.0,51765.0,1114272.0
CIT,combined,2023-09-26,083731,COFFEE C - ICE FUTURES U.S.,cit,63663.0,20140.0,224510.0
CIT,combined,2023-09-26,083731,COFFEE C - ICE FUTURES U.S.,comm,60128.0,87767.0,224510.0
CIT,combined,2023-09-26,083731,COFFEE C - ICE FUTURES U.S.,noncomm,32103.0,48403.0,224510.0
CIT,combined,2023-09-26,083731,COFFEE C - ICE FUTURES U.S.,nonrept,9846.0,9429.0,224510.0
CIT,combined,2023-10-03,001602,WHEAT-SRW - CHICAGO BOARD OF TRADE,cit,132577.0,67928.0,510243.0
CIT,combined,2023-10-03,001602,WHEAT-SRW - CHICAGO BOARD OF TRADE,comm,100156.0,82620.0,510243.0
CIT,combined,2023-10-03,001602,WHEAT-SRW - CHICAGO BOARD OF TRADE,noncomm,59098.0,146674.0,510243.0
CIT,combined,2023-10-03,001602,WHEAT-SRW - CHICAGO BOARD OF TRADE,nonrept,42846.0,37455.0,510243.0
CIT,combined,2023-10-03,002602,CORN - CHICAGO BOARD OF TRADE,cit,361929.0,107164.0,1724511.0
CIT,combined,2023-10-03,002602,CORN - CHICAGO BOARD OF TRADE,comm,579007.0,592026.0,1724511.0
CIT,combined,2023-10-03,002602,CORN - CHICAGO BOARD OF TRADE,noncomm,131169.0,342907.0,1724511.0
CIT,combined,2023-10-03,002602,CORN - CHICAGO BOARD OF TRADE,nonrept,184931.0,214938.0,1724511.0
CIT,combined,2023-10-03,005602,SOYBEANS - CHICAGO BOARD OF TRADE,cit,185153.0,53492.0,994381.0
CIT,combined,2023-10-03,005602,SOYBEANS - CHICAGO BOARD OF TRADE,comm,357531.0,449113.0,994381.0
CIT,combined,2023-10-03,005602,SOYBEANS - CHICAGO BOARD OF TRADE,noncomm,60483.0,80879.0,994381.0
CIT,combined,2023-10-03,005602,SOYBEANS - CHICAGO BOARD OF TRADE,nonrept,60564.0,80247.0,994381.0
CIT,combined,2023-10-03,057642,LIVE CATTLE - CHICAGO MERCANTILE EXCHANGE,cit,104840.0,17954.0,399821.0
CIT,combined,2023-10-03,057642,LIVE CATTLE - CHICAGO MERCANTILE EXCHANGE,comm,57928.0,202850.0,399821.0
CIT,combined,2023-10-03,057642,LIVE CATTLE - CHICAGO MERCANTILE EXCHANGE,noncomm,98363.0,18790.0,399821.0
CIT,combined,2023-10-03,057642,LIVE CATTLE - CHICAGO MERCANTILE EXCHANGE,nonrept,30285.0,51822.0,399821.0
CIT,combined,2023-10-03,073732,COCOA - ICE FUTURES U.S.,cit,54846.0,20022.0,419539.0
CIT,combined,2023-10-03,073732,COCOA - ICE FUTURES U.S.,comm,120688.0,200764.0,419539.0
CIT,combined,2023-10-03,073732,COCOA - ICE FUTURES U.S.,noncomm,78715.0,36331.0,419539.0
CIT,combined,2023-10-03,073732,COCOA - ICE FUTURES U.S.,nonrept,13110.0,10243.0,419539.0
CIT,combined,2023-10-03,080732,SUGAR NO. 11 - ICE FUTURES U.S.,cit,239938.0,59920.0,1031047.0
CIT,combined,2023-10-03,080732,SUGAR NO. 11 - ICE FUTURES U.S.,comm,272882.0,617864.0,1031047.0
CIT,combined,2023-10-03,080732,SUGAR NO. 11 - ICE FUTURES U.S.,noncomm,193395.0,66426.0,1031047.0
CIT,combined,2023-10-03,080732,SUGAR NO. 11 - ICE FUTURES U.S.,nonrept,90844.0,52849.0,1031047.0
CIT,combined,2023-10-03,083731,COFFEE C - ICE FUTURES U.S.,cit,64667.0,21066.0,241419.0
CIT,combined,2023-10-03,083731,COFFEE C - ICE FUTURES U.S.,comm,68375.0,90753.0,241419.0
CIT,combined,2023-10-03,083731,COFFEE C - ICE FUTURES U.S.,noncomm,32323.0,54733.0,241419.0
CIT,combined,2023-10-03,083731,COFFEE C - ICE FUTURES U.S.,nonrept,10721.0,9535.0,241419.0
CIT,combined,2023-10-10,001602,WHEAT-SRW - CHICAGO BOARD OF TRADE,cit,132363.0,69830.0,509031.0
CIT,combined,2023-10-10,001602,WHEAT-SRW - CHICAGO BOARD OF TRADE,comm,103526.0,77822.0,509031.0
CIT,combined,2023-10-10,001602,WHEAT-SRW - CHICAGO BOARD OF TRADE,noncomm,53635.0,148384.0,509031.0
CIT,combined,2023-10-10,001602,WHEAT-SRW - CHICAGO BOARD OF TRADE,nonrept,43208.0,36696.0,509031.0
CIT,combined,2023-10-10,002602,CORN - CHICAGO BOARD OF TRADE,cit,351623.0,103661.0,1734458.0
CIT,combined,2023-10-10,002602,CORN - CHICAGO BOARD OF TRADE,comm,560753.0,614254.0,1734458.0
CIT,combined,2023-10-10,002602,CORN - CHICAGO BOARD OF TRADE,noncomm,148300.0,315141.0,1734458.0
CIT,combined,2023-10-10,002602,CORN - CHICAGO BOARD OF TRADE,nonrept,187925.0,215545.0,1734458.0
CIT,combined,2023-10-10,005602,SOYBEANS - CHICAGO BOARD OF TRADE,cit,185596.0,57782.0,1021295.0
CIT,combined,2023-10-10,005602,SOYBEANS - CHICAGO BOARD OF TRADE,comm,370875.0,462725.0,1021295.0
CIT,combined,2023-10-10,005602,SOYBEANS - CHICAGO BOARD OF TRADE,noncomm,61075.0,81447.0,1021295.0
CIT,combined,2023-10-10,005602,SOYBEANS - CHICAGO BOARD OF TRADE,nonrept,64021.0,79613.0,1021295.0
CIT,combined,2023-10-10,057642,LIVE CATTLE - CHICAGO MERCANTILE EXCHANGE,cit,100243.0,16764.0,366669.0
CIT,combined,2023-10-10,057642,LIVE CATTLE - CHICAGO MERCANTILE EXCHANGE,comm,59565.0,198299.0,366669.0
CIT,combined,2023-10-10,057642,LIVE CATTLE - CHICAGO MERCANTILE EXCHANGE,noncomm,90924.0,18046.0,366669.0
CIT,combined,2023-10-10,057642,LIVE CATTLE - CHICAGO MERCANTILE EXCHANGE,nonrept,31957.0,49581.0,366669.0
CIT,combined,2023-10-10,073732,COCOA - ICE FUTURES U.S.,cit,52307.0,18917.0,415245.0
CIT,combined,2023-10-10,073732,COCOA - ICE FUTURES U.S.,comm,121507.0,200331.0,415245.0
CIT,combined,2023-10-10,073732,COCOA - ICE FUTURES U.S.,noncomm,76140.0,34090.0,415245.0
CIT,combined,2023-10-10,073732,COCOA - ICE FUTURES U.S.,nonrept,13517.0,10133.0,415245.0
CIT,combined,2023-10-10,080732,SUGAR NO. 11 - ICE FUTURES U.S.,cit,241498.0,63191.0,1060182.0
CIT,combined,2023-10-10,080732,SUGAR NO. 11 - ICE FUTURES U.S.,comm,281402.0,635300.0,1060182.0
CIT,combined,2023-10-10,080732,SUGAR NO. 11 - ICE FUTURES U.S.,noncomm,200588.0,67259.0,1060182.0
CIT,combined,2023-10-10,080732,SUGAR NO. 11 - ICE FUTURES U.S.,nonrept,93546.0,51285.0,1060182.0
CIT,combined,2023-10-10,083731,COFFEE C - ICE FUTURES U.S.,cit,64071.0,21122.0,249064.0
CIT,combined,2023-10-10,083731,COFFEE C - ICE FUTURES U.S.,comm,73951.0,93893.0,249064.0
CIT,combined,2023-10-10,083731,COFFEE C - ICE FUTURES U.S.,noncomm,31312.0,55718.0,249064.0
CIT,combined,2023-10-10,083731,COFFEE C - ICE FUTURES U.S.,nonrept,11853.0,10453.0,249064.0
CIT,combined,2023-10-17,001602,WHEAT-SRW - CHICAGO BOARD OF TRADE,cit,130809.0,72171.0,515825.0
CIT,combined,2023-10-17,001602,WHEAT-SRW - CHICAGO BOARD OF TRADE,comm,108021.0,81004.0,515825.0
CIT,combined,2023-10-17,001602,WHEAT-SRW - CHICAGO BOARD OF TRADE,noncomm,55173.0,147029.0,515825.0
CIT,combined,2023-10-17,001602,WHEAT-SRW - CHICAGO BOARD OF TRADE,nonrept,43053.0,36852.0,515825.0
CIT,combined,2023-10-17,002602,CORN - CHICAGO BOARD OF TRADE,cit,351284.0,106660.0,1737540.0
CIT,combined,2023-10-17,002602,CORN - CHICAGO BOARD OF TRADE,comm,560740.0,608435.0,1737540.0
CIT,combined,2023-10-17,002602,CORN - CHICAGO BOARD OF TRADE,noncomm,144950.0,313514.0,1737540.0
CIT,combined,2023-10-17,002602,CORN - CHICAGO BOARD OF TRADE,nonrept,187527.0,215891.0,1737540.0
CIT,combined,2023-10-17,005602,SOYBEANS - CHICAGO BOARD OF TRADE,cit,183078.0,57422.0,1037359.0
CIT,combined,2023-10-17,005602,SOYBEANS - CHICAGO BOARD OF TRADE,comm,396562.0,487949.0,1037359.0
CIT,combined,2023-10-17,005602,SOYBEANS - CHICAGO BOARD OF TRADE,noncomm,63764.0,83789.0,1037359.0
CIT,combined,2023-10-17,005602,SOYBEANS - CHICAGO BOARD OF TRADE,nonrept,66794.0,81039.0,1037359.0
CIT,combined,2023-10-17,057642,LIVE CATTLE - CHICAGO MERCANTILE EXCHANGE,cit,99244.0,17066.0,368987.0
CIT,combined,2023-10-17,057642,LIVE CATTLE - CHICAGO MERCANTILE EXCHANGE,comm,60117.0,196978.0,368987.0
CIT,combined,2023-10-17,057642,LIVE CATTLE - CHICAGO MERCANTILE EXCHANGE,noncomm,87763.0,17275.0,368987.0
CIT,combined,2023-10-17,057642,LIVE CATTLE - CHICAGO MERCANTILE EXCHANGE,nonrept,32876.0,48680.0,368987.0
CIT,combined,2023-10-17,073732,COCOA - ICE FUTURES U.S.,cit,52888.0,18861.0,428707.0
CIT,combined,2023-10-17,073732,COCOA - ICE FUTURES U.S.,comm,118482.0,203874.0,428707.0
CIT,combined,2023-10-17,073732,COCOA - ICE FUTURES U.S.,noncomm,81028.0,33488.0,428707.0
CIT,combined,2023-10-17,073732,COCOA - ICE FUTURES U.S.,nonrept,13958.0,10133.0,428707.0
CIT,combined,2023-10-17,080732,SUGAR NO. 11 - ICE FUTURES U.S.,cit,239926.0,64136.0,1086989.0
CIT,combined,2023-10-17,080732,SUGAR NO. 11 - ICE FUTURES U.S.,comm,289646.0,652620.0,1086989.0
CIT,combined,2023-10-17,080732,SUGAR NO. 11 - ICE FUTURES U.S.,noncomm,204357.0,67861.0,1086989.0
CIT,combined,2023-10-17,080732,SUGAR NO. 11 - ICE FUTURES U.S.,nonrept,99778.0,49091.0,1086989.0
CIT,combined,2023-10-17,083731,COFFEE C - ICE FUTURES U.S.,cit,64394.0,17717.0,246233.0
CIT,combined,2023-10-17,083731,COFFEE C - ICE FUTURES U.S.,comm,69426.0,101528.0,246233.0
CIT,combined,2023-10-17,083731,COFFEE C - ICE FUTURES U.S.,noncomm,33499.0,49280.0,246233.0
CIT,combined,2023-10-17,083731,COFFEE C - ICE FUTURES U.S.,nonrept,11615.0,10408.0,246233.0
CIT,combined,2023-10-24,001602,WHEAT-SRW - CHICAGO BOARD OF TRADE,cit,132865.0,71131.0,520213.0
CIT,combined,2023-10-24,001602,WHEAT-SRW - CHICAGO BOARD OF TRADE,comm,103555.0,86252.0,520213.0
CIT,combined,2023-10-24,001602,WHEAT-SRW - CHICAGO BOARD OF TRADE,noncomm,59205.0,143484.0,520213.0
CIT,combined,2023-10-24,001602,WHEAT-SRW - CHICAGO BOARD OF TRADE,nonrept,42140.0,36899.0,520213.0
CIT,combined,2023-10-24,002602,CORN - CHICAGO BOARD OF TRADE,cit,350923.0,109117.0,1788615.0
CIT,combined,2023-10-24,002602,CORN - CHICAGO BOARD OF TRADE,comm,568026.0,623732.0,1788615.0
CIT,combined,2023-10-24,002602,CORN - CHICAGO BOARD OF TRADE,noncomm,147695.0,296312.0,1788615.0
CIT,combined,2023-10-24,002602,CORN - CHICAGO BOARD OF TRADE,nonrept,183975.0,221458.0,1788615.0
CIT,combined,2023-10-24,005602,SOYBEANS - CHICAGO BOARD OF TRADE,cit,183500.0,57890.0,1005083.0
CIT,combined,2023-10-24,005602,SOYBEANS - CHICAGO BOARD OF TRADE,comm,386471.0,493814.0,1005083.0
CIT,combined,2023-10-24,005602,SOYBEANS - CHICAGO BOARD OF TRADE,noncomm,65190.0,72138.0,1005083.0
CIT,combined,2023-10-24,005602,SOYBEANS - CHICAGO BOARD OF TRADE,nonrept,66366.0,77686.0,1005083.0
CIT,combined,2023-10-24,057642,LIVE CATTLE - CHICAGO MERCANTILE EXCHANGE,cit,96407.0,18620.0,380340.0
CIT,combined,2023-10-24,057642,LIVE CATTLE - CHICAGO MERCANTILE EXCHANGE,comm,74120.0,188376.0,380340.0
CIT,combined,2023-10-24,057642,LIVE CATTLE - CHICAGO MERCANTILE EXCHANGE,noncomm,70915.0,19971.0,380340.0
CIT,combined,2023-10-24,057642,LIVE CATTLE - CHICAGO MERCANTILE EXCHANGE,nonrept,32349.0,46825.0,380340.0
CIT,combined,2023-10-24,073732,COCOA - ICE FUTURES U.S.,cit,56522.0,19733.0,466832.0
CIT,combined,2023-10-24,073732,COCOA - ICE FUTURES U.S.,comm,121997.0,212233.0,466832.0
CIT,combined,2023-10-24,073732,COCOA - ICE FUTURES U.S.,noncomm,88692.0,37933.0,466832.0
CIT,combined,2023-10-24,073732,COCOA - ICE FUTURES U.S.,nonrept,15245.0,12557.0,466832.0
CIT,combined,2023-10-24,080732,SUGAR NO. 11 - ICE FUTURES U.S.,cit,242373.0,65590.0,1106342.0
CIT,combined,2023-10-24,080732,SUGAR NO. 11 - ICE FUTURES U.S.,comm,298756.0,653669.0,1106342.0
CIT,combined,2023-10-24,080732,SUGAR NO. 11 - ICE FUTURES U.S.,noncomm,203359.0,72800.0,1106342.0
CIT,combined,2023-10-24,080732,SUGAR NO. 11 - ICE FUTURES U.S.,nonrept,98754.0,51181.0,1106342.0
CIT,combined,2023-10-24,083731,COFFEE C - ICE FUTURES U.S.,cit,63558.0,10194.0,237322.0
CIT,combined,2023-10-24,083731,COFFEE C - ICE FUTURES U.S.,comm,60705.0,111567.0,237322.0
CIT,combined,2023-10-24,083731,COFFEE C - ICE FUTURES U.S.,noncomm,31275.0,33427.0,237322.0
CIT,combined,2023-10-24,083731,COFFEE C - ICE FUTURES U.S.,nonrept,10727.0,11077.0,237322.0
CIT,combined,2023-10-31,001602,WHEAT-SRW - CHICAGO BOARD OF TRADE,cit,136738.0,70631.0,534771.0
CIT,combined,2023-10-31,001602,WHEAT-SRW - CHICAGO BOARD OF TRADE,comm,103001.0,79882.0,534771.0
CIT,combined,2023-10-31,001602,WHEAT-SRW - CHICAGO BOARD OF TRADE,noncomm,60655.0,153418.0,534771.0
CIT,combined,2023-10-31,001602,WHEAT-SRW - CHICAGO BOARD OF TRADE,nonrept,40875.0,37338.0,534771.0
CIT,combined,2023-10-31,002602,CORN - CHICAGO BOARD OF TRADE,cit,354975.0,117545.0,1775914.0
CIT,combined,2023-10-31,002602,CORN - CHICAGO BOARD OF TRADE,comm,567582.0,592312.0,1775914.0
CIT,combined,2023-10-31,002602,CORN - CHICAGO BOARD OF TRADE,noncomm,138230.0,320607.0,1775914.0
CIT,combined,2023-10-31,002602,CORN - CHICAGO BOARD OF TRADE,nonrept,187293.0,217617.0,1775914.0
CIT,combined,2023-10-31,005602,SOYBEANS - CHICAGO BOARD OF TRADE,cit,168535.0,44402.0,813932.0
CIT,combined,2023-10-31,005602,SOYBEANS - CHICAGO BOARD OF TRADE,comm,309270.0,427858.0,813932.0
CIT,combined,2023-10-31,005602,SOYBEANS - CHICAGO BOARD OF TRADE,noncomm,70086.0,62252.0,813932.0
CIT,combined,2023-10-31,005602,SOYBEANS - CHICAGO BOARD OF TRADE,nonrept,57306.0,70684.0,813932.0
CIT,combined,2023-10-31,057642,LIVE CATTLE - CHICAGO MERCANTILE EXCHANGE,cit,96572.0,18234.0,374775.0
CIT,combined,2023-10-31,057642,LIVE CATTLE - CHICAGO MERCANTILE EXCHANGE,comm,72243.0,182828.0,374775.0
CIT,combined,2023-10-31,057642,LIVE CATTLE - CHICAGO MERCANTILE EXCHANGE,noncomm,64035.0,19922.0,374775.0
CIT,combined,2023-10-31,057642,LIVE CATTLE - CHICAGO MERCANTILE EXCHANGE,nonrept,33091.0,44958.0,374775.0
CIT,combined,2023-10-31,073732,COCOA - ICE FUTURES U.S.,cit,55727.0,17875.0,465679.0
CIT,combined,2023-10-31,073732,COCOA - ICE FUTURES U.S.,comm,122960.0,205015.0,465679.0
CIT,combined,2023-10-31,073732,COCOA - ICE FUTURES U.S.,noncomm,85718.0,43874.0,465679.0
CIT,combined,2023-10-31,073732,COCOA - ICE FUTURES U.S.,nonrept,14894.0,12535.0,465679.0
CIT,combined,2023-10-31,080732,SUGAR NO. 11 - ICE FUTURES U.S.,cit,247554.0,69030.0,1112667.0
CIT,combined,2023-10-31,080732,SUGAR NO. 11 - ICE FUTURES U.S.,comm,307411.0,646350.0,1112667.0
CIT,combined,2023-10-31,080732,SUGAR NO. 11 - ICE FUTURES U.S.,noncomm,188051.0,73071.0,1112667.0
CIT,combined,2023-10-31,080732,SUGAR NO. 11 - ICE FUTURES U.S.,nonrept,92490.0,47054.0,1112667.0
CIT,combined,2023-10-31,083731,COFFEE C - ICE FUTURES U.S.,cit,64985.0,10162.0,241991.0
CIT,combined,2023-10-31,083731,COFFEE C - ICE FUTURES U.S.,comm,58923.0,115429.0,241991.0
CIT,combined,2023-10-31,083731,COFFEE C - ICE FUTURES U.S.,noncomm,30930.0,28603.0,241991.0
CIT,combined,2023-10-31,083731,COFFEE C - ICE FUTURES U.S.,nonrept,10053.0,10696.0,241991.0
CIT,combined,2023-11-07,001602,WHEAT-SRW - CHICAGO BOARD OF TRADE,cit,133200.0,64005.0,525972.0
CIT,combined,2023-11-07,001602,WHEAT-SRW - CHICAGO BOARD OF TRADE,comm,90697.0,77511.0,525972.0
CIT,combined,2023-11-07,001602,WHEAT-SRW - CHICAGO BOARD OF TRADE,noncomm,70456.0,154209.0,525972.0
CIT,combined,2023-11-07,001602,WHEAT-SRW - CHICAGO BOARD OF TRADE,nonrept,39737.0,38366.0,525972.0
CIT,combined,2023-11-07,002602,CORN - CHICAGO BOARD OF TRADE,cit,351272.0,123078.0,1830388.0
CIT,combined,2023-11-07,002602,CORN - CHICAGO BOARD OF TRADE,comm,589726.0,595029.0,1830388.0
CIT,combined,2023-11-07,002602,CORN - CHICAGO BOARD OF TRADE,noncomm,125961.0,321575.0,1830388.0
CIT,combined,2023-11-07,002602,CORN - CHICAGO BOARD OF TRADE,nonrept,194087.0,221364.0,1830388.0
CIT,combined,2023-11-07,005602,SOYBEANS - CHICAGO BOARD OF TRADE,cit,182648.0,38174.0,845550.0
CIT,combined,2023-11-07,005602,SOYBEANS - CHICAGO BOARD OF TRADE,comm,286469.0,457842.0,845550.0
CIT,combined,2023-11-07,005602,SOYBEANS - CHICAGO BOARD OF TRADE,noncomm,96671.0,56890.0,845550.0
CIT,combined,2023-11-07,005602,SOYBEANS - CHICAGO BOARD OF TRADE,nonrept,60962.0,73844.0,845550.0
CIT,combined,2023-11-07,057642,LIVE CATTLE - CHICAGO MERCANTILE EXCHANGE,cit,96118.0,18348.0,393282.0
CIT,combined,2023-11-07,057642,LIVE CATTLE - CHICAGO MERCANTILE EXCHANGE,comm,80600.0,190392.0,393282.0
CIT,combined,2023-11-07,057642,LIVE CATTLE - CHICAGO MERCANTILE EXCHANGE,noncomm,64886.0,20107.0,393282.0
CIT,combined,2023-11-07,057642,LIVE CATTLE - CHICAGO MERCANTILE EXCHANGE,nonrept,36108.0,48864.0,393282.0
CIT,combined,2023-11-07,073732,COCOA - ICE FUTURES U.S.,cit,53892.0,17625.0,420974.0
CIT,combined,2023-11-07,073732,COCOA - ICE FUTURES U.S.,comm,105646.0,191394.0,420974.0
CIT,combined,2023-11-07,073732,COCOA - ICE FUTURES U.S.,noncomm,90405.0,43795.0,420974.0
CIT,combined,2023-11-07,073732,COCOA - ICE FUTURES U.S.,nonrept,15882.0,13011.0,420974.0
CIT,combined,2023-11-07,080732,SUGAR NO. 11 - ICE FUTURES U.S.,cit,243258.0,70618.0,1137008.0
CIT,combined,2023-11-07,080732,SUGAR NO. 11 - ICE FUTURES U.S.,comm,303174.0,664516.0,1137008.0
CIT,combined,2023-11-07,080732,SUGAR NO. 11 - ICE FUTURES U.S.,noncomm,207468.0,71809.0,1137008.0
CIT,combined,2023-11-07,080732,SUGAR NO. 11 - ICE FUTURES U.S.,nonrept,99884.0,46841.0,1137008.0
CIT,combined,2023-11-07,083731,COFFEE C - ICE FUTURES U.S.,cit,65220.0,9631.0,243786.0
CIT,combined,2023-11-07,083731,COFFEE C - ICE FUTURES U.S.,comm,60327.0,121188.0,243786.0
CIT,combined,2023-11-07,083731,COFFEE C - ICE FUTURES U.S.,noncomm,30517.0,24689.0,243786.0
CIT,combined,2023-11-07,083731,COFFEE C - ICE FUTURES U.S.,nonrept,11191.0,11745.0,243786.0
CIT,combined,2023-11-14,001602,WHEAT-SRW - CHICAGO BOARD OF TRADE,cit,136779.0,61947.0,514218.0
CIT,combined,2023-11-14,001602,WHEAT-SRW - CHICAGO BOARD OF TRADE,comm,89147.0,79048.0,514218.0
CIT,combined,2023-11-14,001602,WHEAT-SRW - CHICAGO BOARD OF TRADE,noncomm,63999.0,151486.0,514218.0
CIT,combined,2023-11-14,001602,WHEAT-SRW - CHICAGO BOARD OF TRADE,nonrept,40097.0,37540.0,514218.0
CIT,combined,2023-11-14,002602,CORN - CHICAGO BOARD OF TRADE,cit,353355.0,123216.0,1837197.0
CIT,combined,2023-11-14,002602,CORN - CHICAGO BOARD OF TRADE,comm,591691.0,602447.0,1837197.0
CIT,combined,2023-11-14,002602,CORN - CHICAGO BOARD OF TRADE,noncomm,125917.0,322629.0,1837197.0
CIT,combined,2023-11-14,002602,CORN - CHICAGO BOARD OF TRADE,nonrept,201904.0,224575.0,1837197.0
CIT,combined,2023-11-14,005602,SOYBEANS - CHICAGO BOARD OF TRADE,cit,186399.0,40360.0,878980.0
CIT,combined,2023-11-14,005602,SOYBEANS - CHICAGO BOARD OF TRADE,comm,287486.0,478221.0,878980.0
CIT,combined,2023-11-14,005602,SOYBEANS - CHICAGO BOARD OF TRADE,noncomm,111330.0,52253.0,878980.0
CIT,combined,2023-11-14,005602,SOYBEANS - CHICAGO BOARD OF TRADE,nonrept,63647.0,78027.0,878980.0
CIT,combined,2023-11-14,057642,LIVE CATTLE - CHICAGO MERCANTILE EXCHANGE,cit,95839.0,18806.0,392912.0
CIT,combined,2023-11-14,057642,LIVE CATTLE - CHICAGO MERCANTILE EXCHANGE,comm,85522.0,184852.0,392912.0
CIT,combined,2023-11-14,057642,LIVE CATTLE - CHICAGO MERCANTILE EXCHANGE,noncomm,49204.0,17649.0,392912.0
CIT,combined,2023-11-14,057642,LIVE CATTLE - CHICAGO MERCANTILE EXCHANGE,nonrept,37271.0,46528.0,392912.0
CIT,combined,2023-11-14,073732,COCOA - ICE FUTURES U.S.,cit,50919.0,18114.0,416317.0
CIT,combined,2023-11-14,073732,COCOA - ICE FUTURES U.S.,comm,103623.0,190667.0,416317.0
CIT,combined,2023-11-14,073732,COCOA - ICE FUTURES U.S.,noncomm,95488.0,43374.0,416317.0
CIT,combined,2023-11-14,073732,COCOA - ICE FUTURES U.S.,nonrept,14069.0,11945.0,416317.0
CIT,combined,2023-11-14,080732,SUGAR NO. 11 - ICE FUTURES U.S.,cit,226692.0,73982.0,1114866.0
CIT,combined,2023-11-14,080732,SUGAR NO. 11 - ICE FUTURES U.S.,comm,314718.0,658014.0,1114866.0
CIT,combined,2023-11-14,080732,SUGAR NO. 11 - ICE FUTURES U.S.,noncomm,199986.0,61287.0,1114866.0
CIT,combined,2023-11-14,080732,SUGAR NO. 11 - ICE FUTURES U.S.,nonrept,96651.0,44764.0,1114866.0
CIT,combined,2023-11-14,083731,COFFEE C - ICE FUTURES U.S.,cit,62912.0,6126.0,217417.0
CIT,combined,2023-11-14,083731,COFFEE C - ICE FUTURES U.S.,comm,48891.0,117558.0,217417.0
CIT,combined,2023-11-14,083731,COFFEE C - ICE FUTURES U.S.,noncomm,36705.0,25498.0,217417.0
CIT,combined,2023-11-14,083731,COFFEE C - ICE FUTURES U.S.,nonrept,11366.0,10693.0,217417.0
CIT,combined,2023-11-21,001602,WHEAT-SRW - CHICAGO BOARD OF TRADE,cit,138212.0,66548.0,521351.0
CIT,combined,2023-11-21,001602,WHEAT-SRW - CHICAGO BOARD OF TRADE,comm,101454.0,74215.0,521351.0
CIT,combined,2023-11-21,001602,WHEAT-SRW - CHICAGO BOARD OF TRADE,noncomm,65568.0,168385.0,521351.0
CIT,combined,2023-11-21,001602,WHEAT-SRW - CHICAGO BOARD OF TRADE,nonrept,42073.0,38159.0,521351.0
CIT,combined,2023-11-21,002602,CORN - CHICAGO BOARD OF TRADE,cit,363049.0,128864.0,1809415.0
CIT,combined,2023-11-21,002602,CORN - CHICAGO BOARD OF TRADE,comm,580478.0,581574.0,1809415.0
CIT,combined,2023-11-21,002602,CORN - CHICAGO BOARD OF TRADE,noncomm,125133.0,336411.0,1809415.0
CIT,combined,2023-11-21,002602,CORN - CHICAGO BOARD OF TRADE,nonrept,199241.0,221052.0,1809415.0
CIT,combined,2023-11-21,005602,SOYBEANS - CHICAGO BOARD OF TRADE,cit,187686.0,40400.0,891751.0
CIT,combined,2023-11-21,005602,SOYBEANS - CHICAGO BOARD OF TRADE,comm,293234.0,474854.0,891751.0
CIT,combined,2023-11-21,005602,SOYBEANS - CHICAGO BOARD OF TRADE,noncomm,107715.0,55686.0,891751.0
CIT,combined,2023-11-21,005602,SOYBEANS - CHICAGO BOARD OF TRADE,nonrept,61815.0,79510.0,891751.0
CIT,combined,2023-11-21,057642,LIVE CATTLE - CHICAGO MERCANTILE EXCHANGE,cit,95924.0,19582.0,397649.0
CIT,combined,2023-11-21,057642,LIVE CATTLE - CHICAGO MERCANTILE EXCHANGE,comm,92347.0,190646.0,397649.0
CIT,combined,2023-11-21,057642,LIVE CATTLE - CHICAGO MERCANTILE EXCHANGE,noncomm,47463.0,17293.0,397649.0
CIT,combined,2023-11-21,057642,LIVE CATTLE - CHICAGO MERCANTILE EXCHANGE,nonrept,39948.0,48160.0,397649.0
CIT,combined,2023-11-21,073732,COCOA - ICE FUTURES U.S.,cit,49193.0,17780.0,402379.0
CIT,combined,2023-11-21,073732,COCOA - ICE FUTURES U.S.,comm,90583.0,176285.0,402379.0
CIT,combined,2023-11-21,073732,COCOA - ICE FUTURES U.S.,noncomm,95583.0,43688.0,402379.0
CIT,combined,2023-11-21,073732,COCOA - ICE FUTURES U.S.,nonrept,15533.0,13139.0,402379.0
CIT,combined,2023-11-21,080732,SUGAR NO. 11 - ICE FUTURES U.S.,cit,227427.0,76334.0,1133077.0
CIT,combined,2023-11-21,080732,SUGAR NO. 11 - ICE FUTURES U.S.,comm,328533.0,667315.0,1133077.0
CIT,combined,2023-11-21,080732,SUGAR NO. 11 - ICE FUTURES U.S.,noncomm,199804.0,58166.0,1133077.0
CIT,combined,2023-11-21,080732,SUGAR NO. 11 - ICE FUTURES U.S.,nonrept,95248.0,49197.0,1133077.0
CIT,combined,2023-11-21,083731,COFFEE C - ICE FUTURES U.S.,cit,63501.0,7204.0,220392.0
CIT,combined,2023-11-21,083731,COFFEE C - ICE FUTURES U.S.,comm,42831.0,112996.0,220392.0
CIT,combined,2023-11-21,083731,COFFEE C - ICE FUTURES U.S.,noncomm,40478.0,27979.0,220392.0
CIT,combined,2023-11-21,083731,COFFEE C - ICE FUTURES U.S.,nonrept,10345.0,8977.0,220392.0
CIT,combined,2023-11-28,001602,WHEAT-SRW - CHICAGO BOARD OF TRADE,cit,135553.0,63384.0,459107.0
CIT,combined,2023-11-28,001602,WHEAT-SRW - CHICAGO BOARD OF TRADE,comm,104089.0,60356.0,459107.0
CIT,combined,2023-11-28,001602,WHEAT-SRW - CHICAGO BOARD OF TRADE,noncomm,60268.0,176415.0,459107.0
CIT,combined,2023-11-28,001602,WHEAT-SRW - CHICAGO BOARD OF TRADE,nonrept,37766.0,37522.0,459107.0
CIT,combined,2023-11-28,002602,CORN - CHICAGO BOARD OF TRADE,cit,329741.0,105885.0,1524237.0
CIT,combined,2023-11-28,002602,CORN - CHICAGO BOARD OF TRADE,comm,496675.0,474503.0,1524237.0
CIT,combined,2023-11-28,002602,CORN - CHICAGO BOARD OF TRADE,noncomm,128488.0,352989.0,1524237.0
CIT,combined,2023-11-28,002602,CORN - CHICAGO BOARD OF TRADE,nonrept,186158.0,207684.0,1524237.0
CIT,combined,2023-11-28,005602,SOYBEANS - CHICAGO BOARD OF TRADE,cit,179070.0,37300.0,865163.0
CIT,combined,2023-11-28,005602,SOYBEANS - CHICAGO BOARD OF TRADE,comm,299011.0,456409.0,865163.0
CIT,combined,2023-11-28,005602,SOYBEANS - CHICAGO BOARD OF TRADE,noncomm,100279.0,65530.0,865163.0
CIT,combined,2023-11-28,005602,SOYBEANS - CHICAGO BOARD OF TRADE,nonrept,61198.0,80317.0,865163.0
CIT,combined,2023-11-28,057642,LIVE CATTLE - CHICAGO MERCANTILE EXCHANGE,cit,94577.0,20371.0,397778.0
CIT,combined,2023-11-28,057642,LIVE CATTLE - CHICAGO MERCANTILE EXCHANGE,comm,93714.0,189059.0,397778.0
CIT,combined,2023-11-28,057642,LIVE CATTLE - CHICAGO MERCANTILE EXCHANGE,noncomm,48189.0,18091.0,397778.0
CIT,combined,2023-11-28,057642,LIVE CATTLE - CHICAGO MERCANTILE EXCHANGE,nonrept,38510.0,47470.0,397778.0
CIT,combined,2023-11-28,073732,COCOA - ICE FUTURES U.S.,cit,48410.0,16600.0,418391.0
CIT,combined,2023-11-28,073732,COCOA - ICE FUTURES U.S.,comm,97682.0,182262.0,418391.0
CIT,combined,2023-11-28,073732,COCOA - ICE FUTURES U.S.,noncomm,97479.0,46488.0,418391.0
CIT,combined,2023-11-28,073732,COCOA - ICE FUTURES U.S.,nonrept,14941.0,13162.0,418391.0
CIT,combined,2023-11-28,080732,SUGAR NO. 11 - ICE FUTURES U.S.,cit,227589.0,77483.0,1129500.0
CIT,combined,2023-11-28,080732,SUGAR NO. 11 - ICE FUTURES U.S.,comm,340944.0,657316.0,1129500.0
CIT,combined,2023-11-28,080732,SUGAR NO. 11 - ICE FUTURES U.S.,noncomm,182784.0,61055.0,1129500.0
CIT,combined,2023-11-28,080732,SUGAR NO. 11 - ICE FUTURES U.S.,nonrept,95413.0,50876.0,1129500.0
CIT,combined,2023-11-28,083731,COFFEE C - ICE FUTURES U.S.,cit,63494.0,8099.0,228056.0
CIT,combined,2023-11-28,083731,COFFEE C - ICE FUTURES U.S.,comm,43344.0,113738.0,228056.0
CIT,combined,2023-11-28,083731,COFFEE C - ICE FUTURES U.S.,noncomm,42751.0,29301.0,228056.0
CIT,combined,2023-11-28,083731,COFFEE C - ICE FUTURES U.S.,nonrept,11436.0,9888.0,228056.0
CIT,combined,2023-12-05,001602,WHEAT-SRW - CHICAGO BOARD OF TRADE,cit,141877.0,61399.0,468937.0
CIT,combined,2023-12-05,001602,WHEAT-SRW - CHICAGO BOARD OF TRADE,comm,105617.0,85100.0,468937.0
CIT,combined,2023-12-05,001602,WHEAT-SRW - CHICAGO BOARD OF TRADE,noncomm,61634.0,158136.0,468937.0
CIT,combined,2023-12-05,001602,WHEAT-SRW - CHICAGO BOARD OF TRADE,nonrept,33218.0,37709.0,468937.0
CIT,combined,2023-12-05,002602,CORN - CHICAGO BOARD OF TRADE,cit,332454.0,109077.0,1505781.0
CIT,combined,2023-12-05,002602,CORN - CHICAGO BOARD OF TRADE,comm,463601.0,483591.0,1505781.0
CIT,combined,2023-12-05,002602,CORN - CHICAGO BOARD OF TRADE,noncomm,146200.0,325257.0,1505781.0
CIT,combined,2023-12-05,002602,CORN - CHICAGO BOARD OF TRADE,nonrept,176602.0,200932.0,1505781.0
CIT,combined,2023-12-05,005602,SOYBEANS - CHICAGO BOARD OF TRADE,cit,177054.0,40443.0,846078.0
CIT,combined,2023-12-05,005602,SOYBEANS - CHICAGO BOARD OF TRADE,comm,302826.0,428361.0,846078.0
CIT,combined,2023-12-05,005602,SOYBEANS - CHICAGO BOARD OF TRADE,noncomm,81934.0,75619.0,846078.0
CIT,combined,2023-12-05,005602,SOYBEANS - CHICAGO BOARD OF TRADE,nonrept,62098.0,79489.0,846078.0
CIT,combined,2023-12-05,057642,LIVE CATTLE - CHICAGO MERCANTILE EXCHANGE,cit,93140.0,16906.0,366918.0
CIT,combined,2023-12-05,057642,LIVE CATTLE - CHICAGO MERCANTILE EXCHANGE,comm,90138.0,178804.0,366918.0
CIT,combined,2023-12-05,057642,LIVE CATTLE - CHICAGO MERCANTILE EXCHANGE,noncomm,41447.0,19285.0,366918.0
CIT,combined,2023-12-05,057642,LIVE CATTLE - CHICAGO MERCANTILE EXCHANGE,nonrept,38853.0,48583.0,366918.0
CIT,combined,2023-12-05,073732,COCOA - ICE FUTURES U.S.,cit,45140.0,17627.0,406152.0
CIT,combined,2023-12-05,073732,COCOA - ICE FUTURES U.S.,comm,98932.0,176984.0,406152.0
CIT,combined,2023-12-05,073732,COCOA - ICE FUTURES U.S.,noncomm,92730.0,45022.0,406152.0
CIT,combined,2023-12-05,073732,COCOA - ICE FUTURES U.S.,nonrept,16203.0,13370.0,406152.0
CIT,combined,2023-12-05,080732,SUGAR NO. 11 - ICE FUTURES U.S.,cit,226338.0,77189.0,1110702.0
CIT,combined,2023-12-05,080732,SUGAR NO. 11 - ICE FUTURES U.S.,comm,385521.0,637447.0,1110702.0
CIT,combined,2023-12-05,080732,SUGAR NO. 11 - ICE FUTURES U.S.,noncomm,139800.0,60701.0,1110702.0
CIT,combined,2023-12-05,080732,SUGAR NO. 11 - ICE FUTURES U.S.,nonrept,82075.0,58397.0,1110702.0
CIT,combined,2023-12-05,083731,COFFEE C - ICE FUTURES U.S.,cit,68914.0,8694.0,251225.0
CIT,combined,2023-12-05,083731,COFFEE C - ICE FUTURES U.S.,comm,46927.0,124899.0,251225.0
CIT,combined,2023-12-05,083731,COFFEE C - ICE FUTURES U.S.,noncomm,44265.0,27783.0,251225.0
CIT,combined,2023-12-05,083731,COFFEE C - ICE FUTURES U.S.,nonrept,12149.0,10880.0,251225.0
CIT,combined,2023-12-12,001602,WHEAT-SRW - CHICAGO BOARD OF TRADE,cit,136899.0,52071.0,409905.0
CIT,combined,2023-12-12,001602,WHEAT-SRW - CHICAGO BOARD OF TRADE,comm,79494.0,83428.0,409905.0
CIT,combined,2023-12-12,001602,WHEAT-SRW - CHICAGO BOARD OF TRADE,noncomm,47814.0,121241.0,409905.0
CIT,combined,2023-12-12,001602,WHEAT-SRW - CHICAGO BOARD OF TRADE,nonrept,31092.0,38559.0,409905.0
CIT,combined,2023-12-12,002602,CORN - CHICAGO BOARD OF TRADE,cit,334457.0,113142.0,1504457.0
CIT,combined,2023-12-12,002602,CORN - CHICAGO BOARD OF TRADE,comm,459873.0,486019.0,1504457.0
CIT,combined,2023-12-12,002602,CORN - CHICAGO BOARD OF TRADE,noncomm,148411.0,313809.0,1504457.0
CIT,combined,2023-12-12,002602,CORN - CHICAGO BOARD OF TRADE,nonrept,170684.0,200455.0,1504457.0
CIT,combined,2023-12-12,005602,SOYBEANS - CHICAGO BOARD OF TRADE,cit,173169.0,42116.0,849842.0
CIT,combined,2023-12-12,005602,SOYBEANS - CHICAGO BOARD OF TRADE,comm,292945.0,409646.0,849842.0
CIT,combined,2023-12-12,005602,SOYBEANS - CHICAGO BOARD OF TRADE,noncomm,73752.0,71214.0,849842.0
CIT,combined,2023-12-12,005602,SOYBEANS - CHICAGO BOARD OF TRADE,nonrept,61465.0,78354.0,849842.0
CIT,combined,2023-12-12,057642,LIVE CATTLE - CHICAGO MERCANTILE EXCHANGE,cit,95197.0,17852.0,370538.0
CIT,combined,2023-12-12,057642,LIVE CATTLE - CHICAGO MERCANTILE EXCHANGE,comm,89603.0,173346.0,370538.0
CIT,combined,2023-12-12,057642,LIVE CATTLE - CHICAGO MERCANTILE EXCHANGE,noncomm,39124.0,23369.0,370538.0
CIT,combined,2023-12-12,057642,LIVE CATTLE - CHICAGO MERCANTILE EXCHANGE,nonrept,37996.0,47353.0,370538.0
CIT,combined,2023-12-12,073732,COCOA - ICE FUTURES U.S.,cit,44285.0,16170.0,424305.0
CIT,combined,2023-12-12,073732,COCOA - ICE FUTURES U.S.,comm,107386.0,185219.0,424305.0
CIT,combined,2023-12-12,073732,COCOA - ICE FUTURES U.S.,noncomm,88849.0,42239.0,424305.0
CIT,combined,2023-12-12,073732,COCOA - ICE FUTURES U.S.,nonrept,16509.0,13402.0,424305.0
CIT,combined,2023-12-12,080732,SUGAR NO. 11 - ICE FUTURES U.S.,cit,206595.0,71065.0,1066781.0
CIT,combined,2023-12-12,080732,SUGAR NO. 11 - ICE FUTURES U.S.,comm,397461.0,583178.0,1066781.0
CIT,combined,2023-12-12,080732,SUGAR NO. 11 - ICE FUTURES U.S.,noncomm,88719.0,61645.0,1066781.0
CIT,combined,2023-12-12,080732,SUGAR NO. 11 - ICE FUTURES U.S.,nonrept,79883.0,56770.0,1066781.0
CIT,combined,2023-12-12,083731,COFFEE C - ICE FUTURES U.S.,cit,69868.0,8829.0,246884.0
CIT,combined,2023-12-12,083731,COFFEE C - ICE FUTURES U.S.,comm,47961.0,127394.0,246884.0
CIT,combined,2023-12-12,083731,COFFEE C - ICE FUTURES U.S.,noncomm,43204.0,25936.0,246884.0
CIT,combined,2023-12-12,083731,COFFEE C - ICE FUTURES U.S.,nonrept,11861.0,10736.0,246884.0
CIT,combined,2023-12-19,001602,WHEAT-SRW - CHICAGO BOARD OF TRADE,cit,139260.0,54790.0,412241.0
CIT,combined,2023-12-19,001602,WHEAT-SRW - CHICAGO BOARD OF TRADE,comm,78785.0,88524.0,412241.0
CIT,combined,2023-12-19,001602,WHEAT-SRW - CHICAGO BOARD OF TRADE,noncomm,40682.0,110149.0,412241.0
CIT,combined,2023-12-19,001602,WHEAT-SRW - CHICAGO BOARD OF TRADE,nonrept,33929.0,39192.0,412241.0
CIT,combined,2023-12-19,002602,CORN - CHICAGO BOARD OF TRADE,cit,332602.0,120740.0,1541649.0
CIT,combined,2023-12-19,002602,CORN - CHICAGO BOARD OF TRADE,comm,464848.0,466247.0,1541649.0
CIT,combined,2023-12-19,002602,CORN - CHICAGO BOARD OF TRADE,noncomm,152823.0,340213.0,1541649.0
CIT,combined,2023-12-19,002602,CORN - CHICAGO BOARD OF TRADE,nonrept,194110.0,217182.0,1541649.0
CIT,combined,2023-12-19,005602,SOYBEANS - CHICAGO BOARD OF TRADE,cit,172053.0,45386.0,827119.0
CIT,combined,2023-12-19,005602,SOYBEANS - CHICAGO BOARD OF TRADE,comm,293034.0,391987.0,827119.0
CIT,combined,2023-12-19,005602,SOYBEANS - CHICAGO BOARD OF TRADE,noncomm,65078.0,80024.0,827119.0
CIT,combined,2023-12-19,005602,SOYBEANS - CHICAGO BOARD OF TRADE,nonrept,76049.0,88817.0,827119.0
CIT,combined,2023-12-19,057642,LIVE CATTLE - CHICAGO MERCANTILE EXCHANGE,cit,95954.0,19039.0,373829.0
CIT,combined,2023-12-19,057642,LIVE CATTLE - CHICAGO MERCANTILE EXCHANGE,comm,92686.0,172025.0,373829.0
CIT,combined,2023-12-19,057642,LIVE CATTLE - CHICAGO MERCANTILE EXCHANGE,noncomm,35361.0,24969.0,373829.0
CIT,combined,2023-12-19,057642,LIVE CATTLE - CHICAGO MERCANTILE EXCHANGE,nonrept,38879.0,46848.0,373829.0
CIT,combined,2023-12-19,073732,COCOA - ICE FUTURES U.S.,cit,43293.0,14770.0,432306.0
CIT,combined,2023-12-19,073732,COCOA - ICE FUTURES U.S.,comm,105048.0,183335.0,432306.0
CIT,combined,2023-12-19,073732,COCOA - ICE FUTURES U.S.,noncomm,89876.0,41310.0,432306.0
CIT,combined,2023-12-19,073732,COCOA - ICE FUTURES U.S.,nonrept,15809.0,14611.0,432306.0
CIT,combined,2023-12-19,080732,SUGAR NO. 11 - ICE FUTURES U.S.,cit,211159.0,74189.0,1043522.0
CIT,combined,2023-12-19,080732,SUGAR NO. 11 - ICE FUTURES U.S.,comm,395512.0,564968.0,1043522.0
CIT,combined,2023-12-19,080732,SUGAR NO. 11 - ICE FUTURES U.S.,noncomm,78264.0,68397.0,1043522.0
CIT,combined,2023-12-19,080732,SUGAR NO. 11 - ICE FUTURES U.S.,nonrept,80027.0,57408.0,1043522.0
CIT,combined,2023-12-19,083731,COFFEE C - ICE FUTURES U.S.,cit,73714.0,8434.0,270652.0
CIT,combined,2023-12-19,083731,COFFEE C - ICE FUTURES U.S.,comm,51791.0,142573.0,270652.0
CIT,combined,2023-12-19,083731,COFFEE C - ICE FUTURES U.S.,noncomm,48749.0,24945.0,270652.0
CIT,combined,2023-12-19,083731,COFFEE C - ICE FUTURES U.S.,nonrept,12388.0,10689.0,270652.0
CIT,combined,2023-12-26,001602,WHEAT-SRW - CHICAGO BOARD OF TRADE,cit,139517.0,54132.0,412546.0
CIT,combined,2023-12-26,001602,WHEAT-SRW - CHICAGO BOARD OF TRADE,comm,75848.0,90564.0,412546.0
CIT,combined,2023-12-26,001602,WHEAT-SRW - CHICAGO BOARD OF TRADE,noncomm,43490.0,107950.0,412546.0
CIT,combined,2023-12-26,001602,WHEAT-SRW - CHICAGO BOARD OF TRADE,nonrept,31165.0,37374.0,412546.0
CIT,combined,2023-12-26,002602,CORN - CHICAGO BOARD OF TRADE,cit,332896.0,121657.0,1533323.0
CIT,combined,2023-12-26,002602,CORN - CHICAGO BOARD OF TRADE,comm,466217.0,468216.0,1533323.0
CIT,combined,2023-12-26,002602,CORN - CHICAGO BOARD OF TRADE,noncomm,154152.0,338050.0,1533323.0
CIT,combined,2023-12-26,002602,CORN - CHICAGO BOARD OF TRADE,nonrept,179344.0,204686.0,1533323.0
CIT,combined,2023-12-26,005602,SOYBEANS - CHICAGO BOARD OF TRADE,cit,162654.0,36978.0,752705.0
CIT,combined,2023-12-26,005602,SOYBEANS - CHICAGO BOARD OF TRADE,comm,270814.0,364194.0,752705.0
CIT,combined,2023-12-26,005602,SOYBEANS - CHICAGO BOARD OF TRADE,noncomm,62708.0,86561.0,752705.0
CIT,combined,2023-12-26,005602,SOYBEANS - CHICAGO BOARD OF TRADE,nonrept,64718.0,73161.0,752705.0
CIT,combined,2023-12-26,057642,LIVE CATTLE - CHICAGO MERCANTILE EXCHANGE,cit,93760.0,18229.0,374376.0
CIT,combined,2023-12-26,057642,LIVE CATTLE - CHICAGO MERCANTILE EXCHANGE,comm,93619.0,173260.0,374376.0
CIT,combined,2023-12-26,057642,LIVE CATTLE - CHICAGO MERCANTILE EXCHANGE,noncomm,36876.0,25909.0,374376.0
CIT,combined,2023-12-26,057642,LIVE CATTLE - CHICAGO MERCANTILE EXCHANGE,nonrept,39432.0,46289.0,374376.0
CIT,combined,2023-12-26,073732,COCOA - ICE FUTURES U.S.,cit,42895.0,14333.0,443406.0
CIT,combined,2023-12-26,073732,COCOA - ICE FUTURES U.S.,comm,109971.0,183220.0,443406.0
CIT,combined,2023-12-26,073732,COCOA - ICE FUTURES U.S.,noncomm,86868.0,43815.0,443406.0
CIT,combined,2023-12-26,073732,COCOA - ICE FUTURES U.S.,nonrept,15925.0,14291.0,443406.0
CIT,combined,2023-12-26,080732,SUGAR NO. 11 - ICE FUTURES U.S.,cit,215453.0,78292.0,1082449.0
CIT,combined,2023-12-26,080732,SUGAR NO. 11 - ICE FUTURES U.S.,comm,420309.0,577382.0,1082449.0
CIT,combined,2023-12-26,080732,SUGAR NO. 11 - ICE FUTURES U.S.,noncomm,75347.0,76654.0,1082449.0
CIT,combined,2023-12-26,080732,SUGAR NO. 11 - ICE FUTURES U.S.,nonrept,79989.0,58771.0,1082449.0
CIT,combined,2023-12-26,083731,COFFEE C - ICE FUTURES U.S.,cit,73661.0,8463.0,269951.0
CIT,combined,2023-12-26,083731,COFFEE C - ICE FUTURES U.S.,comm,52040.0,141194.0,269951.0
CIT,combined,2023-12-26,083731,COFFEE C - ICE FUTURES U.S.,noncomm,48079.0,25941.0,269951.0
CIT,combined,2023-12-26,083731,COFFEE C - ICE FUTURES U.S.,nonrept,11790.0,9971.0,269951.0
CIT,combined,2024-01-02,001602,WHEAT-SRW - CHICAGO BOARD OF TRADE,cit,137438.0,52887.0,416057.0
CIT,combined,2024-01-02,001602,WHEAT-SRW - CHICAGO BOARD OF TRADE,comm,78341.0,91876.0,416057.0
CIT,combined,2024-01-02,001602,WHEAT-SRW - CHICAGO BOARD OF TRADE,noncomm,49279.0,114193.0,416057.0
CIT,combined,2024-01-02,001602,WHEAT-SRW - CHICAGO BOARD OF TRADE,nonrept,29406.0,35508.0,416057.0
CIT,combined,2024-01-02,002602,CORN - CHICAGO BOARD OF TRADE,cit,346640.0,128672.0,1601347.0
CIT,combined,2024-01-02,002602,CORN - CHICAGO BOARD OF TRADE,comm,486083.0,465207.0,1601347.0
CIT,combined,2024-01-02,002602,CORN - CHICAGO BOARD OF TRADE,noncomm,147875.0,352190.0,1601347.0
CIT,combined,2024-01-02,002602,CORN - CHICAGO BOARD OF TRADE,nonrept,179413.0,213941.0,1601347.0
CIT,combined,2024-01-02,005602,SOYBEANS - CHICAGO BOARD OF TRADE,cit,163025.0,37741.0,789479.0
CIT,combined,2024-01-02,005602,SOYBEANS - CHICAGO BOARD OF TRADE,comm,286226.0,361247.0,789479.0
CIT,combined,2024-01-02,005602,SOYBEANS - CHICAGO BOARD OF TRADE,noncomm,64231.0,99885.0,789479.0
CIT,combined,2024-01-02,005602,SOYBEANS - CHICAGO BOARD OF TRADE,nonrept,56747.0,71356.0,789479.0
CIT,combined,2024-01-02,057642,LIVE CATTLE - CHICAGO MERCANTILE EXCHANGE,cit,93324.0,19693.0,378657.0
CIT,combined,2024-01-02,057642,LIVE CATTLE - CHICAGO MERCANTILE EXCHANGE,comm,91833.0,169717.0,378657.0
CIT,combined,2024-01-02,057642,LIVE CATTLE - CHICAGO MERCANTILE EXCHANGE,noncomm,39138.0,28474.0,378657.0
CIT,combined,2024-01-02,057642,LIVE CATTLE - CHICAGO MERCANTILE EXCHANGE,nonrept,38170.0,44581.0,378657.0
CIT,combined,2024-01-02,073732,COCOA - ICE FUTURES U.S.,cit,44021.0,15918.0,455299.0
CIT,combined,2024-01-02,073732,COCOA - ICE FUTURES U.S.,comm,113004.0,184219.0,455299.0
CIT,combined,2024-01-02,073732,COCOA - ICE FUTURES U.S.,noncomm,87167.0,44148.0,455299.0
CIT,combined,2024-01-02,073732,COCOA - ICE FUTURES U.S.,nonrept,15655.0,15562.0,455299.0
CIT,combined,2024-01-02,080732,SUGAR NO. 11 - ICE FUTURES U.S.,cit,218931.0,84671.0,1116902.0
CIT,combined,2024-01-02,080732,SUGAR NO. 11 - ICE FUTURES U.S.,comm,448243.0,599846.0,1116902.0
CIT,combined,2024-01-02,080732,SUGAR NO. 11 - ICE FUTURES U.S.,noncomm,75706.0,77171.0,1116902.0
CIT,combined,2024-01-02,080732,SUGAR NO. 11 - ICE FUTURES U.S.,nonrept,80343.0,61535.0,1116902.0
CIT,combined,2024-01-02,083731,COFFEE C - ICE FUTURES U.S.,cit,73322.0,9290.0,273788.0
CIT,combined,2024-01-02,083731,COFFEE C - ICE FUTURES U.S.,comm,53672.0,141528.0,273788.0
CIT,combined,2024-01-02,083731,COFFEE C - ICE FUTURES U.S.,noncomm,48768.0,26212.0,273788.0
CIT,combined,2024-01-02,083731,COFFEE C - ICE FUTURES U.S.,nonrept,10499.0,9231.0,273788.0
CIT,combined,2024-01-09,001602,WHEAT-SRW - CHICAGO BOARD OF TRADE,cit,139790.0,56062.0,427307.0
CIT,combined,2024-01-09,001602,WHEAT-SRW - CHICAGO BOARD OF TRADE,comm,77778.0,90342.0,427307.0
CIT,combined,2024-01-09,001602,WHEAT-SRW - CHICAGO BOARD OF TRADE,noncomm,50529.0,113480.0,427307.0
CIT,combined,2024-01-09,001602,WHEAT-SRW - CHICAGO BOARD OF TRADE,nonrept,31552.0,39765.0,427307.0
CIT,combined,2024-01-09,002602,CORN - CHICAGO BOARD OF TRADE,cit,369338.0,137858.0,1713898.0
CIT,combined,2024-01-09,002602,CORN - CHICAGO BOARD OF TRADE,comm,512167.0,487983.0,1713898.0
CIT,combined,2024-01-09,002602,CORN - CHICAGO BOARD OF TRADE,noncomm,147050.0,374458.0,1713898.0
CIT,combined,2024-01-09,002602,CORN - CHICAGO BOARD OF TRADE,nonrept,185973.0,214228.0,1713898.0
CIT,combined,2024-01-09,005602,SOYBEANS - CHICAGO BOARD OF TRADE,cit,166405.0,44825.0,833627.0
CIT,combined,2024-01-09,005602,SOYBEANS - CHICAGO BOARD OF TRADE,comm,303950.0,358749.0,833627.0
CIT,combined,2024-01-09,005602,SOYBEANS - CHICAGO BOARD OF TRADE,noncomm,62821.0,113557.0,833627.0
CIT,combined,2024-01-09,005602,SOYBEANS - CHICAGO BOARD OF TRADE,nonrept,58184.0,74229.0,833627.0
CIT,combined,2024-01-09,057642,LIVE CATTLE - CHICAGO MERCANTILE EXCHANGE,cit,88810.0,18991.0,374170.0
CIT,combined,2024-01-09,057642,LIVE CATTLE - CHICAGO MERCANTILE EXCHANGE,comm,97081.0,168379.0,374170.0
CIT,combined,2024-01-09,057642,LIVE CATTLE - CHICAGO MERCANTILE EXCHANGE,noncomm,38483.0,32368.0,374170.0
CIT,combined,2024-01-09,057642,LIVE CATTLE - CHICAGO MERCANTILE EXCHANGE,nonrept,40329.0,44965.0,374170.0
CIT,combined,2024-01-09,073732,COCOA - ICE FUTURES U.S.,cit,44245.0,17698.0,455103.0
CIT,combined,2024-01-09,073732,COCOA - ICE FUTURES U.S.,comm,119535.0,185603.0,455103.0
CIT,combined,2024-01-09,073732,COCOA - ICE FUTURES U.S.,noncomm,85060.0,43675.0,455103.0
CIT,combined,2024-01-09,073732,COCOA - ICE FUTURES U.S.,nonrept,16095.0,17960.0,455103.0
CIT,combined,2024-01-09,080732,SUGAR NO. 11 - ICE FUTURES U.S.,cit,221597.0,85389.0,1106520.0
CIT,combined,2024-01-09,080732,SUGAR NO. 11 - ICE FUTURES U.S.,comm,434894.0,576530.0,1106520.0
CIT,combined,2024-01-09,080732,SUGAR NO. 11 - ICE FUTURES U.S.,noncomm,69562.0,78301.0,1106520.0
CIT,combined,2024-01-09,080732,SUGAR NO. 11 - ICE FUTURES U.S.,nonrept,79798.0,65630.0,1106520.0
CIT,combined,2024-01-09,083731,COFFEE C - ICE FUTURES U.S.,cit,68241.0,9019.0,269546.0
CIT,combined,2024-01-09,083731,COFFEE C - ICE FUTURES U.S.,comm,54779.0,140982.0,269546.0
CIT,combined,2024-01-09,083731,COFFEE C - ICE FUTURES U.S.,noncomm,48350.0,23171.0,269546.0
CIT,combined,2024-01-09,083731,COFFEE C - ICE FUTURES U.S.,nonrept,10370.0,8569.0,269546.0
CIT,combined,2024-01-16,001602,WHEAT-SRW - CHICAGO BOARD OF TRADE,cit,145480.0,61526.0,458510.0
CIT,combined,2024-01-16,001602,WHEAT-SRW - CHICAGO BOARD OF TRADE,comm,87529.0,93087.0,458510.0
CIT,combined,2024-01-16,001602,WHEAT-SRW - CHICAGO BOARD OF TRADE,noncomm,54848.0,126795.0,458510.0
CIT,combined,2024-01-16,001602,WHEAT-SRW - CHICAGO BOARD OF TRADE,nonrept,32992.0,39442.0,458510.0
CIT,combined,2024-01-16,002602,CORN - CHICAGO BOARD OF TRADE,cit,402535.0,150776.0,1852331.0
CIT,combined,2024-01-16,002602,CORN - CHICAGO BOARD OF TRADE,comm,561004.0,508883.0,1852331.0
CIT,combined,2024-01-16,002602,CORN - CHICAGO BOARD OF TRADE,noncomm,136742.0,402542.0,1852331.0
CIT,combined,2024-01-16,002602,CORN - CHICAGO BOARD OF TRADE,nonrept,189829.0,227909.0,1852331.0
CIT,combined,2024-01-16,005602,SOYBEANS - CHICAGO BOARD OF TRADE,cit,173516.0,53991.0,874503.0
CIT,combined,2024-01-16,005602,SOYBEANS - CHICAGO BOARD OF TRADE,comm,331383.0,326572.0,874503.0
CIT,combined,2024-01-16,005602,SOYBEANS - CHICAGO BOARD OF TRADE,noncomm,46300.0,150827.0,874503.0
CIT,combined,2024-01-16,005602,SOYBEANS - CHICAGO BOARD OF TRADE,nonrept,55265.0,75075.0,874503.0
CIT,combined,2024-01-16,057642,LIVE CATTLE - CHICAGO MERCANTILE EXCHANGE,cit,89620.0,19738.0,375863.0
CIT,combined,2024-01-16,057642,LIVE CATTLE - CHICAGO MERCANTILE EXCHANGE,comm,97156.0,166852.0,375863.0
CIT,combined,2024-01-16,057642,LIVE CATTLE - CHICAGO MERCANTILE EXCHANGE,noncomm,38108.0,33888.0,375863.0
CIT,combined,2024-01-16,057642,LIVE CATTLE - CHICAGO MERCANTILE EXCHANGE,nonrept,40343.0,44749.0,375863.0
CIT,combined,2024-01-16,073732,COCOA - ICE FUTURES U.S.,cit,46161.0,18276.0,476440.0
CIT,combined,2024-01-16,073732,COCOA - ICE FUTURES U.S.,comm,117470.0,193028.0,476440.0
CIT,combined,2024-01-16,073732,COCOA - ICE FUTURES U.S.,noncomm,90829.0,44795.0,476440.0
CIT,combined,2024-01-16,073732,COCOA - ICE FUTURES U.S.,nonrept,17823.0,16184.0,476440.0
CIT,combined,2024-01-16,080732,SUGAR NO. 11 - ICE FUTURES U.S.,cit,217314.0,85318.0,1080547.0
CIT,combined,2024-01-16,080732,SUGAR NO. 11 - ICE FUTURES U.S.,comm,431132.0,575575.0,1080547.0
CIT,combined,2024-01-16,080732,SUGAR NO. 11 - ICE FUTURES U.S.,noncomm,67761.0,78369.0,1080547.0
CIT,combined,2024-01-16,080732,SUGAR NO. 11 - ICE FUTURES U.S.,nonrept,81680.0,58625.0,1080547.0
CIT,combined,2024-01-16,083731,COFFEE C - ICE FUTURES U.S.,cit,63878.0,9091.0,264296.0
CIT,combined,2024-01-16,083731,COFFEE C - ICE FUTURES U.S.,comm,54027.0,139476.0,264296.0
CIT,combined,2024-01-16,083731,COFFEE C - ICE FUTURES U.S.,noncomm,49136.0,19883.0,264296.0
CIT,combined,2024-01-16,083731,COFFEE C - ICE FUTURES U.S.,nonrept,10635.0,9226.0,264296.0
CIT,combined,2024-01-23,001602,WHEAT-SRW - CHICAGO BOARD OF TRADE,cit,144566.0,62622.0,467570.0
CIT,combined,2024-01-23,001602,WHEAT-SRW - CHICAGO BOARD OF TRADE,comm,84867.0,94249.0,467570.0
CIT,combined,2024-01-23,001602,WHEAT-SRW - CHICAGO BOARD OF TRADE,noncomm,54276.0,121442.0,467570.0
CIT,combined,2024-01-23,001602,WHEAT-SRW - CHICAGO BOARD OF TRADE,nonrept,33485.0,38881.0,467570.0
CIT,combined,2024-01-23,002602,CORN - CHICAGO BOARD OF TRADE,cit,412774.0,162398.0,1958230.0
CIT,combined,2024-01-23,002602,CORN - CHICAGO BOARD OF TRADE,comm,596160.0,544262.0,1958230.0
CIT,combined,2024-01-23,002602,CORN - CHICAGO BOARD OF TRADE,noncomm,134600.0,405681.0,1958230.0
CIT,combined,2024-01-23,002602,CORN - CHICAGO BOARD OF TRADE,nonrept,192909.0,224102.0,1958230.0
CIT,combined,2024-01-23,005602,SOYBEANS - CHICAGO BOARD OF TRADE,cit,174259.0,58651.0,931391.0
CIT,combined,2024-01-23,005602,SOYBEANS - CHICAGO BOARD OF TRADE,comm,355958.0,337918.0,931391.0
CIT,combined,2024-01-23,005602,SOYBEANS - CHICAGO BOARD OF TRADE,noncomm,41051.0,157188.0,931391.0
CIT,combined,2024-01-23,005602,SOYBEANS - CHICAGO BOARD OF TRADE,nonrept,56538.0,74050.0,931391.0
CIT,combined,2024-01-23,057642,LIVE CATTLE - CHICAGO MERCANTILE EXCHANGE,cit,88987.0,19551.0,376942.0
CIT,combined,2024-01-23,057642,LIVE CATTLE - CHICAGO MERCANTILE EXCHANGE,comm,95594.0,172375.0,376942.0
CIT,combined,2024-01-23,057642,LIVE CATTLE - CHICAGO MERCANTILE EXCHANGE,noncomm,40881.0,30286.0,376942.0
CIT,combined,2024-01-23,057642,LIVE CATTLE - CHICAGO MERCANTILE EXCHANGE,nonrept,40231.0,43481.0,376942.0
CIT,combined,2024-01-23,073732,COCOA - ICE FUTURES U.S.,cit,47134.0,19077.0,492495.0
CIT,combined,2024-01-23,073732,COCOA - ICE FUTURES U.S.,comm,117067.0,198444.0,492495.0
CIT,combined,2024-01-23,073732,COCOA - ICE FUTURES U.S.,noncomm,97692.0,46628.0,492495.0
CIT,combined,2024-01-23,073732,COCOA - ICE FUTURES U.S.,nonrept,18100.0,15843.0,492495.0
CIT,combined,2024-01-23,080732,SUGAR NO. 11 - ICE FUTURES U.S.,cit,219460.0,89784.0,1101422.0
CIT,combined,2024-01-23,080732,SUGAR NO. 11 - ICE FUTURES U.S.,comm,438368.0,591212.0,1101422.0
CIT,combined,2024-01-23,080732,SUGAR NO. 11 - ICE FUTURES U.S.,noncomm,72317.0,74544.0,1101422.0
CIT,combined,2024-01-23,080732,SUGAR NO. 11 - ICE FUTURES U.S.,nonrept,78788.0,53392.0,1101422.0
CIT,combined,2024-01-23,083731,COFFEE C - ICE FUTURES U.S.,cit,63213.0,10200.0,268730.0
CIT,combined,2024-01-23,083731,COFFEE C - ICE FUTURES U.S.,comm,54461.0,142402.0,268730.0
CIT,combined,2024-01-23,083731,COFFEE C - ICE FUTURES U.S.,noncomm,51416.0,18051.0,268730.0
CIT,combined,2024-01-23,083731,COFFEE C - ICE FUTURES U.S.,nonrept,10678.0,9114.0,268730.0
CIT,combined,2024-01-30,001602,WHEAT-SRW - CHICAGO BOARD OF TRADE,cit,155808.0,64710.0,459180.0
CIT,combined,2024-01-30,001602,WHEAT-SRW - CHICAGO BOARD OF TRADE,comm,74807.0,95998.0,459180.0
CIT,combined,2024-01-30,001602,WHEAT-SRW - CHICAGO BOARD OF TRADE,noncomm,59216.0,122714.0,459180.0
CIT,combined,2024-01-30,001602,WHEAT-SRW - CHICAGO BOARD OF TRADE,nonrept,33369.0,39779.0,459180.0
CIT,combined,2024-01-30,002602,CORN - CHICAGO BOARD OF TRADE,cit,432814.0,161232.0,1963831.0
CIT,combined,2024-01-30,002602,CORN - CHICAGO BOARD OF TRADE,comm,580449.0,533399.0,1963831.0
CIT,combined,2024-01-30,002602,CORN - CHICAGO BOARD OF TRADE,noncomm,133326.0,425530.0,1963831.0
CIT,combined,2024-01-30,002602,CORN - CHICAGO BOARD OF TRADE,nonrept,195517.0,221944.0,1963831.0
CIT,combined,2024-01-30,005602,SOYBEANS - CHICAGO BOARD OF TRADE,cit,178623.0,58627.0,956224.0
CIT,combined,2024-01-30,005602,SOYBEANS - CHICAGO BOARD OF TRADE,comm,377841.0,335109.0,956224.0
CIT,combined,2024-01-30,005602,SOYBEANS - CHICAGO BOARD OF TRADE,noncomm,36005.0,182628.0,956224.0
CIT,combined,2024-01-30,005602,SOYBEANS - CHICAGO BOARD OF TRADE,nonrept,56887.0,72993.0,956224.0
CIT,combined,2024-01-30,057642,LIVE CATTLE - CHICAGO MERCANTILE EXCHANGE,cit,95212.0,18748.0,388943.0
CIT,combined,2024-01-30,057642,LIVE CATTLE - CHICAGO MERCANTILE EXCHANGE,comm,92270.0,179629.0,388943.0
CIT,combined,2024-01-30,057642,LIVE CATTLE - CHICAGO MERCANTILE EXCHANGE,noncomm,45636.0,26753.0,388943.0
CIT,combined,2024-01-30,057642,LIVE CATTLE - CHICAGO MERCANTILE EXCHANGE,nonrept,36806.0,44796.0,388943.0
CIT,combined,2024-01-30,073732,COCOA - ICE FUTURES U.S.,cit,45761.0,18196.0,494203.0
CIT,combined,2024-01-30,073732,COCOA - ICE FUTURES U.S.,comm,123404.0,200894.0,494203.0
CIT,combined,2024-01-30,073732,COCOA - ICE FUTURES U.S.,noncomm,90145.0,44119.0,494203.0
CIT,combined,2024-01-30,073732,COCOA - ICE FUTURES U.S.,nonrept,17943.0,14042.0,494203.0
CIT,combined,2024-01-30,080732,SUGAR NO. 11 - ICE FUTURES U.S.,cit,225591.0,90519.0,1133085.0
CIT,combined,2024-01-30,080732,SUGAR NO. 11 - ICE FUTURES U.S.,comm,445000.0,603421.0,1133085.0
CIT,combined,2024-01-30,080732,SUGAR NO. 11 - ICE FUTURES U.S.,noncomm,78907.0,78006.0,1133085.0
CIT,combined,2024-01-30,080732,SUGAR NO. 11 - ICE FUTURES U.S.,nonrept,79598.0,57150.0,1133085.0
CIT,combined,2024-01-30,083731,COFFEE C - ICE FUTURES U.S.,cit,64342.0,9461.0,273309.0
CIT,combined,2024-01-30,083731,COFFEE C - ICE FUTURES U.S.,comm,56243.0,146965.0,273309.0
CIT,combined,2024-01-30,083731,COFFEE C - ICE FUTURES U.S.,noncomm,55789.0,21679.0,273309.0
CIT,combined,2024-01-30,083731,COFFEE C - ICE FUTURES U.S.,nonrept,10078.0,8347.0,273309.0
CIT,combined,2024-02-06,001602,WHEAT-SRW - CHICAGO BOARD OF TRADE,cit,159331.0,66719.0,469256.0
CIT,combined,2024-02-06,001602,WHEAT-SRW - CHICAGO BOARD OF TRADE,comm,74366.0,98209.0,469256.0
CIT,combined,2024-02-06,001602,WHEAT-SRW - CHICAGO BOARD OF TRADE,noncomm,61234.0,126257.0,469256.0
CIT,combined,2024-02-06,001602,WHEAT-SRW - CHICAGO BOARD OF TRADE,nonrept,34919.0,38665.0,469256.0
CIT,combined,2024-02-06,002602,CORN - CHICAGO BOARD OF TRADE,cit,449534.0,164424.0,1995994.0
CIT,combined,2024-02-06,002602,CORN - CHICAGO BOARD OF TRADE,comm,582035.0,534134.0,1995994.0
CIT,combined,2024-02-06,002602,CORN - CHICAGO BOARD OF TRADE,noncomm,137861.0,443253.0,1995994.0
CIT,combined,2024-02-06,002602,CORN - CHICAGO BOARD OF TRADE,nonrept,200226.0,227844.0,1995994.0
CIT,combined,2024-02-06,005602,SOYBEANS - CHICAGO BOARD OF TRADE,cit,182657.0,65354.0,991437.0
CIT,combined,2024-02-06,005602,SOYBEANS - CHICAGO BOARD OF TRADE,comm,379448.0,322037.0,991437.0
CIT,combined,2024-02-06,005602,SOYBEANS - CHICAGO BOARD OF TRADE,noncomm,38513.0,201089.0,991437.0
CIT,combined,2024-02-06,005602,SOYBEANS - CHICAGO BOARD OF TRADE,nonrept,61419.0,73556.0,991437.0
CIT,combined,2024-02-06,057642,LIVE CATTLE - CHICAGO MERCANTILE EXCHANGE,cit,96202.0,14731.0,358819.0
CIT,combined,2024-02-06,057642,LIVE CATTLE - CHICAGO MERCANTILE EXCHANGE,comm,80793.0,177918.0,358819.0
CIT,combined,2024-02-06,057642,LIVE CATTLE - CHICAGO MERCANTILE EXCHANGE,noncomm,51135.0,25372.0,358819.0
CIT,combined,2024-02-06,057642,LIVE CATTLE - CHICAGO MERCANTILE EXCHANGE,nonrept,34595.0,44705.0,358819.0
CIT,combined,2024-02-06,073732,COCOA - ICE FUTURES U.S.,cit,41626.0,16443.0,455688.0
CIT,combined,2024-02-06,073732,COCOA - ICE FUTURES U.S.,comm,115151.0,187194.0,455688.0
CIT,combined,2024-02-06,073732,COCOA - ICE FUTURES U.S.,noncomm,84799.0,42746.0,455688.0
CIT,combined,2024-02-06,073732,COCOA - ICE FUTURES U.S.,nonrept,18591.0,13784.0,455688.0
CIT,combined,2024-02-06,080732,SUGAR NO. 11 - ICE FUTURES U.S.,cit,224701.0,88169.0,1158219.0
CIT,combined,2024-02-06,080732,SUGAR NO. 11 - ICE FUTURES U.S.,comm,454146.0,618209.0,1158219.0
CIT,combined,2024-02-06,080732,SUGAR NO. 11 - ICE FUTURES U.S.,noncomm,84030.0,76874.0,1158219.0
CIT,combined,2024-02-06,080732,SUGAR NO. 11 - ICE FUTURES U.S.,nonrept,80900.0,60526.0,1158219.0
CIT,combined,2024-02-06,083731,COFFEE C - ICE FUTURES U.S.,cit,64907.0,11320.0,280746.0
CIT,combined,2024-02-06,083731,COFFEE C - ICE FUTURES U.S.,comm,59718.0,149424.0,280746.0
CIT,combined,2024-02-06,083731,COFFEE C - ICE FUTURES U.S.,noncomm,56425.0,21485.0,280746.0
CIT,combined,2024-02-06,083731,COFFEE C - ICE FUTURES U.S.,nonrept,9838.0,8658.0,280746.0
CIT,combined,2024-02-13,001602,WHEAT-SRW - CHICAGO BOARD OF TRADE,cit,157906.0,58380.0,448418.0
CIT,combined,2024-02-13,001602,WHEAT-SRW - CHICAGO BOARD OF TRADE,comm,66976.0,102034.0,448418.0
CIT,combined,2024-02-13,001602,WHEAT-SRW - CHICAGO BOARD OF TRADE,noncomm,64480.0,125173.0,448418.0
CIT,combined,2024-02-13,001602,WHEAT-SRW - CHICAGO BOARD OF TRADE,nonrept,32530.0,36304.0,448418.0
CIT,combined,2024-02-13,002602,CORN - CHICAGO BOARD OF TRADE,cit,452789.0,161443.0,2038849.0
CIT,combined,2024-02-13,002602,CORN - CHICAGO BOARD OF TRADE,comm,589295.0,524797.0,2038849.0
CIT,combined,2024-02-13,002602,CORN - CHICAGO BOARD OF TRADE,noncomm,137064.0,459845.0,2038849.0
CIT,combined,2024-02-13,002602,CORN - CHICAGO BOARD OF TRADE,nonrept,199543.0,232607.0,2038849.0
CIT,combined,2024-02-13,005602,SOYBEANS - CHICAGO BOARD OF TRADE,cit,186593.0,66665.0,1005227.0
CIT,combined,2024-02-13,005602,SOYBEANS - CHICAGO BOARD OF TRADE,comm,388116.0,333900.0,1005227.0
CIT,combined,2024-02-13,005602,SOYBEANS - CHICAGO BOARD OF TRADE,noncomm,42210.0,204394.0,1005227.0
CIT,combined,2024-02-13,005602,SOYBEANS - CHICAGO BOARD OF TRADE,nonrept,60649.0,72608.0,1005227.0
CIT,combined,2024-02-13,057642,LIVE CATTLE - CHICAGO MERCANTILE EXCHANGE,cit,99711.0,14578.0,373141.0
CIT,combined,2024-02-13,057642,LIVE CATTLE - CHICAGO MERCANTILE EXCHANGE,comm,81666.0,187116.0,373141.0
CIT,combined,2024-02-13,057642,LIVE CATTLE - CHICAGO MERCANTILE EXCHANGE,noncomm,54476.0,23515.0,373141.0
CIT,combined,2024-02-13,057642,LIVE CATTLE - CHICAGO MERCANTILE EXCHANGE,nonrept,36384.0,47028.0,373141.0
CIT,combined,2024-02-13,073732,COCOA - ICE FUTURES U.S.,cit,37074.0,15192.0,424748.0
CIT,combined,2024-02-13,073732,COCOA - ICE FUTURES U.S.,comm,112622.0,168654.0,424748.0
CIT,combined,2024-02-13,073732,COCOA - ICE FUTURES U.S.,noncomm,66405.0,37373.0,424748.0
CIT,combined,2024-02-13,073732,COCOA - ICE FUTURES U.S.,nonrept,16858.0,11740.0,424748.0
CIT,combined,2024-02-13,080732,SUGAR NO. 11 - ICE FUTURES U.S.,cit,234363.0,92707.0,1154590.0
CIT,combined,2024-02-13,080732,SUGAR NO. 11 - ICE FUTURES U.S.,comm,447935.0,623123.0,1154590.0
CIT,combined,2024-02-13,080732,SUGAR NO. 11 - ICE FUTURES U.S.,noncomm,82999.0,69892.0,1154590.0
CIT,combined,2024-02-13,080732,SUGAR NO. 11 - ICE FUTURES U.S.,nonrept,80217.0,59792.0,1154590.0
CIT,combined,2024-02-13,083731,COFFEE C - ICE FUTURES U.S.,cit,61622.0,6288.0,252187.0
CIT,combined,2024-02-13,083731,COFFEE C - ICE FUTURES U.S.,comm,56242.0,150823.0,252187.0
CIT,combined,2024-02-13,083731,COFFEE C - ICE FUTURES U.S.,noncomm,59256.0,21194.0,252187.0
CIT,combined,2024-02-13,083731,COFFEE C - ICE FUTURES U.S.,nonrept,9186.0,8002.0,252187.0
CIT,combined,2024-02-20,001602,WHEAT-SRW - CHICAGO BOARD OF TRADE,cit,159329.0,60700.0,455296.0
CIT,combined,2024-02-20,001602,WHEAT-SRW - CHICAGO BOARD OF TRADE,comm,70936.0,89794.0,455296.0
CIT,combined,2024-02-20,001602,WHEAT-SRW - CHICAGO BOARD OF TRADE,noncomm,64685.0,139903.0,455296.0
CIT,combined,2024-02-20,001602,WHEAT-SRW - CHICAGO BOARD OF TRADE,nonrept,33586.0,38137.0,455296.0
CIT,combined,2024-02-20,002602,CORN - CHICAGO BOARD OF TRADE,cit,459505.0,169257.0,2053885.0
CIT,combined,2024-02-20,002602,CORN - CHICAGO BOARD OF TRADE,comm,600943.0,517231.0,2053885.0
CIT,combined,2024-02-20,002602,CORN - CHICAGO BOARD OF TRADE,noncomm,131459.0,473385.0,2053885.0
CIT,combined,2024-02-20,002602,CORN - CHICAGO BOARD OF TRADE,nonrept,203884.0,235918.0,2053885.0
CIT,combined,2024-02-20,005602,SOYBEANS - CHICAGO BOARD OF TRADE,cit,185175.0,67439.0,1037578.0
CIT,combined,2024-02-20,005602,SOYBEANS - CHICAGO BOARD OF TRADE,comm,406293.0,350201.0,1037578.0
CIT,combined,2024-02-20,005602,SOYBEANS - CHICAGO BOARD OF TRADE,noncomm,50319.0,210999.0,1037578.0
CIT,combined,2024-02-20,005602,SOYBEANS - CHICAGO BOARD OF TRADE,nonrept,59992.0,73140.0,1037578.0
CIT,combined,2024-02-20,057642,LIVE CATTLE - CHICAGO MERCANTILE EXCHANGE,cit,99833.0,14582.0,376767.0
CIT,combined,2024-02-20,057642,LIVE CATTLE - CHICAGO MERCANTILE EXCHANGE,comm,79951.0,194634.0,376767.0
CIT,combined,2024-02-20,057642,LIVE CATTLE - CHICAGO MERCANTILE EXCHANGE,noncomm,63489.0,23056.0,376767.0
CIT,combined,2024-02-20,057642,LIVE CATTLE - CHICAGO MERCANTILE EXCHANGE,nonrept,35412.0,46413.0,376767.0
CIT,combined,2024-02-20,073732,COCOA - ICE FUTURES U.S.,cit,35250.0,14401.0,407268.0
CIT,combined,2024-02-20,073732,COCOA - ICE FUTURES U.S.,comm,102597.0,154435.0,407268.0
CIT,combined,2024-02-20,073732,COCOA - ICE FUTURES U.S.,noncomm,61874.0,34902.0,407268.0
CIT,combined,2024-02-20,073732,COCOA - ICE FUTURES U.S.,nonrept,16286.0,12269.0,407268.0
CIT,combined,2024-02-20,080732,SUGAR NO. 11 - ICE FUTURES U.S.,cit,232666.0,60038.0,1007162.0
CIT,combined,2024-02-20,080732,SUGAR NO. 11 - ICE FUTURES U.S.,comm,380476.0,563935.0,1007162.0
CIT,combined,2024-02-20,080732,SUGAR NO. 11 - ICE FUTURES U.S.,noncomm,81711.0,77152.0,1007162.0
CIT,combined,2024-02-20,080732,SUGAR NO. 11 - ICE FUTURES U.S.,nonrept,75694.0,69422.0,1007162.0
CIT,combined,2024-02-20,083731,COFFEE C - ICE FUTURES U.S.,cit,60846.0,6327.0,235982.0
CIT,combined,2024-02-20,083731,COFFEE C - ICE FUTURES U.S.,comm,48057.0,137289.0,235982.0
CIT,combined,2024-02-20,083731,COFFEE C - ICE FUTURES U.S.,noncomm,56492.0,22286.0,235982.0
CIT,combined,2024-02-20,083731,COFFEE C - ICE FUTURES U.S.,nonrept,7678.0,7171.0,235982.0
CIT,combined,2024-02-27,001602,WHEAT-SRW - CHICAGO BOARD OF TRADE,cit,158619.0,51011.0,414999.0
CIT,combined,2024-02-27,001602,WHEAT-SRW - CHICAGO BOARD OF TRADE,comm,60944.0,91141.0,414999.0
CIT,combined,2024-02-27,001602,WHEAT-SRW - CHICAGO BOARD OF TRADE,noncomm,63204.0,137082.0,414999.0
CIT,combined,2024-02-27,001602,WHEAT-SRW - CHICAGO BOARD OF TRADE,nonrept,30722.0,34254.0,414999.0
CIT,combined,2024-02-27,002602,CORN - CHICAGO BOARD OF TRADE,cit,457578.0,185827.0,1896360.0
CIT,combined,2024-02-27,002602,CORN - CHICAGO BOARD OF TRADE,comm,524905.0,477880.0,1896360.0
CIT,combined,2024-02-27,002602,CORN - CHICAGO BOARD OF TRADE,noncomm,137729.0,434682.0,1896360.0
CIT,combined,2024-02-27,002602,CORN - CHICAGO BOARD OF TRADE,nonrept,195479.0,217301.0,1896360.0
CIT,combined,2024-02-27,005602,SOYBEANS - CHICAGO BOARD OF TRADE,cit,183310.0,76431.0,922159.0
CIT,combined,2024-02-27,005602,SOYBEANS - CHICAGO BOARD OF TRADE,comm,357308.0,272501.0,922159.0
CIT,combined,2024-02-27,005602,SOYBEANS - CHICAGO BOARD OF TRADE,noncomm,45980.0,224481.0,922159.0
CIT,combined,2024-02-27,005602,SOYBEANS - CHICAGO BOARD OF TRADE,nonrept,59168.0,72352.0,922159.0
CIT,combined,2024-02-27,057642,LIVE CATTLE - CHICAGO MERCANTILE EXCHANGE,cit,100109.0,15009.0,396702.0
CIT,combined,2024-02-27,057642,LIVE CATTLE - CHICAGO MERCANTILE EXCHANGE,comm,81248.0,199188.0,396702.0
CIT,combined,2024-02-27,057642,LIVE CATTLE - CHICAGO MERCANTILE EXCHANGE,noncomm,70639.0,25791.0,396702.0
CIT,combined,2024-02-27,057642,LIVE CATTLE - CHICAGO MERCANTILE EXCHANGE,nonrept,35067.0,47076.0,396702.0
CIT,combined,2024-02-27,073732,COCOA - ICE FUTURES U.S.,cit,34799.0,14058.0,396177.0
CIT,combined,2024-02-27,073732,COCOA - ICE FUTURES U.S.,comm,95563.0,144548.0,396177.0
CIT,combined,2024-02-27,073732,COCOA - ICE FUTURES U.S.,noncomm,51430.0,28671.0,396177.0
CIT,combined,2024-02-27,073732,COCOA - ICE FUTURES U.S.,nonrept,15058.0,9573.0,396177.0
CIT,combined,2024-02-27,080732,SUGAR NO. 11 - ICE FUTURES U.S.,cit,234155.0,69468.0,991472.0
CIT,combined,2024-02-27,080732,SUGAR NO. 11 - ICE FUTURES U.S.,comm,350767.0,546094.0,991472.0
CIT,combined,2024-02-27,080732,SUGAR NO. 11 - ICE FUTURES U.S.,noncomm,88764.0,66814.0,991472.0
CIT,combined,2024-02-27,080732,SUGAR NO. 11 - ICE FUTURES U.S.,nonrept,71544.0,62852.0,991472.0
CIT,combined,2024-02-27,083731,COFFEE C - ICE FUTURES U.S.,cit,59400.0,8991.0,239537.0
CIT,combined,2024-02-27,083731,COFFEE C - ICE FUTURES U.S.,comm,53067.0,136104.0,239537.0
CIT,combined,2024-02-27,083731,COFFEE C - ICE FUTURES U.S.,noncomm,54710.0,22584.0,239537.0
CIT,combined,2024-02-27,083731,COFFEE C - ICE FUTURES U.S.,nonrept,7621.0,7121.0,239537.0
CIT,combined,2024-03-05,001602,WHEAT-SRW - CHICAGO BOARD OF TRADE,cit,166292.0,55632.0,451756.0
CIT,combined,2024-03-05,001602,WHEAT-SRW - CHICAGO BOARD OF TRADE,comm,69336.0,89922.0,451756.0
CIT,combined,2024-03-05,001602,WHEAT-SRW - CHICAGO BOARD OF TRADE,noncomm,65435.0,153810.0,451756.0
CIT,combined,2024-03-05,001602,WHEAT-SRW - CHICAGO BOARD OF TRADE,nonrept,33105.0,34805.0,451756.0
CIT,combined,2024-03-05,002602,CORN - CHICAGO BOARD OF TRADE,cit,471487.0,191578.0,1914649.0
CIT,combined,2024-03-05,002602,CORN - CHICAGO BOARD OF TRADE,comm,499233.0,465194.0,1914649.0
CIT,combined,2024-03-05,002602,CORN - CHICAGO BOARD OF TRADE,noncomm,133266.0,438684.0,1914649.0
CIT,combined,2024-03-05,002602,CORN - CHICAGO BOARD OF TRADE,nonrept,201202.0,209733.0,1914649.0
CIT,combined,2024-03-05,005602,SOYBEANS - CHICAGO BOARD OF TRADE,cit,195018.0,78997.0,927931.0
CIT,combined,2024-03-05,005602,SOYBEANS - CHICAGO BOARD OF TRADE,comm,356781.0,267457.0,927931.0
CIT,combined,2024-03-05,005602,SOYBEANS - CHICAGO BOARD OF TRADE,noncomm,48185.0,242802.0,927931.0
CIT,combined,2024-03-05,005602,SOYBEANS - CHICAGO BOARD OF TRADE,nonrept,57997.0,68726.0,927931.0
CIT,combined,2024-03-05,057642,LIVE CATTLE - CHICAGO MERCANTILE EXCHANGE,cit,101242.0,16351.0,408092.0
CIT,combined,2024-03-05,057642,LIVE CATTLE - CHICAGO MERCANTILE EXCHANGE,comm,81527.0,204985.0,408092.0
CIT,combined,2024-03-05,057642,LIVE CATTLE - CHICAGO MERCANTILE EXCHANGE,noncomm,77096.0,27557.0,408092.0
CIT,combined,2024-03-05,057642,LIVE CATTLE - CHICAGO MERCANTILE EXCHANGE,nonrept,36799.0,47771.0,408092.0
CIT,combined,2024-03-05,073732,COCOA - ICE FUTURES U.S.,cit,35092.0,13193.0,369829.0
CIT,combined,2024-03-05,073732,COCOA - ICE FUTURES U.S.,comm,89951.0,137676.0,369829.0
CIT,combined,2024-03-05,073732,COCOA - ICE FUTURES U.S.,noncomm,49167.0,27864.0,369829.0
CIT,combined,2024-03-05,073732,COCOA - ICE FUTURES U.S.,nonrept,14275.0,9751.0,369829.0
CIT,combined,2024-03-05,080732,SUGAR NO. 11 - ICE FUTURES U.S.,cit,235241.0,74171.0,1018600.0
CIT,combined,2024-03-05,080732,SUGAR NO. 11 - ICE FUTURES U.S.,comm,358302.0,519460.0,1018600.0
CIT,combined,2024-03-05,080732,SUGAR NO. 11 - ICE FUTURES U.S.,noncomm,84227.0,82851.0,1018600.0
CIT,combined,2024-03-05,080732,SUGAR NO. 11 - ICE FUTURES U.S.,nonrept,65886.0,67174.0,1018600.0
CIT,combined,2024-03-05,083731,COFFEE C - ICE FUTURES U.S.,cit,61484.0,9449.0,247549.0
CIT,combined,2024-03-05,083731,COFFEE C - ICE FUTURES U.S.,comm,52529.0,138885.0,247549.0
CIT,combined,2024-03-05,083731,COFFEE C - ICE FUTURES U.S.,noncomm,54446.0,21804.0,247549.0
CIT,combined,2024-03-05,083731,COFFEE C - ICE FUTURES U.S.,nonrept,8113.0,6434.0,247549.0
CIT,combined,2024-03-12,001602,WHEAT-SRW - CHICAGO BOARD OF TRADE,cit,169370.0,62232.0,451363.0
CIT,combined,2024-03-12,001602,WHEAT-SRW - CHICAGO BOARD OF TRADE,comm,68960.0,72895.0,451363.0
CIT,combined,2024-03-12,001602,WHEAT-SRW - CHICAGO BOARD OF TRADE,noncomm,50886.0,152612.0,451363.0
CIT,combined,2024-03-12,001602,WHEAT-SRW - CHICAGO BOARD OF TRADE,nonrept,34424.0,35901.0,451363.0
CIT,combined,2024-03-12,002602,CORN - CHICAGO BOARD OF TRADE,cit,480203.0,193732.0,1961433.0
CIT,combined,2024-03-12,002602,CORN - CHICAGO BOARD OF TRADE,comm,508669.0,519133.0,1961433.0
CIT,combined,2024-03-12,002602,CORN - CHICAGO BOARD OF TRADE,noncomm,135831.0,407664.0,1961433.0
CIT,combined,2024-03-12,002602,CORN - CHICAGO BOARD OF TRADE,nonrept,206277.0,210450.0,1961433.0
CIT,combined,2024-03-12,005602,SOYBEANS - CHICAGO BOARD OF TRADE,cit,198261.0,76826.0,951826.0
CIT,combined,2024-03-12,005602,SOYBEANS - CHICAGO BOARD OF TRADE,comm,363835.0,294359.0,951826.0
CIT,combined,2024-03-12,005602,SOYBEANS - CHICAGO BOARD OF TRADE,noncomm,44982.0,224945.0,951826.0
CIT,combined,2024-03-12,005602,SOYBEANS - CHICAGO BOARD OF TRADE,nonrept,59819.0,70767.0,951826.0
CIT,combined,2024-03-12,057642,LIVE CATTLE - CHICAGO MERCANTILE EXCHANGE,cit,98585.0,15883.0,406781.0
CIT,combined,2024-03-12,057642,LIVE CATTLE - CHICAGO MERCANTILE EXCHANGE,comm,78873.0,201541.0,406781.0
CIT,combined,2024-03-12,057642,LIVE CATTLE - CHICAGO MERCANTILE EXCHANGE,noncomm,77716.0,24921.0,406781.0
CIT,combined,2024-03-12,057642,LIVE CATTLE - CHICAGO MERCANTILE EXCHANGE,nonrept,38047.0,50875.0,406781.0
CIT,combined,2024-03-12,073732,COCOA - ICE FUTURES U.S.,cit,33788.0,12271.0,374405.0
CIT,combined,2024-03-12,073732,COCOA - ICE FUTURES U.S.,comm,87011.0,137122.0,374405.0
CIT,combined,2024-03-12,073732,COCOA - ICE FUTURES U.S.,noncomm,49962.0,26145.0,374405.0
CIT,combined,2024-03-12,073732,COCOA - ICE FUTURES U.S.,nonrept,15192.0,10416.0,374405.0
CIT,combined,2024-03-12,080732,SUGAR NO. 11 - ICE FUTURES U.S.,cit,214807.0,73319.0,997591.0
CIT,combined,2024-03-12,080732,SUGAR NO. 11 - ICE FUTURES U.S.,comm,364397.0,524222.0,997591.0
CIT,combined,2024-03-12,080732,SUGAR NO. 11 - ICE FUTURES U.S.,noncomm,85624.0,72148.0,997591.0
CIT,combined,2024-03-12,080732,SUGAR NO. 11 - ICE FUTURES U.S.,nonrept,73917.0,69055.0,997591.0
CIT,combined,2024-03-12,083731,COFFEE C - ICE FUTURES U.S.,cit,61468.0,8449.0,244398.0
CIT,combined,2024-03-12,083731,COFFEE C - ICE FUTURES U.S.,comm,52689.0,141410.0,244398.0
CIT,combined,2024-03-12,083731,COFFEE C - ICE FUTURES U.S.,noncomm,54249.0,20220.0,244398.0
CIT,combined,2024-03-12,083731,COFFEE C - ICE FUTURES U.S.,nonrept,8682.0,7007.0,244398.0
CIT,combined,2024-03-19,001602,WHEAT-SRW - CHICAGO BOARD OF TRADE,cit,174695.0,67156.0,477569.0
CIT,combined,2024-03-19,001602,WHEAT-SRW - CHICAGO BOARD OF TRADE,comm,72833.0,70615.0,477569.0
CIT,combined,2024-03-19,001602,WHEAT-SRW - CHICAGO BOARD OF TRADE,noncomm,47389.0,155787.0,477569.0
CIT,combined,2024-03-19,001602,WHEAT-SRW - CHICAGO BOARD OF TRADE,nonrept,35193.0,36553.0,477569.0
CIT,combined,2024-03-19,002602,CORN - CHICAGO BOARD OF TRADE,cit,493649.0,211388.0,1999136.0
CIT,combined,2024-03-19,002602,CORN - CHICAGO BOARD OF TRADE,comm,521878.0,546313.0,1999136.0
CIT,combined,2024-03-19,002602,CORN - CHICAGO BOARD OF TRADE,noncomm,131473.0,385338.0,1999136.0
CIT,combined,2024-03-19,002602,CORN - CHICAGO BOARD OF TRADE,nonrept,210018.0,213979.0,1999136.0
CIT,combined,2024-03-19,005602,SOYBEANS - CHICAGO BOARD OF TRADE,cit,200108.0,77149.0,995024.0
CIT,combined,2024-03-19,005602,SOYBEANS - CHICAGO BOARD OF TRADE,comm,389283.0,330820.0,995024.0
CIT,combined,2024-03-19,005602,SOYBEANS - CHICAGO BOARD OF TRADE,noncomm,46709.0,213907.0,995024.0
CIT,combined,2024-03-19,005602,SOYBEANS - CHICAGO BOARD OF TRADE,nonrept,60135.0,74359.0,995024.0
CIT,combined,2024-03-19,057642,LIVE CATTLE - CHICAGO MERCANTILE EXCHANGE,cit,100328.0,18564.0,416928.0
CIT,combined,2024-03-19,057642,LIVE CATTLE - CHICAGO MERCANTILE EXCHANGE,comm,78805.0,197137.0,416928.0
CIT,combined,2024-03-19,057642,LIVE CATTLE - CHICAGO MERCANTILE EXCHANGE,noncomm,76488.0,25089.0,416928.0
CIT,combined,2024-03-19,057642,LIVE CATTLE - CHICAGO MERCANTILE EXCHANGE,nonrept,36158.0,50990.0,416928.0
CIT,combined,2024-03-19,073732,COCOA - ICE FUTURES U.S.,cit,32108.0,11692.0,382910.0
CIT,combined,2024-03-19,073732,COCOA - ICE FUTURES U.S.,comm,100070.0,142987.0,382910.0
CIT,combined,2024-03-19,073732,COCOA - ICE FUTURES U.S.,noncomm,41690.0,24563.0,382910.0
CIT,combined,2024-03-19,073732,COCOA - ICE FUTURES U.S.,nonrept,13946.0,8571.0,382910.0
CIT,combined,2024-03-19,080732,SUGAR NO. 11 - ICE FUTURES U.S.,cit,219543.0,68597.0,1006177.0
CIT,combined,2024-03-19,080732,SUGAR NO. 11 - ICE FUTURES U.S.,comm,376157.0,541798.0,1006177.0
CIT,combined,2024-03-19,080732,SUGAR NO. 11 - ICE FUTURES U.S.,noncomm,79092.0,71081.0,1006177.0
CIT,combined,2024-03-19,080732,SUGAR NO. 11 - ICE FUTURES U.S.,nonrept,73171.0,66486.0,1006177.0
CIT,combined,2024-03-19,083731,COFFEE C - ICE FUTURES U.S.,cit,60887.0,9755.0,248741.0
CIT,combined,2024-03-19,083731,COFFEE C - ICE FUTURES U.S.,comm,59810.0,140680.0,248741.0
CIT,combined,2024-03-19,083731,COFFEE C - ICE FUTURES U.S.,noncomm,50569.0,22100.0,248741.0
CIT,combined,2024-03-19,083731,COFFEE C - ICE FUTURES U.S.,nonrept,8185.0,6915.0,248741.0
CIT,combined,2024-03-26,001602,WHEAT-SRW - CHICAGO BOARD OF TRADE,cit,174466.0,66231.0,465014.0
CIT,combined,2024-03-26,001602,WHEAT-SRW - CHICAGO BOARD OF TRADE,comm,72398.0,66777.0,465014.0
CIT,combined,2024-03-26,001602,WHEAT-SRW - CHICAGO BOARD OF TRADE,noncomm,45527.0,160259.0,465014.0
CIT,combined,2024-03-26,001602,WHEAT-SRW - CHICAGO BOARD OF TRADE,nonrept,35351.0,34473.0,465014.0
CIT,combined,2024-03-26,002602,CORN - CHICAGO BOARD OF TRADE,cit,496296.0,214095.0,2017822.0
CIT,combined,2024-03-26,002602,CORN - CHICAGO BOARD OF TRADE,comm,532580.0,539171.0,2017822.0
CIT,combined,2024-03-26,002602,CORN - CHICAGO BOARD OF TRADE,noncomm,140071.0,396588.0,2017822.0
CIT,combined,2024-03-26,002602,CORN - CHICAGO BOARD OF TRADE,nonrept,206400.0,225493.0,2017822.0
CIT,combined,2024-03-26,005602,SOYBEANS - CHICAGO BOARD OF TRADE,cit,203312.0,76285.0,1022662.0
CIT,combined,2024-03-26,005602,SOYBEANS - CHICAGO BOARD OF TRADE,comm,395782.0,356655.0,1022662.0
CIT,combined,2024-03-26,005602,SOYBEANS - CHICAGO BOARD OF TRADE,noncomm,52252.0,204254.0,1022662.0
CIT,combined,2024-03-26,005602,SOYBEANS - CHICAGO BOARD OF TRADE,nonrept,59893.0,74045.0,1022662.0
CIT,combined,2024-03-26,057642,LIVE CATTLE - CHICAGO MERCANTILE EXCHANGE,cit,102877.0,21482.0,422974.0
CIT,combined,2024-03-26,057642,LIVE CATTLE - CHICAGO MERCANTILE EXCHANGE,comm,78269.0,195275.0,422974.0
CIT,combined,2024-03-26,057642,LIVE CATTLE - CHICAGO MERCANTILE EXCHANGE,noncomm,76236.0,25228.0,422974.0
CIT,combined,2024-03-26,057642,LIVE CATTLE - CHICAGO MERCANTILE EXCHANGE,nonrept,36091.0,51488.0,422974.0
CIT,combined,2024-03-26,073732,COCOA - ICE FUTURES U.S.,cit,33450.0,11759.0,383874.0
CIT,combined,2024-03-26,073732,COCOA - ICE FUTURES U.S.,comm,99775.0,142146.0,383874.0
CIT,combined,2024-03-26,073732,COCOA - ICE FUTURES U.S.,noncomm,36469.0,21687.0,383874.0
CIT,combined,2024-03-26,073732,COCOA - ICE FUTURES U.S.,nonrept,14168.0,8270.0,383874.0
CIT,combined,2024-03-26,080732,SUGAR NO. 11 - ICE FUTURES U.S.,cit,220605.0,76383.0,1010825.0
CIT,combined,2024-03-26,080732,SUGAR NO. 11 - ICE FUTURES U.S.,comm,367275.0,553762.0,1010825.0
CIT,combined,2024-03-26,080732,SUGAR NO. 11 - ICE FUTURES U.S.,noncomm,91197.0,66749.0,1010825.0
CIT,combined,2024-03-26,080732,SUGAR NO. 11 - ICE FUTURES U.S.,nonrept,80258.0,62441.0,1010825.0
CIT,combined,2024-03-26,083731,COFFEE C - ICE FUTURES U.S.,cit,62047.0,11978.0,267043.0
CIT,combined,2024-03-26,083731,COFFEE C - ICE FUTURES U.S.,comm,62654.0,148467.0,267043.0
CIT,combined,2024-03-26,083731,COFFEE C - ICE FUTURES U.S.,noncomm,54768.0,20484.0,267043.0
CIT,combined,2024-03-26,083731,COFFEE C - ICE FUTURES U.S.,nonrept,9266.0,7806.0,267043.0
CIT,combined,2024-04-02,001602,WHEAT-SRW - CHICAGO BOARD OF TRADE,cit,178278.0,67295.0,471089.0
CIT,combined,2024-04-02,001602,WHEAT-SRW - CHICAGO BOARD OF TRADE,comm,69876.0,65361.0,471089.0
CIT,combined,2024-04-02,001602,WHEAT-SRW - CHICAGO BOARD OF TRADE,noncomm,42470.0,159114.0,471089.0
CIT,combined,2024-04-02,001602,WHEAT-SRW - CHICAGO BOARD OF TRADE,nonrept,35275.0,34129.0,471089.0
CIT,combined,2024-04-02,002602,CORN - CHICAGO BOARD OF TRADE,cit,503209.0,213154.0,2056525.0
CIT,combined,2024-04-02,002602,CORN - CHICAGO BOARD OF TRADE,comm,533517.0,536839.0,2056525.0
CIT,combined,2024-04-02,002602,CORN - CHICAGO BOARD OF TRADE,noncomm,132151.0,404282.0,2056525.0
CIT,combined,2024-04-02,002602,CORN - CHICAGO BOARD OF TRADE,nonrept,211999.0,226600.0,2056525.0
CIT,combined,2024-04-02,005602,SOYBEANS - CHICAGO BOARD OF TRADE,cit,203726.0,79129.0,1054786.0
CIT,combined,2024-04-02,005602,SOYBEANS - CHICAGO BOARD OF TRADE,comm,416561.0,370881.0,1054786.0
CIT,combined,2024-04-02,005602,SOYBEANS - CHICAGO BOARD OF TRADE,noncomm,48735.0,205097.0,1054786.0
CIT,combined,2024-04-02,005602,SOYBEANS - CHICAGO BOARD OF TRADE,nonrept,60425.0,74339.0,1054786.0
CIT,combined,2024-04-02,057642,LIVE CATTLE - CHICAGO MERCANTILE EXCHANGE,cit,105656.0,22945.0,426281.0
CIT,combined,2024-04-02,057642,LIVE CATTLE - CHICAGO MERCANTILE EXCHANGE,comm,83309.0,194813.0,426281.0
CIT,combined,2024-04-02,057642,LIVE CATTLE - CHICAGO MERCANTILE EXCHANGE,noncomm,72304.0,29078.0,426281.0
CIT,combined,2024-04-02,057642,LIVE CATTLE - CHICAGO MERCANTILE EXCHANGE,nonrept,34500.0,48934.0,426281.0
CIT,combined,2024-04-02,073732,COCOA - ICE FUTURES U.S.,cit,32274.0,11607.0,335236.0
CIT,combined,2024-04-02,073732,COCOA - ICE FUTURES U.S.,comm,86031.0,126040.0,335236.0
CIT,combined,2024-04-02,073732,COCOA - ICE FUTURES U.S.,noncomm,32688.0,19398.0,335236.0
CIT,combined,2024-04-02,073732,COCOA - ICE FUTURES U.S.,nonrept,15103.0,9051.0,335236.0
CIT,combined,2024-04-02,080732,SUGAR NO. 11 - ICE FUTURES U.S.,cit,226931.0,75867.0,1016901.0
CIT,combined,2024-04-02,080732,SUGAR NO. 11 - ICE FUTURES U.S.,comm,361500.0,567267.0,1016901.0
CIT,combined,2024-04-02,080732,SUGAR NO. 11 - ICE FUTURES U.S.,noncomm,101729.0,63201.0,1016901.0
CIT,combined,2024-04-02,080732,SUGAR NO. 11 - ICE FUTURES U.S.,nonrept,81042.0,64868.0,1016901.0
CIT,combined,2024-04-02,083731,COFFEE C - ICE FUTURES U.S.,cit,68456.0,14910.0,282615.0
CIT,combined,2024-04-02,083731,COFFEE C - ICE FUTURES U.S.,comm,57720.0,156073.0,282615.0
CIT,combined,2024-04-02,083731,COFFEE C - ICE FUTURES U.S.,noncomm,64483.0,21424.0,282615.0
CIT,combined,2024-04-02,083731,COFFEE C - ICE FUTURES U.S.,nonrept,9136.0,7389.0,282615.0
CIT,combined,2024-04-09,001602,WHEAT-SRW - CHICAGO BOARD OF TRADE,cit,169313.0,53291.0,457253.0
CIT,combined,2024-04-09,001602,WHEAT-SRW - CHICAGO BOARD OF TRADE,comm,70754.0,77297.0,457253.0
CIT,combined,2024-04-09,001602,WHEAT-SRW - CHICAGO BOARD OF TRADE,noncomm,40111.0,149404.0,457253.0
CIT,combined,2024-04-09,001602,WHEAT-SRW - CHICAGO BOARD OF TRADE,nonrept,34476.0,34662.0,457253.0
CIT,combined,2024-04-09,002602,CORN - CHICAGO BOARD OF TRADE,cit,472584.0,193984.0,1999925.0
CIT,combined,2024-04-09,002602,CORN - CHICAGO BOARD OF TRADE,comm,536817.0,537325.0,1999925.0
CIT,combined,2024-04-09,002602,CORN - CHICAGO BOARD OF TRADE,noncomm,116619.0,386230.0,1999925.0
CIT,combined,2024-04-09,002602,CORN - CHICAGO BOARD OF TRADE,nonrept,214497.0,222978.0,1999925.0
CIT,combined,2024-04-09,005602,SOYBEANS - CHICAGO BOARD OF TRADE,cit,193393.0,71541.0,1064875.0
CIT,combined,2024-04-09,005602,SOYBEANS - CHICAGO BOARD OF TRADE,comm,413561.0,366146.0,1064875.0
CIT,combined,2024-04-09,005602,SOYBEANS - CHICAGO BOARD OF TRADE,noncomm,43510.0,202592.0,1064875.0
CIT,combined,2024-04-09,005602,SOYBEANS - CHICAGO BOARD OF TRADE,nonrept,64120.0,74305.0,1064875.0
CIT,combined,2024-04-09,057642,LIVE CATTLE - CHICAGO MERCANTILE EXCHANGE,cit,103370.0,20578.0,380431.0
CIT,combined,2024-04-09,057642,LIVE CATTLE - CHICAGO MERCANTILE EXCHANGE,comm,77406.0,176893.0,380431.0
CIT,combined,2024-04-09,057642,LIVE CATTLE - CHICAGO MERCANTILE EXCHANGE,noncomm,60708.0,31151.0,380431.0
CIT,combined,2024-04-09,057642,LIVE CATTLE - CHICAGO MERCANTILE EXCHANGE,nonrept,33712.0,46574.0,380431.0
CIT,combined,2024-04-09,073732,COCOA - ICE FUTURES U.S.,cit,29026.0,9382.0,296777.0
CIT,combined,2024-04-09,073732,COCOA - ICE FUTURES U.S.,comm,77823.0,115330.0,296777.0
CIT,combined,2024-04-09,073732,COCOA - ICE FUTURES U.S.,noncomm,31087.0,19257.0,296777.0
CIT,combined,2024-04-09,073732,COCOA - ICE FUTURES U.S.,nonrept,14574.0,8541.0,296777.0
CIT,combined,2024-04-09,080732,SUGAR NO. 11 - ICE FUTURES U.S.,cit,223796.0,72596.0,1006558.0
CIT,combined,2024-04-09,080732,SUGAR NO. 11 - ICE FUTURES U.S.,comm,373737.0,557974.0,1006558.0
CIT,combined,2024-04-09,080732,SUGAR NO. 11 - ICE FUTURES U.S.,noncomm,101017.0,74157.0,1006558.0
CIT,combined,2024-04-09,080732,SUGAR NO. 11 - ICE FUTURES U.S.,nonrept,77181.0,71003.0,1006558.0
CIT,combined,2024-04-09,083731,COFFEE C - ICE FUTURES U.S.,cit,66126.0,11706.0,295572.0
CIT,combined,2024-04-09,083731,COFFEE C - ICE FUTURES U.S.,comm,63778.0,169992.0,295572.0
CIT,combined,2024-04-09,083731,COFFEE C - ICE FUTURES U.S.,noncomm,68839.0,20289.0,295572.0
CIT,combined,2024-04-09,083731,COFFEE C - ICE FUTURES U.S.,nonrept,10731.0,7488.0,295572.0
CIT,combined,2024-04-16,001602,WHEAT-SRW - CHICAGO BOARD OF TRADE,cit,173818.0,57109.0,449409.0
CIT,combined,2024-04-16,001602,WHEAT-SRW - CHICAGO BOARD OF TRADE,comm,72629.0,69157.0,449409.0
CIT,combined,2024-04-16,001602,WHEAT-SRW - CHICAGO BOARD OF TRADE,noncomm,36874.0,158882.0,449409.0
CIT,combined,2024-04-16,001602,WHEAT-SRW - CHICAGO BOARD OF TRADE,nonrept,34473.0,32646.0,449409.0
CIT,combined,2024-04-16,002602,CORN - CHICAGO BOARD OF TRADE,cit,483206.0,204826.0,1966208.0
CIT,combined,2024-04-16,002602,CORN - CHICAGO BOARD OF TRADE,comm,540411.0,526200.0,1966208.0
CIT,combined,2024-04-16,002602,CORN - CHICAGO BOARD OF TRADE,noncomm,114950.0,395432.0,1966208.0
CIT,combined,2024-04-16,002602,CORN - CHICAGO BOARD OF TRADE,nonrept,208614.0,220723.0,1966208.0
CIT,combined,2024-04-16,005602,SOYBEANS - CHICAGO BOARD OF TRADE,cit,194760.0,78256.0,1126772.0
CIT,combined,2024-04-16,005602,SOYBEANS - CHICAGO BOARD OF TRADE,comm,447733.0,371905.0,1126772.0
CIT,combined,2024-04-16,005602,SOYBEANS - CHICAGO BOARD OF TRADE,noncomm,41250.0,222492.0,1126772.0
CIT,combined,2024-04-16,005602,SOYBEANS - CHICAGO BOARD OF TRADE,nonrept,64767.0,75856.0,1126772.0
CIT,combined,2024-04-16,057642,LIVE CATTLE - CHICAGO MERCANTILE EXCHANGE,cit,102010.0,20392.0,373249.0
CIT,combined,2024-04-16,057642,LIVE CATTLE - CHICAGO MERCANTILE EXCHANGE,comm,76511.0,169202.0,373249.0
CIT,combined,2024-04-16,057642,LIVE CATTLE - CHICAGO MERCANTILE EXCHANGE,noncomm,56039.0,31902.0,373249.0
CIT,combined,2024-04-16,057642,LIVE CATTLE - CHICAGO MERCANTILE EXCHANGE,nonrept,32711.0,45773.0,373249.0
CIT,combined,2024-04-16,073732,COCOA - ICE FUTURES U.S.,cit,30225.0,10669.0,286000.0
CIT,combined,2024-04-16,073732,COCOA - ICE FUTURES U.S.,comm,74739.0,111918.0,286000.0
CIT,combined,2024-04-16,073732,COCOA - ICE FUTURES U.S.,noncomm,28683.0,17584.0,286000.0
CIT,combined,2024-04-16,073732,COCOA - ICE FUTURES U.S.,nonrept,13717.0,7195.0,286000.0
CIT,combined,2024-04-16,080732,SUGAR NO. 11 - ICE FUTURES U.S.,cit,233701.0,68851.0,958466.0
CIT,combined,2024-04-16,080732,SUGAR NO. 11 - ICE FUTURES U.S.,comm,366980.0,508754.0,958466.0
CIT,combined,2024-04-16,080732,SUGAR NO. 11 - ICE FUTURES U.S.,noncomm,91214.0,101766.0,958466.0
CIT,combined,2024-04-16,080732,SUGAR NO. 11 - ICE FUTURES U.S.,nonrept,73423.0,85947.0,958466.0
CIT,combined,2024-04-16,083731,COFFEE C - ICE FUTURES U.S.,cit,63625.0,11044.0,286958.0
CIT,combined,2024-04-16,083731,COFFEE C - ICE FUTURES U.S.,comm,64871.0,173538.0,286958.0
CIT,combined,2024-04-16,083731,COFFEE C - ICE FUTURES U.S.,noncomm,72706.0,19273.0,286958.0
CIT,combined,2024-04-16,083731,COFFEE C - ICE FUTURES U.S.,nonrept,9320.0,6668.0,286958.0
CIT,combined,2024-04-23,001602,WHEAT-SRW - CHICAGO BOARD OF TRADE,cit,172393.0,56167.0,453343.0
CIT,combined,2024-04-23,001602,WHEAT-SRW - CHICAGO BOARD OF TRADE,comm,72512.0,81055.0,453343.0
CIT,combined,2024-04-23,001602,WHEAT-SRW - CHICAGO BOARD OF TRADE,noncomm,40885.0,146693.0,453343.0
CIT,combined,2024-04-23,001602,WHEAT-SRW - CHICAGO BOARD OF TRADE,nonrept,33171.0,35047.0,453343.0
CIT,combined,2024-04-23,002602,CORN - CHICAGO BOARD OF TRADE,cit,492786.0,214477.0,1969357.0
CIT,combined,2024-04-23,002602,CORN - CHICAGO BOARD OF TRADE,comm,528825.0,555993.0,1969357.0
CIT,combined,2024-04-23,002602,CORN - CHICAGO BOARD OF TRADE,noncomm,121023.0,360729.0,1969357.0
CIT,combined,2024-04-23,002602,CORN - CHICAGO BOARD OF TRADE,nonrept,203019.0,214454.0,1969357.0
CIT,combined,2024-04-23,005602,SOYBEANS - CHICAGO BOARD OF TRADE,cit,192561.0,76959.0,1057438.0
CIT,combined,2024-04-23,005602,SOYBEANS - CHICAGO BOARD OF TRADE,comm,418914.0,363393.0,1057438.0
CIT,combined,2024-04-23,005602,SOYBEANS - CHICAGO BOARD OF TRADE,noncomm,40723.0,204746.0,1057438.0
CIT,combined,2024-04-23,005602,SOYBEANS - CHICAGO BOARD OF TRADE,nonrept,62986.0,70085.0,1057438.0
CIT,combined,2024-04-23,057642,LIVE CATTLE - CHICAGO MERCANTILE EXCHANGE,cit,102243.0,19701.0,370429.0
CIT,combined,2024-04-23,057642,LIVE CATTLE - CHICAGO MERCANTILE EXCHANGE,comm,69943.0,166520.0,370429.0
CIT,combined,2024-04-23,057642,LIVE CATTLE - CHICAGO MERCANTILE EXCHANGE,noncomm,59746.0,31850.0,370429.0
CIT,combined,2024-04-23,057642,LIVE CATTLE - CHICAGO MERCANTILE EXCHANGE,nonrept,30885.0,44746.0,370429.0
CIT,combined,2024-04-23,073732,COCOA - ICE FUTURES U.S.,cit,30697.0,11660.0,287967.0
CIT,combined,2024-04-23,073732,COCOA - ICE FUTURES U.S.,comm,67304.0,102566.0,287967.0
CIT,combined,2024-04-23,073732,COCOA - ICE FUTURES U.S.,noncomm,26538.0,15924.0,287967.0
CIT,combined,2024-04-23,073732,COCOA - ICE FUTURES U.S.,nonrept,12884.0,7274.0,287967.0
CIT,combined,2024-04-23,080732,SUGAR NO. 11 - ICE FUTURES U.S.,cit,238335.0,74862.0,975913.0
CIT,combined,2024-04-23,080732,SUGAR NO. 11 - ICE FUTURES U.S.,comm,371837.0,500860.0,975913.0
CIT,combined,2024-04-23,080732,SUGAR NO. 11 - ICE FUTURES U.S.,noncomm,91537.0,119562.0,975913.0
CIT,combined,2024-04-23,080732,SUGAR NO. 11 - ICE FUTURES U.S.,nonrept,69084.0,75509.0,975913.0
CIT,combined,2024-04-23,083731,COFFEE C - ICE FUTURES U.S.,cit,63558.0,11051.0,290618.0
CIT,combined,2024-04-23,083731,COFFEE C - ICE FUTURES U.S.,comm,62825.0,169294.0,290618.0
CIT,combined,2024-04-23,083731,COFFEE C - ICE FUTURES U.S.,noncomm,69040.0,18335.0,290618.0
CIT,combined,2024-04-23,083731,COFFEE C - ICE FUTURES U.S.,nonrept,8750.0,5493.0,290618.0
CIT,combined,2024-04-30,001602,WHEAT-SRW - CHICAGO BOARD OF TRADE,cit,163830.0,44824.0,423620.0
CIT,combined,2024-04-30,001602,WHEAT-SRW - CHICAGO BOARD OF TRADE,comm,68128.0,92658.0,423620.0
CIT,combined,2024-04-30,001602,WHEAT-SRW - CHICAGO BOARD OF TRADE,noncomm,39176.0,125075.0,423620.0
CIT,combined,2024-04-30,001602,WHEAT-SRW - CHICAGO BOARD OF TRADE,nonrept,29102.0,37679.0,423620.0
CIT,combined,2024-04-30,002602,CORN - CHICAGO BOARD OF TRADE,cit,483855.0,193289.0,1805673.0
CIT,combined,2024-04-30,002602,CORN - CHICAGO BOARD OF TRADE,comm,474852.0,518096.0,1805673.0
CIT,combined,2024-04-30,002602,CORN - CHICAGO BOARD OF TRADE,noncomm,121098.0,351350.0,1805673.0
CIT,combined,2024-04-30,002602,CORN - CHICAGO BOARD OF TRADE,nonrept,186534.0,203605.0,1805673.0
CIT,combined,2024-04-30,005602,SOYBEANS - CHICAGO BOARD OF TRADE,cit,191427.0,71839.0,911168.0
CIT,combined,2024-04-30,005602,SOYBEANS - CHICAGO BOARD OF TRADE,comm,368028.0,316527.0,911168.0
CIT,combined,2024-04-30,005602,SOYBEANS - CHICAGO BOARD OF TRADE,noncomm,43685.0,205757.0,911168.0
CIT,combined,2024-04-30,005602,SOYBEANS - CHICAGO BOARD OF TRADE,nonrept,58879.0,67895.0,911168.0
CIT,combined,2024-04-30,057642,LIVE CATTLE - CHICAGO MERCANTILE EXCHANGE,cit,103600.0,21747.0,386627.0
CIT,combined,2024-04-30,057642,LIVE CATTLE - CHICAGO MERCANTILE EXCHANGE,comm,74219.0,170392.0,386627.0
CIT,combined,2024-04-30,057642,LIVE CATTLE - CHICAGO MERCANTILE EXCHANGE,noncomm,60423.0,33831.0,386627.0
CIT,combined,2024-04-30,057642,LIVE CATTLE - CHICAGO MERCANTILE EXCHANGE,nonrept,32539.0,44811.0,386627.0
CIT,combined,2024-04-30,073732,COCOA - ICE FUTURES U.S.,cit,29086.0,12139.0,268254.0
CIT,combined,2024-04-30,073732,COCOA - ICE FUTURES U.S.,comm,66937.0,95972.0,268254.0
CIT,combined,2024-04-30,073732,COCOA - ICE FUTURES U.S.,noncomm,23097.0,15816.0,268254.0
CIT,combined,2024-04-30,073732,COCOA - ICE FUTURES U.S.,nonrept,11672.0,6866.0,268254.0
CIT,combined,2024-04-30,080732,SUGAR NO. 11 - ICE FUTURES U.S.,cit,246238.0,79528.0,983132.0
CIT,combined,2024-04-30,080732,SUGAR NO. 11 - ICE FUTURES U.S.,comm,379583.0,497888.0,983132.0
CIT,combined,2024-04-30,080732,SUGAR NO. 11 - ICE FUTURES U.S.,noncomm,85848.0,123532.0,983132.0
CIT,combined,2024-04-30,080732,SUGAR NO. 11 - ICE FUTURES U.S.,nonrept,66427.0,77150.0,983132.0
CIT,combined,2024-04-30,083731,COFFEE C - ICE FUTURES U.S.,cit,63431.0,12779.0,289477.0
CIT,combined,2024-04-30,083731,COFFEE C - ICE FUTURES U.S.,comm,62429.0,165610.0,289477.0
CIT,combined,2024-04-30,083731,COFFEE C - ICE FUTURES U.S.,noncomm,68802.0,19826.0,289477.0
CIT,combined,2024-04-30,083731,COFFEE C - ICE FUTURES U.S.,nonrept,9012.0,5459.0,289477.0
CIT,combined,2024-05-07,001602,WHEAT-SRW - CHICAGO BOARD OF TRADE,cit,165927.0,49752.0,448731.0
CIT,combined,2024-05-07,001602,WHEAT-SRW - CHICAGO BOARD OF TRADE,comm,72845.0,99913.0,448731.0
CIT,combined,2024-05-07,001602,WHEAT-SRW - CHICAGO BOARD OF TRADE,noncomm,39538.0,118620.0,448731.0
CIT,combined,2024-05-07,001602,WHEAT-SRW - CHICAGO BOARD OF TRADE,nonrept,27857.0,37882.0,448731.0
CIT,combined,2024-05-07,002602,CORN - CHICAGO BOARD OF TRADE,cit,499746.0,179158.0,1895082.0
CIT,combined,2024-05-07,002602,CORN - CHICAGO BOARD OF TRADE,comm,473777.0,628298.0,1895082.0
CIT,combined,2024-05-07,002602,CORN - CHICAGO BOARD OF TRADE,noncomm,146083.0,284939.0,1895082.0
CIT,combined,2024-05-07,002602,CORN - CHICAGO BOARD OF TRADE,nonrept,192977.0,220188.0,1895082.0
CIT,combined,2024-05-07,005602,SOYBEANS - CHICAGO BOARD OF TRADE,cit,204749.0,61563.0,954273.0
CIT,combined,2024-05-07,005602,SOYBEANS - CHICAGO BOARD OF TRADE,comm,340087.0,386491.0,954273.0
CIT,combined,2024-05-07,005602,SOYBEANS - CHICAGO BOARD OF TRADE,noncomm,65728.0,145739.0,954273.0
CIT,combined,2024-05-07,005602,SOYBEANS - CHICAGO BOARD OF TRADE,nonrept,59430.0,76202.0,954273.0
CIT,combined,2024-05-07,057642,LIVE CATTLE - CHICAGO MERCANTILE EXCHANGE,cit,102840.0,22780.0,367164.0
CIT,combined,2024-05-07,057642,LIVE CATTLE - CHICAGO MERCANTILE EXCHANGE,comm,71141.0,165739.0,367164.0
CIT,combined,2024-05-07,057642,LIVE CATTLE - CHICAGO MERCANTILE EXCHANGE,noncomm,55433.0,28188.0,367164.0
CIT,combined,2024-05-07,057642,LIVE CATTLE - CHICAGO MERCANTILE EXCHANGE,nonrept,31750.0,44457.0,367164.0
CIT,combined,2024-05-07,073732,COCOA - ICE FUTURES U.S.,cit,28567.0,14020.0,261708.0
CIT,combined,2024-05-07,073732,COCOA - ICE FUTURES U.S.,comm,67355.0,95318.0,261708.0
CIT,combined,2024-05-07,073732,COCOA - ICE FUTURES U.S.,noncomm,21387.0,13827.0,261708.0
CIT,combined,2024-05-07,073732,COCOA - ICE FUTURES U.S.,nonrept,12034.0,6177.0,261708.0
CIT,combined,2024-05-07,080732,SUGAR NO. 11 - ICE FUTURES U.S.,cit,244866.0,81075.0,977882.0
CIT,combined,2024-05-07,080732,SUGAR NO. 11 - ICE FUTURES U.S.,comm,357860.0,473966.0,977882.0
CIT,combined,2024-05-07,080732,SUGAR NO. 11 - ICE FUTURES U.S.,noncomm,87014.0,131368.0,977882.0
CIT,combined,2024-05-07,080732,SUGAR NO. 11 - ICE FUTURES U.S.,nonrept,69206.0,72537.0,977882.0
CIT,combined,2024-05-07,083731,COFFEE C - ICE FUTURES U.S.,cit,63599.0,14809.0,288117.0
CIT,combined,2024-05-07,083731,COFFEE C - ICE FUTURES U.S.,comm,63496.0,158827.0,288117.0
CIT,combined,2024-05-07,083731,COFFEE C - ICE FUTURES U.S.,noncomm,61211.0,17868.0,288117.0
CIT,combined,2024-05-07,083731,COFFEE C - ICE FUTURES U.S.,nonrept,9785.0,6587.0,288117.0
CIT,combined,2024-05-14,001602,WHEAT-SRW - CHICAGO BOARD OF TRADE,cit,174728.0,53132.0,492012.0
CIT,combined,2024-05-14,001602,WHEAT-SRW - CHICAGO BOARD OF TRADE,comm,77973.0,120434.0,492012.0
CIT,combined,2024-05-14,001602,WHEAT-SRW - CHICAGO BOARD OF TRADE,noncomm,44816.0,113964.0,492012.0
CIT,combined,2024-05-14,001602,WHEAT-SRW - CHICAGO BOARD OF TRADE,nonrept,30947.0,40933.0,492012.0
CIT,combined,2024-05-14,002602,CORN - CHICAGO BOARD OF TRADE,cit,516104.0,188493.0,1973804.0
CIT,combined,2024-05-14,002602,CORN - CHICAGO BOARD OF TRADE,comm,482417.0,658949.0,1973804.0
CIT,combined,2024-05-14,002602,CORN - CHICAGO BOARD OF TRADE,noncomm,160074.0,266466.0,1973804.0
CIT,combined,2024-05-14,002602,CORN - CHICAGO BOARD OF TRADE,nonrept,191570.0,236257.0,1973804.0
CIT,combined,2024-05-14,005602,SOYBEANS - CHICAGO BOARD OF TRADE,cit,205597.0,57191.0,966137.0
CIT,combined,2024-05-14,005602,SOYBEANS - CHICAGO BOARD OF TRADE,comm,355706.0,400001.0,966137.0
CIT,combined,2024-05-14,005602,SOYBEANS - CHICAGO BOARD OF TRADE,noncomm,55756.0,140650.0,966137.0
CIT,combined,2024-05-14,005602,SOYBEANS - CHICAGO BOARD OF TRADE,nonrept,62484.0,81702.0,966137.0
CIT,combined,2024-05-14,057642,LIVE CATTLE - CHICAGO MERCANTILE EXCHANGE,cit,99991.0,20189.0,369102.0
CIT,combined,2024-05-14,057642,LIVE CATTLE - CHICAGO MERCANTILE EXCHANGE,comm,70105.0,165614.0,369102.0
CIT,combined,2024-05-14,057642,LIVE CATTLE - CHICAGO MERCANTILE EXCHANGE,noncomm,58084.0,28600.0,369102.0
CIT,combined,2024-05-14,057642,LIVE CATTLE - CHICAGO MERCANTILE EXCHANGE,nonrept,32745.0,46522.0,369102.0
CIT,combined,2024-05-14,073732,COCOA - ICE FUTURES U.S.,cit,28209.0,13408.0,253271.0
CIT,combined,2024-05-14,073732,COCOA - ICE FUTURES U.S.,comm,66071.0,93924.0,253271.0
CIT,combined,2024-05-14,073732,COCOA - ICE FUTURES U.S.,noncomm,21176.0,13611.0,253271.0
CIT,combined,2024-05-14,073732,COCOA - ICE FUTURES U.S.,nonrept,11287.0,5800.0,253271.0
CIT,combined,2024-05-14,080732,SUGAR NO. 11 - ICE FUTURES U.S.,cit,246233.0,76155.0,991735.0
CIT,combined,2024-05-14,080732,SUGAR NO. 11 - ICE FUTURES U.S.,comm,369242.0,466780.0,991735.0
CIT,combined,2024-05-14,080732,SUGAR NO. 11 - ICE FUTURES U.S.,noncomm,83055.0,141329.0,991735.0
CIT,combined,2024-05-14,080732,SUGAR NO. 11 - ICE FUTURES U.S.,nonrept,63811.0,78078.0,991735.0
CIT,combined,2024-05-14,083731,COFFEE C - ICE FUTURES U.S.,cit,62064.0,14219.0,277617.0
CIT,combined,2024-05-14,083731,COFFEE C - ICE FUTURES U.S.,comm,61246.0,151546.0,277617.0
CIT,combined,2024-05-14,083731,COFFEE C - ICE FUTURES U.S.,noncomm,54536.0,14531.0,277617.0
CIT,combined,2024-05-14,083731,COFFEE C - ICE FUTURES U.S.,nonrept,9523.0,7071.0,277617.0
CIT,combined,2024-05-21,001602,WHEAT-SRW - CHICAGO BOARD OF TRADE,cit,171724.0,54948.0,515075.0
CIT,combined,2024-05-21,001602,WHEAT-SRW - CHICAGO BOARD OF TRADE,comm,78258.0,117852.0,515075.0
CIT,combined,2024-05-21,001602,WHEAT-SRW - CHICAGO BOARD OF TRADE,noncomm,50167.0,118139.0,515075.0
CIT,combined,2024-05-21,001602,WHEAT-SRW - CHICAGO BOARD OF TRADE,nonrept,33732.0,42942.0,515075.0
CIT,combined,2024-05-21,002602,CORN - CHICAGO BOARD OF TRADE,cit,513464.0,198990.0,1993404.0
CIT,combined,2024-05-21,002602,CORN - CHICAGO BOARD OF TRADE,comm,502874.0,642413.0,1993404.0
CIT,combined,2024-05-21,002602,CORN - CHICAGO BOARD OF TRADE,noncomm,156822.0,289698.0,1993404.0
CIT,combined,2024-05-21,002602,CORN - CHICAGO BOARD OF TRADE,nonrept,192365.0,234424.0,1993404.0
CIT,combined,2024-05-21,005602,SOYBEANS - CHICAGO BOARD OF TRADE,cit,214937.0,59374.0,1006051.0
CIT,combined,2024-05-21,005602,SOYBEANS - CHICAGO BOARD OF TRADE,comm,363171.0,431161.0,1006051.0
CIT,combined,2024-05-21,005602,SOYBEANS - CHICAGO BOARD OF TRADE,noncomm,61637.0,130607.0,1006051.0
CIT,combined,2024-05-21,005602,SOYBEANS - CHICAGO BOARD OF TRADE,nonrept,63842.0,82445.0,1006051.0
CIT,combined,2024-05-21,057642,LIVE CATTLE - CHICAGO MERCANTILE EXCHANGE,cit,102814.0,21073.0,373084.0
CIT,combined,2024-05-21,057642,LIVE CATTLE - CHICAGO MERCANTILE EXCHANGE,comm,67817.0,167456.0,373084.0
CIT,combined,2024-05-21,057642,LIVE CATTLE - CHICAGO MERCANTILE EXCHANGE,noncomm,62515.0,28615.0,373084.0
CIT,combined,2024-05-21,057642,LIVE CATTLE - CHICAGO MERCANTILE EXCHANGE,nonrept,32436.0,48438.0,373084.0
CIT,combined,2024-05-21,073732,COCOA - ICE FUTURES U.S.,cit,27752.0,12464.0,246433.0
CIT,combined,2024-05-21,073732,COCOA - ICE FUTURES U.S.,comm,63554.0,93194.0,246433.0
CIT,combined,2024-05-21,073732,COCOA - ICE FUTURES U.S.,noncomm,21094.0,12426.0,246433.0
CIT,combined,2024-05-21,073732,COCOA - ICE FUTURES U.S.,nonrept,11840.0,6156.0,246433.0
CIT,combined,2024-05-21,080732,SUGAR NO. 11 - ICE FUTURES U.S.,cit,249476.0,81767.0,1016817.0
CIT,combined,2024-05-21,080732,SUGAR NO. 11 - ICE FUTURES U.S.,comm,394083.0,476992.0,1016817.0
CIT,combined,2024-05-21,080732,SUGAR NO. 11 - ICE FUTURES U.S.,noncomm,83243.0,152733.0,1016817.0
CIT,combined,2024-05-21,080732,SUGAR NO. 11 - ICE FUTURES U.S.,nonrept,63875.0,79185.0,1016817.0
CIT,combined,2024-05-21,083731,COFFEE C - ICE FUTURES U.S.,cit,62168.0,14021.0,276219.0
CIT,combined,2024-05-21,083731,COFFEE C - ICE FUTURES U.S.,comm,60350.0,152755.0,276219.0
CIT,combined,2024-05-21,083731,COFFEE C - ICE FUTURES U.S.,noncomm,55670.0,14293.0,276219.0
CIT,combined,2024-05-21,083731,COFFEE C - ICE FUTURES U.S.,nonrept,9816.0,6935.0,276219.0
CIT,combined,2024-05-28,001602,WHEAT-SRW - CHICAGO BOARD OF TRADE,cit,165899.0,51372.0,516145.0
CIT,combined,2024-05-28,001602,WHEAT-SRW - CHICAGO BOARD OF TRADE,comm,86355.0,124092.0,516145.0
CIT,combined,2024-05-28,001602,WHEAT-SRW - CHICAGO BOARD OF TRADE,noncomm,50988.0,119626.0,516145.0
CIT,combined,2024-05-28,001602,WHEAT-SRW - CHICAGO BOARD OF TRADE,nonrept,35245.0,43397.0,516145.0
CIT,combined,2024-05-28,002602,CORN - CHICAGO BOARD OF TRADE,cit,491407.0,193059.0,1963843.0
CIT,combined,2024-05-28,002602,CORN - CHICAGO BOARD OF TRADE,comm,515535.0,622094.0,1963843.0
CIT,combined,2024-05-28,002602,CORN - CHICAGO BOARD OF TRADE,noncomm,160373.0,306614.0,1963843.0
CIT,combined,2024-05-28,002602,CORN - CHICAGO BOARD OF TRADE,nonrept,190433.0,235981.0,1963843.0
CIT,combined,2024-05-28,005602,SOYBEANS - CHICAGO BOARD OF TRADE,cit,206019.0,51907.0,1007496.0
CIT,combined,2024-05-28,005602,SOYBEANS - CHICAGO BOARD OF TRADE,comm,373989.0,447598.0,1007496.0
CIT,combined,2024-05-28,005602,SOYBEANS - CHICAGO BOARD OF TRADE,noncomm,68765.0,126419.0,1007496.0
CIT,combined,2024-05-28,005602,SOYBEANS - CHICAGO BOARD OF TRADE,nonrept,61744.0,84592.0,1007496.0
CIT,combined,2024-05-28,057642,LIVE CATTLE - CHICAGO MERCANTILE EXCHANGE,cit,104600.0,21413.0,391190.0
CIT,combined,2024-05-28,057642,LIVE CATTLE - CHICAGO MERCANTILE EXCHANGE,comm,67526.0,177755.0,391190.0
CIT,combined,2024-05-28,057642,LIVE CATTLE - CHICAGO MERCANTILE EXCHANGE,noncomm,72915.0,26973.0,391190.0
CIT,combined,2024-05-28,057642,LIVE CATTLE - CHICAGO MERCANTILE EXCHANGE,nonrept,31335.0,50235.0,391190.0
CIT,combined,2024-05-28,073732,COCOA - ICE FUTURES U.S.,cit,33005.0,15927.0,271237.0
CIT,combined,2024-05-28,073732,COCOA - ICE FUTURES U.S.,comm,67190.0,100361.0,271237.0
CIT,combined,2024-05-28,073732,COCOA - ICE FUTURES U.S.,noncomm,22552.0,12181.0,271237.0
CIT,combined,2024-05-28,073732,COCOA - ICE FUTURES U.S.,nonrept,11805.0,6083.0,271237.0
CIT,combined,2024-05-28,080732,SUGAR NO. 11 - ICE FUTURES U.S.,cit,250010.0,84114.0,1035917.0
CIT,combined,2024-05-28,080732,SUGAR NO. 11 - ICE FUTURES U.S.,comm,391342.0,475759.0,1035917.0
CIT,combined,2024-05-28,080732,SUGAR NO. 11 - ICE FUTURES U.S.,noncomm,85978.0,154106.0,1035917.0
CIT,combined,2024-05-28,080732,SUGAR NO. 11 - ICE FUTURES U.S.,nonrept,67052.0,80403.0,1035917.0
CIT,combined,2024-05-28,083731,COFFEE C - ICE FUTURES U.S.,cit,63486.0,14250.0,291033.0
CIT,combined,2024-05-28,083731,COFFEE C - ICE FUTURES U.S.,comm,62038.0,158316.0,291033.0
CIT,combined,2024-05-28,083731,COFFEE C - ICE FUTURES U.S.,noncomm,58300.0,14513.0,291033.0
CIT,combined,2024-05-28,083731,COFFEE C - ICE FUTURES U.S.,nonrept,9883.0,6627.0,291033.0
CIT,combined,2024-06-04,001602,WHEAT-SRW - CHICAGO BOARD OF TRADE,cit,161269.0,57040.0,517578.0
CIT,combined,2024-06-04,001602,WHEAT-SRW - CHICAGO BOARD OF TRADE,comm,93937.0,124586.0,517578.0
CIT,combined,2024-06-04,001602,WHEAT-SRW - CHICAGO BOARD OF TRADE,noncomm,54285.0,119697.0,517578.0
CIT,combined,2024-06-04,001602,WHEAT-SRW - CHICAGO BOARD OF TRADE,nonrept,35274.0,43443.0,517578.0
CIT,combined,2024-06-04,002602,CORN - CHICAGO BOARD OF TRADE,cit,507889.0,233598.0,2067099.0
CIT,combined,2024-06-04,002602,CORN - CHICAGO BOARD OF TRADE,comm,559681.0,588354.0,2067099.0
CIT,combined,2024-06-04,002602,CORN - CHICAGO BOARD OF TRADE,noncomm,156446.0,350773.0,2067099.0
CIT,combined,2024-06-04,002602,CORN - CHICAGO BOARD OF TRADE,nonrept,186184.0,237476.0,2067099.0
CIT,combined,2024-06-04,005602,SOYBEANS - CHICAGO BOARD OF TRADE,cit,209171.0,66877.0,1074413.0
CIT,combined,2024-06-04,005602,SOYBEANS - CHICAGO BOARD OF TRADE,comm,413236.0,439582.0,1074413.0
CIT,combined,2024-06-04,005602,SOYBEANS - CHICAGO BOARD OF TRADE,noncomm,62344.0,152830.0,1074413.0
CIT,combined,2024-06-04,005602,SOYBEANS - CHICAGO BOARD OF TRADE,nonrept,57741.0,83202.0,1074413.0
CIT,combined,2024-06-04,057642,LIVE CATTLE - CHICAGO MERCANTILE EXCHANGE,cit,103565.0,21908.0,395552.0
CIT,combined,2024-06-04,057642,LIVE CATTLE - CHICAGO MERCANTILE EXCHANGE,comm,74991.0,179601.0,395552.0
CIT,combined,2024-06-04,057642,LIVE CATTLE - CHICAGO MERCANTILE EXCHANGE,noncomm,69072.0,29960.0,395552.0
CIT,combined,2024-06-04,057642,LIVE CATTLE - CHICAGO MERCANTILE EXCHANGE,nonrept,33213.0,49371.0,395552.0
CIT,combined,2024-06-04,073732,COCOA - ICE FUTURES U.S.,cit,34987.0,17302.0,281380.0
CIT,combined,2024-06-04,073732,COCOA - ICE FUTURES U.S.,comm,68839.0,103976.0,281380.0
CIT,combined,2024-06-04,073732,COCOA - ICE FUTURES U.S.,noncomm,22253.0,11787.0,281380.0
CIT,combined,2024-06-04,073732,COCOA - ICE FUTURES U.S.,nonrept,12765.0,5780.0,281380.0
CIT,combined,2024-06-04,080732,SUGAR NO. 11 - ICE FUTURES U.S.,cit,245641.0,83511.0,1047600.0
CIT,combined,2024-06-04,080732,SUGAR NO. 11 - ICE FUTURES U.S.,comm,393895.0,474300.0,1047600.0
CIT,combined,2024-06-04,080732,SUGAR NO. 11 - ICE FUTURES U.S.,noncomm,82022.0,155441.0,1047600.0
CIT,combined,2024-06-04,080732,SUGAR NO. 11 - ICE FUTURES U.S.,nonrept,72761.0,81067.0,1047600.0
CIT,combined,2024-06-04,083731,COFFEE C - ICE FUTURES U.S.,cit,66657.0,16522.0,309778.0
CIT,combined,2024-06-04,083731,COFFEE C - ICE FUTURES U.S.,comm,67969.0,167234.0,309778.0
CIT,combined,2024-06-04,083731,COFFEE C - ICE FUTURES U.S.,noncomm,60468.0,13925.0,309778.0
CIT,combined,2024-06-04,083731,COFFEE C - ICE FUTURES U.S.,nonrept,9549.0,6962.0,309778.0
CIT,combined,2024-06-11,001602,WHEAT-SRW - CHICAGO BOARD OF TRADE,cit,149804.0,61206.0,489836.0
CIT,combined,2024-06-11,001602,WHEAT-SRW - CHICAGO BOARD OF TRADE,comm,98532.0,116223.0,489836.0
CIT,combined,2024-06-11,001602,WHEAT-SRW - CHICAGO BOARD OF TRADE,noncomm,46202.0,113349.0,489836.0
CIT,combined,2024-06-11,001602,WHEAT-SRW - CHICAGO BOARD OF TRADE,nonrept,37647.0,41407.0,489836.0
CIT,combined,2024-06-11,002602,CORN - CHICAGO BOARD OF TRADE,cit,479412.0,206943.0,2057510.0
CIT,combined,2024-06-11,002602,CORN - CHICAGO BOARD OF TRADE,comm,572320.0,613379.0,2057510.0
CIT,combined,2024-06-11,002602,CORN - CHICAGO BOARD OF TRADE,noncomm,172125.0,358231.0,2057510.0
CIT,combined,2024-06-11,002602,CORN - CHICAGO BOARD OF TRADE,nonrept,187488.0,232793.0,2057510.0
CIT,combined,2024-06-11,005602,SOYBEANS - CHICAGO BOARD OF TRADE,cit,198474.0,72398.0,1056572.0
CIT,combined,2024-06-11,005602,SOYBEANS - CHICAGO BOARD OF TRADE,comm,422810.0,430053.0,1056572.0
CIT,combined,2024-06-11,005602,SOYBEANS - CHICAGO BOARD OF TRADE,noncomm,59952.0,157312.0,1056572.0
CIT,combined,2024-06-11,005602,SOYBEANS - CHICAGO BOARD OF TRADE,nonrept,57582.0,79054.0,1056572.0
CIT,combined,2024-06-11,057642,LIVE CATTLE - CHICAGO MERCANTILE EXCHANGE,cit,97833.0,19337.0,357678.0
CIT,combined,2024-06-11,057642,LIVE CATTLE - CHICAGO MERCANTILE EXCHANGE,comm,69458.0,170116.0,357678.0
CIT,combined,2024-06-11,057642,LIVE CATTLE - CHICAGO MERCANTILE EXCHANGE,noncomm,66167.0,29593.0,357678.0
CIT,combined,2024-06-11,057642,LIVE CATTLE - CHICAGO MERCANTILE EXCHANGE,nonrept,32208.0,46620.0,357678.0
CIT,combined,2024-06-11,073732,COCOA - ICE FUTURES U.S.,cit,33626.0,16104.0,237463.0
CIT,combined,2024-06-11,073732,COCOA - ICE FUTURES U.S.,comm,62751.0,101007.0,237463.0
CIT,combined,2024-06-11,073732,COCOA - ICE FUTURES U.S.,noncomm,25346.0,10785.0,237463.0
CIT,combined,2024-06-11,073732,COCOA - ICE FUTURES U.S.,nonrept,12670.0,6495.0,237463.0
CIT,combined,2024-06-11,080732,SUGAR NO. 11 - ICE FUTURES U.S.,cit,226453.0,69167.0,1027963.0
CIT,combined,2024-06-11,080732,SUGAR NO. 11 - ICE FUTURES U.S.,comm,399528.0,485164.0,1027963.0
CIT,combined,2024-06-11,080732,SUGAR NO. 11 - ICE FUTURES U.S.,noncomm,81782.0,146026.0,1027963.0
CIT,combined,2024-06-11,080732,SUGAR NO. 11 - ICE FUTURES U.S.,nonrept,74998.0,82405.0,1027963.0
CIT,combined,2024-06-11,083731,COFFEE C - ICE FUTURES U.S.,cit,61674.0,13230.0,305102.0
CIT,combined,2024-06-11,083731,COFFEE C - ICE FUTURES U.S.,comm,74519.0,170365.0,305102.0
CIT,combined,2024-06-11,083731,COFFEE C - ICE FUTURES U.S.,noncomm,59918.0,14979.0,305102.0
CIT,combined,2024-06-11,083731,COFFEE C - ICE FUTURES U.S.,nonrept,9663.0,7201.0,305102.0
CIT,combined,2024-06-18,001602,WHEAT-SRW - CHICAGO BOARD OF TRADE,cit,147223.0,61335.0,504760.0
CIT,combined,2024-06-18,001602,WHEAT-SRW - CHICAGO BOARD OF TRADE,comm,118265.0,126896.0,504760.0
CIT,combined,2024-06-18,001602,WHEAT-SRW - CHICAGO BOARD OF TRADE,noncomm,46821.0,119028.0,504760.0
CIT,combined,2024-06-18,001602,WHEAT-SRW - CHICAGO BOARD OF TRADE,nonrept,37626.0,42677.0,504760.0
CIT,combined,2024-06-18,002602,CORN - CHICAGO BOARD OF TRADE,cit,462147.0,195683.0,2048596.0
CIT,combined,2024-06-18,002602,CORN - CHICAGO BOARD OF TRADE,comm,574757.0,633252.0,2048596.0
CIT,combined,2024-06-18,002602,CORN - CHICAGO BOARD OF TRADE,noncomm,188623.0,351256.0,2048596.0
CIT,combined,2024-06-18,002602,CORN - CHICAGO BOARD OF TRADE,nonrept,188117.0,233453.0,2048596.0
CIT,combined,2024-06-18,005602,SOYBEANS - CHICAGO BOARD OF TRADE,cit,205964.0,88666.0,1067089.0
CIT,combined,2024-06-18,005602,SOYBEANS - CHICAGO BOARD OF TRADE,comm,422178.0,407269.0,1067089.0
CIT,combined,2024-06-18,005602,SOYBEANS - CHICAGO BOARD OF TRADE,noncomm,55415.0,169235.0,1067089.0
CIT,combined,2024-06-18,005602,SOYBEANS - CHICAGO BOARD OF TRADE,nonrept,58261.0,76648.0,1067089.0
CIT,combined,2024-06-18,057642,LIVE CATTLE - CHICAGO MERCANTILE EXCHANGE,cit,99337.0,19975.0,372541.0
CIT,combined,2024-06-18,057642,LIVE CATTLE - CHICAGO MERCANTILE EXCHANGE,comm,68317.0,173642.0,372541.0
CIT,combined,2024-06-18,057642,LIVE CATTLE - CHICAGO MERCANTILE EXCHANGE,noncomm,69524.0,29810.0,372541.0
CIT,combined,2024-06-18,057642,LIVE CATTLE - CHICAGO MERCANTILE EXCHANGE,nonrept,33542.0,47292.0,372541.0
CIT,combined,2024-06-18,073732,COCOA - ICE FUTURES U.S.,cit,32698.0,15368.0,236770.0
CIT,combined,2024-06-18,073732,COCOA - ICE FUTURES U.S.,comm,59394.0,96278.0,236770.0
CIT,combined,2024-06-18,073732,COCOA - ICE FUTURES U.S.,noncomm,26762.0,13177.0,236770.0
CIT,combined,2024-06-18,073732,COCOA - ICE FUTURES U.S.,nonrept,11933.0,5964.0,236770.0
CIT,combined,2024-06-18,080732,SUGAR NO. 11 - ICE FUTURES U.S.,cit,232391.0,62426.0,951473.0
CIT,combined,2024-06-18,080732,SUGAR NO. 11 - ICE FUTURES U.S.,comm,376052.0,491961.0,951473.0
CIT,combined,2024-06-18,080732,SUGAR NO. 11 - ICE FUTURES U.S.,noncomm,78464.0,126824.0,951473.0
CIT,combined,2024-06-18,080732,SUGAR NO. 11 - ICE FUTURES U.S.,nonrept,74131.0,79827.0,951473.0
CIT,combined,2024-06-18,083731,COFFEE C - ICE FUTURES U.S.,cit,60889.0,11895.0,241290.0
CIT,combined,2024-06-18,083731,COFFEE C - ICE FUTURES U.S.,comm,48654.0,143730.0,241290.0
CIT,combined,2024-06-18,083731,COFFEE C - ICE FUTURES U.S.,noncomm,57892.0,14571.0,241290.0
CIT,combined,2024-06-18,083731,COFFEE C - ICE FUTURES U.S.,nonrept,7866.0,5105.0,241290.0
CIT,combined,2024-06-25,001602,WHEAT-SRW - CHICAGO BOARD OF TRADE,cit,141515.0,57549.0,470814.0
CIT,combined,2024-06-25,001602,WHEAT-SRW - CHICAGO BOARD OF TRADE,comm,111598.0,111317.0,470814.0
CIT,combined,2024-06-25,001602,WHEAT-SRW - CHICAGO BOARD OF TRADE,noncomm,56168.0,139403.0,470814.0
CIT,combined,2024-06-25,001602,WHEAT-SRW - CHICAGO BOARD OF TRADE,nonrept,39295.0,40307.0,470814.0
CIT,combined,2024-06-25,002602,CORN - CHICAGO BOARD OF TRADE,cit,438113.0,188992.0,1922363.0
CIT,combined,2024-06-25,002602,CORN - CHICAGO BOARD OF TRADE,comm,555913.0,525561.0,1922363.0
CIT,combined,2024-06-25,002602,CORN - CHICAGO BOARD OF TRADE,noncomm,171513.0,410767.0,1922363.0
CIT,combined,2024-06-25,002602,CORN - CHICAGO BOARD OF TRADE,nonrept,189676.0,229895.0,1922363.0
CIT,combined,2024-06-25,005602,SOYBEANS - CHICAGO BOARD OF TRADE,cit,194540.0,79239.0,937412.0
CIT,combined,2024-06-25,005602,SOYBEANS - CHICAGO BOARD OF TRADE,comm,378679.0,343205.0,937412.0
CIT,combined,2024-06-25,005602,SOYBEANS - CHICAGO BOARD OF TRADE,noncomm,54385.0,193679.0,937412.0
CIT,combined,2024-06-25,005602,SOYBEANS - CHICAGO BOARD OF TRADE,nonrept,59691.0,71171.0,937412.0
CIT,combined,2024-06-25,057642,LIVE CATTLE - CHICAGO MERCANTILE EXCHANGE,cit,102970.0,20658.0,393105.0
CIT,combined,2024-06-25,057642,LIVE CATTLE - CHICAGO MERCANTILE EXCHANGE,comm,66967.0,168269.0,393105.0
CIT,combined,2024-06-25,057642,LIVE CATTLE - CHICAGO MERCANTILE EXCHANGE,noncomm,75000.0,40238.0,393105.0
CIT,combined,2024-06-25,057642,LIVE CATTLE - CHICAGO MERCANTILE EXCHANGE,nonrept,32194.0,47966.0,393105.0
CIT,combined,2024-06-25,073732,COCOA - ICE FUTURES U.S.,cit,30459.0,13010.0,220653.0
CIT,combined,2024-06-25,073732,COCOA - ICE FUTURES U.S.,comm,60779.0,93627.0,220653.0
CIT,combined,2024-06-25,073732,COCOA - ICE FUTURES U.S.,noncomm,22884.0,13365.0,220653.0
CIT,combined,2024-06-25,073732,COCOA - ICE FUTURES U.S.,nonrept,11440.0,5560.0,220653.0
CIT,combined,2024-06-25,080732,SUGAR NO. 11 - ICE FUTURES U.S.,cit,234601.0,59505.0,944816.0
CIT,combined,2024-06-25,080732,SUGAR NO. 11 - ICE FUTURES U.S.,comm,365832.0,511767.0,944816.0
CIT,combined,2024-06-25,080732,SUGAR NO. 11 - ICE FUTURES U.S.,noncomm,77752.0,113565.0,944816.0
CIT,combined,2024-06-25,080732,SUGAR NO. 11 - ICE FUTURES U.S.,nonrept,75500.0,68849.0,944816.0
CIT,combined,2024-06-25,083731,COFFEE C - ICE FUTURES U.S.,cit,60886.0,12802.0,249662.0
CIT,combined,2024-06-25,083731,COFFEE C - ICE FUTURES U.S.,comm,50152.0,148980.0,249662.0
CIT,combined,2024-06-25,083731,COFFEE C - ICE FUTURES U.S.,noncomm,60617.0,12904.0,249662.0
CIT,combined,2024-06-25,083731,COFFEE C - ICE FUTURES U.S.,nonrept,8029.0,4998.0,249662.0
CIT,combined,2024-07-02,001602,WHEAT-SRW - CHICAGO BOARD OF TRADE,cit,145541.0,54401.0,472484.0
CIT,combined,2024-07-02,001602,WHEAT-SRW - CHICAGO BOARD OF TRADE,comm,102986.0,97276.0,472484.0
CIT,combined,2024-07-02,001602,WHEAT-SRW - CHICAGO BOARD OF TRADE,noncomm,58279.0,150859.0,472484.0
CIT,combined,2024-07-02,001602,WHEAT-SRW - CHICAGO BOARD OF TRADE,nonrept,35073.0,39342.0,472484.0
CIT,combined,2024-07-02,002602,CORN - CHICAGO BOARD OF TRADE,cit,443980.0,202846.0,1973475.0
CIT,combined,2024-07-02,002602,CORN - CHICAGO BOARD OF TRADE,comm,576650.0,490326.0,1973475.0
CIT,combined,2024-07-02,002602,CORN - CHICAGO BOARD OF TRADE,noncomm,131851.0,437455.0,1973475.0
CIT,combined,2024-07-02,002602,CORN - CHICAGO BOARD OF TRADE,nonrept,194480.0,216334.0,1973475.0
CIT,combined,2024-07-02,005602,SOYBEANS - CHICAGO BOARD OF TRADE,cit,193984.0,84353.0,983073.0
CIT,combined,2024-07-02,005602,SOYBEANS - CHICAGO BOARD OF TRADE,comm,407128.0,358733.0,983073.0
CIT,combined,2024-07-02,005602,SOYBEANS - CHICAGO BOARD OF TRADE,noncomm,54466.0,200743.0,983073.0
CIT,combined,2024-07-02,005602,SOYBEANS - CHICAGO BOARD OF TRADE,nonrept,57157.0,68906.0,983073.0
CIT,combined,2024-07-02,057642,LIVE CATTLE - CHICAGO MERCANTILE EXCHANGE,cit,107367.0,22632.0,422395.0
CIT,combined,2024-07-02,057642,LIVE CATTLE - CHICAGO MERCANTILE EXCHANGE,comm,66821.0,177904.0,422395.0
CIT,combined,2024-07-02,057642,LIVE CATTLE - CHICAGO MERCANTILE EXCHANGE,noncomm,83769.0,41173.0,422395.0
CIT,combined,2024-07-02,057642,LIVE CATTLE - CHICAGO MERCANTILE EXCHANGE,nonrept,32464.0,48711.0,422395.0
CIT,combined,2024-07-02,073732,COCOA - ICE FUTURES U.S.,cit,31596.0,14649.0,226827.0
CIT,combined,2024-07-02,073732,COCOA - ICE FUTURES U.S.,comm,62136.0,94140.0,226827.0
CIT,combined,2024-07-02,073732,COCOA - ICE FUTURES U.S.,noncomm,22048.0,13351.0,226827.0
CIT,combined,2024-07-02,073732,COCOA - ICE FUTURES U.S.,nonrept,11427.0,5068.0,226827.0
CIT,combined,2024-07-02,080732,SUGAR NO. 11 - ICE FUTURES U.S.,cit,225366.0,56682.0,928716.0
CIT,combined,2024-07-02,080732,SUGAR NO. 11 - ICE FUTURES U.S.,comm,339862.0,517452.0,928716.0
CIT,combined,2024-07-02,080732,SUGAR NO. 11 - ICE FUTURES U.S.,noncomm,84879.0,91420.0,928716.0
CIT,combined,2024-07-02,080732,SUGAR NO. 11 - ICE FUTURES U.S.,nonrept,74700.0,59253.0,928716.0
CIT,combined,2024-07-02,083731,COFFEE C - ICE FUTURES U.S.,cit,62103.0,13091.0,251292.0
CIT,combined,2024-07-02,083731,COFFEE C - ICE FUTURES U.S.,comm,52643.0,149311.0,251292.0
CIT,combined,2024-07-02,083731,COFFEE C - ICE FUTURES U.S.,noncomm,59482.0,14661.0,251292.0
CIT,combined,2024-07-02,083731,COFFEE C - ICE FUTURES U.S.,nonrept,8279.0,5443.0,251292.0
CIT,combined,2024-07-09,001602,WHEAT-SRW - CHICAGO BOARD OF TRADE,cit,150047.0,58266.0,485536.0
CIT,combined,2024-07-09,001602,WHEAT-SRW - CHICAGO BOARD OF TRADE,comm,102694.0,100868.0,485536.0
CIT,combined,2024-07-09,001602,WHEAT-SRW - CHICAGO BOARD OF TRADE,noncomm,57270.0,147147.0,485536.0
CIT,combined,2024-07-09,001602,WHEAT-SRW - CHICAGO BOARD OF TRADE,nonrept,35956.0,39685.0,485536.0
CIT,combined,2024-07-09,002602,CORN - CHICAGO BOARD OF TRADE,cit,456562.0,212356.0,2038166.0
CIT,combined,2024-07-09,002602,CORN - CHICAGO BOARD OF TRADE,comm,599824.0,494789.0,2038166.0
CIT,combined,2024-07-09,002602,CORN - CHICAGO BOARD OF TRADE,noncomm,134938.0,456019.0,2038166.0
CIT,combined,2024-07-09,002602,CORN - CHICAGO BOARD OF TRADE,nonrept,194568.0,222728.0,2038166.0
CIT,combined,2024-07-09,005602,SOYBEANS - CHICAGO BOARD OF TRADE,cit,194581.0,90676.0,1043919.0
CIT,combined,2024-07-09,005602,SOYBEANS - CHICAGO BOARD OF TRADE,comm,446990.0,359034.0,1043919.0
CIT,combined,2024-07-09,005602,SOYBEANS - CHICAGO BOARD OF TRADE,noncomm,54248.0,230020.0,1043919.0
CIT,combined,2024-07-09,005602,SOYBEANS - CHICAGO BOARD OF TRADE,nonrept,56150.0,72239.0,1043919.0
CIT,combined,2024-07-09,057642,LIVE CATTLE - CHICAGO MERCANTILE EXCHANGE,cit,106604.0,20932.0,423358.0
CIT,combined,2024-07-09,057642,LIVE CATTLE - CHICAGO MERCANTILE EXCHANGE,comm,72590.0,181929.0,423358.0
CIT,combined,2024-07-09,057642,LIVE CATTLE - CHICAGO MERCANTILE EXCHANGE,noncomm,82266.0,39830.0,423358.0
CIT,combined,2024-07-09,057642,LIVE CATTLE - CHICAGO MERCANTILE EXCHANGE,nonrept,32940.0,51708.0,423358.0
CIT,combined,2024-07-09,073732,COCOA - ICE FUTURES U.S.,cit,31904.0,14874.0,230014.0
CIT,combined,2024-07-09,073732,COCOA - ICE FUTURES U.S.,comm,60464.0,94344.0,230014.0
CIT,combined,2024-07-09,073732,COCOA - ICE FUTURES U.S.,noncomm,24023.0,13746.0,230014.0
CIT,combined,2024-07-09,073732,COCOA - ICE FUTURES U.S.,nonrept,12167.0,5594.0,230014.0
CIT,combined,2024-07-09,080732,SUGAR NO. 11 - ICE FUTURES U.S.,cit,220761.0,50674.0,920207.0
CIT,combined,2024-07-09,080732,SUGAR NO. 11 - ICE FUTURES U.S.,comm,347159.0,523785.0,920207.0
CIT,combined,2024-07-09,080732,SUGAR NO. 11 - ICE FUTURES U.S.,noncomm,78665.0,85220.0,920207.0
CIT,combined,2024-07-09,080732,SUGAR NO. 11 - ICE FUTURES U.S.,nonrept,74041.0,60947.0,920207.0
CIT,combined,2024-07-09,083731,COFFEE C - ICE FUTURES U.S.,cit,63587.0,14381.0,273533.0
CIT,combined,2024-07-09,083731,COFFEE C - ICE FUTURES U.S.,comm,57899.0,161206.0,273533.0
CIT,combined,2024-07-09,083731,COFFEE C - ICE FUTURES U.S.,noncomm,63892.0,12990.0,273533.0
CIT,combined,2024-07-09,083731,COFFEE C - ICE FUTURES U.S.,nonrept,9059.0,5860.0,273533.0
CIT,combined,2024-07-16,001602,WHEAT-SRW - CHICAGO BOARD OF TRADE,cit,150666.0,68344.0,506230.0
CIT,combined,2024-07-16,001602,WHEAT-SRW - CHICAGO BOARD OF TRADE,comm,111998.0,100836.0,506230.0
CIT,combined,2024-07-16,001602,WHEAT-SRW - CHICAGO BOARD OF TRADE,noncomm,55782.0,145096.0,506230.0
CIT,combined,2024-07-16,001602,WHEAT-SRW - CHICAGO BOARD OF TRADE,nonrept,36320.0,40490.0,506230.0
CIT,combined,2024-07-16,002602,CORN - CHICAGO BOARD OF TRADE,cit,448531.0,208698.0,2074692.0
CIT,combined,2024-07-16,002602,CORN - CHICAGO BOARD OF TRADE,comm,619272.0,517389.0,2074692.0
CIT,combined,2024-07-16,002602,CORN - CHICAGO BOARD OF TRADE,noncomm,135537.0,452382.0,2074692.0
CIT,combined,2024-07-16,002602,CORN - CHICAGO BOARD OF TRADE,nonrept,196250.0,221120.0,2074692.0
CIT,combined,2024-07-16,005602,SOYBEANS - CHICAGO BOARD OF TRADE,cit,193465.0,100990.0,1104005.0
CIT,combined,2024-07-16,005602,SOYBEANS - CHICAGO BOARD OF TRADE,comm,462642.0,352562.0,1104005.0
CIT,combined,2024-07-16,005602,SOYBEANS - CHICAGO BOARD OF TRADE,noncomm,54081.0,238598.0,1104005.0
CIT,combined,2024-07-16,005602,SOYBEANS - CHICAGO BOARD OF TRADE,nonrept,56795.0,74832.0,1104005.0
CIT,combined,2024-07-16,057642,LIVE CATTLE - CHICAGO MERCANTILE EXCHANGE,cit,106484.0,20806.0,426910.0
CIT,combined,2024-07-16,057642,LIVE CATTLE - CHICAGO MERCANTILE EXCHANGE,comm,74710.0,179503.0,426910.0
CIT,combined,2024-07-16,057642,LIVE CATTLE - CHICAGO MERCANTILE EXCHANGE,noncomm,80104.0,42298.0,426910.0
CIT,combined,2024-07-16,057642,LIVE CATTLE - CHICAGO MERCANTILE EXCHANGE,nonrept,34821.0,53511.0,426910.0
CIT,combined,2024-07-16,073732,COCOA - ICE FUTURES U.S.,cit,31096.0,13406.0,225398.0
CIT,combined,2024-07-16,073732,COCOA - ICE FUTURES U.S.,comm,58768.0,93292.0,225398.0
CIT,combined,2024-07-16,073732,COCOA - ICE FUTURES U.S.,noncomm,26051.0,14491.0,225398.0
CIT,combined,2024-07-16,073732,COCOA - ICE FUTURES U.S.,nonrept,11653.0,6379.0,225398.0
CIT,combined,2024-07-16,080732,SUGAR NO. 11 - ICE FUTURES U.S.,cit,218232.0,48847.0,905953.0
CIT,combined,2024-07-16,080732,SUGAR NO. 11 - ICE FUTURES U.S.,comm,354165.0,524932.0,905953.0
CIT,combined,2024-07-16,080732,SUGAR NO. 11 - ICE FUTURES U.S.,noncomm,81001.0,88858.0,905953.0
CIT,combined,2024-07-16,080732,SUGAR NO. 11 - ICE FUTURES U.S.,nonrept,68339.0,59101.0,905953.0
CIT,combined,2024-07-16,083731,COFFEE C - ICE FUTURES U.S.,cit,63798.0,16039.0,276851.0
CIT,combined,2024-07-16,083731,COFFEE C - ICE FUTURES U.S.,comm,63018.0,162025.0,276851.0
CIT,combined,2024-07-16,083731,COFFEE C - ICE FUTURES U.S.,noncomm,60893.0,13037.0,276851.0
CIT,combined,2024-07-16,083731,COFFEE C - ICE FUTURES U.S.,nonrept,8939.0,5547.0,276851.0
CIT,combined,2024-07-23,001602,WHEAT-SRW - CHICAGO BOARD OF TRADE,cit,149663.0,70739.0,511022.0
CIT,combined,2024-07-23,001602,WHEAT-SRW - CHICAGO BOARD OF TRADE,comm,110956.0,98152.0,511022.0
CIT,combined,2024-07-23,001602,WHEAT-SRW - CHICAGO BOARD OF TRADE,noncomm,58924.0,145951.0,511022.0
CIT,combined,2024-07-23,001602,WHEAT-SRW - CHICAGO BOARD OF TRADE,nonrept,35966.0,40668.0,511022.0
CIT,combined,2024-07-23,002602,CORN - CHICAGO BOARD OF TRADE,cit,456748.0,213280.0,2106746.0
CIT,combined,2024-07-23,002602,CORN - CHICAGO BOARD OF TRADE,comm,617095.0,539649.0,2106746.0
CIT,combined,2024-07-23,002602,CORN - CHICAGO BOARD OF TRADE,noncomm,144113.0,439904.0,2106746.0
CIT,combined,2024-07-23,002602,CORN - CHICAGO BOARD OF TRADE,nonrept,195468.0,220591.0,2106746.0
CIT,combined,2024-07-23,005602,SOYBEANS - CHICAGO BOARD OF TRADE,cit,193499.0,94577.0,1095369.0
CIT,combined,2024-07-23,005602,SOYBEANS - CHICAGO BOARD OF TRADE,comm,434522.0,358962.0,1095369.0
CIT,combined,2024-07-23,005602,SOYBEANS - CHICAGO BOARD OF TRADE,noncomm,58908.0,217992.0,1095369.0
CIT,combined,2024-07-23,005602,SOYBEANS - CHICAGO BOARD OF TRADE,nonrept,53858.0,69256.0,1095369.0
CIT,combined,2024-07-23,057642,LIVE CATTLE - CHICAGO MERCANTILE EXCHANGE,cit,105630.0,20766.0,426701.0
CIT,combined,2024-07-23,057642,LIVE CATTLE - CHICAGO MERCANTILE EXCHANGE,comm,74471.0,177119.0,426701.0
CIT,combined,2024-07-23,057642,LIVE CATTLE - CHICAGO MERCANTILE EXCHANGE,noncomm,81892.0,42961.0,426701.0
CIT,combined,2024-07-23,057642,LIVE CATTLE - CHICAGO MERCANTILE EXCHANGE,nonrept,32492.0,53638.0,426701.0
CIT,combined,2024-07-23,073732,COCOA - ICE FUTURES U.S.,cit,30871.0,15784.0,227773.0
CIT,combined,2024-07-23,073732,COCOA - ICE FUTURES U.S.,comm,60160.0,93453.0,227773.0
CIT,combined,2024-07-23,073732,COCOA - ICE FUTURES U.S.,noncomm,27692.0,15103.0,227773.0
CIT,combined,2024-07-23,073732,COCOA - ICE FUTURES U.S.,nonrept,11603.0,5986.0,227773.0
CIT,combined,2024-07-23,080732,SUGAR NO. 11 - ICE FUTURES U.S.,cit,219966.0,55682.0,928685.0
CIT,combined,2024-07-23,080732,SUGAR NO. 11 - ICE FUTURES U.S.,comm,371587.0,490361.0,928685.0
CIT,combined,2024-07-23,080732,SUGAR NO. 11 - ICE FUTURES U.S.,noncomm,74314.0,117323.0,928685.0
CIT,combined,2024-07-23,080732,SUGAR NO. 11 - ICE FUTURES U.S.,nonrept,63881.0,66382.0,928685.0
CIT,combined,2024-07-23,083731,COFFEE C - ICE FUTURES U.S.,cit,64397.0,17938.0,286209.0
CIT,combined,2024-07-23,083731,COFFEE C - ICE FUTURES U.S.,comm,70891.0,163774.0,286209.0
CIT,combined,2024-07-23,083731,COFFEE C - ICE FUTURES U.S.,noncomm,58499.0,14774.0,286209.0
CIT,combined,2024-07-23,083731,COFFEE C - ICE FUTURES U.S.,nonrept,8534.0,5837.0,286209.0
CIT,combined,2024-07-30,001602,WHEAT-SRW - CHICAGO BOARD OF TRADE,cit,150137.0,74186.0,511573.0
CIT,combined,2024-07-30,001602,WHEAT-SRW - CHICAGO BOARD OF TRADE,comm,119977.0,102739.0,511573.0
CIT,combined,2024-07-30,001602,WHEAT-SRW - CHICAGO BOARD OF TRADE,noncomm,60845.0,150374.0,511573.0
CIT,combined,2024-07-30,001602,WHEAT-SRW - CHICAGO BOARD OF TRADE,nonrept,34350.0,38011.0,511573.0
CIT,combined,2024-07-30,002602,CORN - CHICAGO BOARD OF TRADE,cit,438164.0,198889.0,2024400.0
CIT,combined,2024-07-30,002602,CORN - CHICAGO BOARD OF TRADE,comm,612856.0,542966.0,2024400.0
CIT,combined,2024-07-30,002602,CORN - CHICAGO BOARD OF TRADE,noncomm,140593.0,412545.0,2024400.0
CIT,combined,2024-07-30,002602,CORN - CHICAGO BOARD OF TRADE,nonrept,189373.0,226586.0,2024400.0
CIT,combined,2024-07-30,005602,SOYBEANS - CHICAGO BOARD OF TRADE,cit,184755.0,98527.0,1022005.0
CIT,combined,2024-07-30,005602,SOYBEANS - CHICAGO BOARD OF TRADE,comm,425975.0,320447.0,1022005.0
CIT,combined,2024-07-30,005602,SOYBEANS - CHICAGO BOARD OF TRADE,noncomm,45062.0,219405.0,1022005.0
CIT,combined,2024-07-30,005602,SOYBEANS - CHICAGO BOARD OF TRADE,nonrept,50996.0,68409.0,1022005.0
CIT,combined,2024-07-30,057642,LIVE CATTLE - CHICAGO MERCANTILE EXCHANGE,cit,104502.0,20655.0,435367.0
CIT,combined,2024-07-30,057642,LIVE CATTLE - CHICAGO MERCANTILE EXCHANGE,comm,69872.0,180990.0,435367.0
CIT,combined,2024-07-30,057642,LIVE CATTLE - CHICAGO MERCANTILE EXCHANGE,noncomm,89531.0,38050.0,435367.0
CIT,combined,2024-07-30,057642,LIVE CATTLE - CHICAGO MERCANTILE EXCHANGE,nonrept,32583.0,56793.0,435367.0
CIT,combined,2024-07-30,073732,COCOA - ICE FUTURES U.S.,cit,29761.0,14911.0,222610.0
CIT,combined,2024-07-30,073732,COCOA - ICE FUTURES U.S.,comm,59359.0,92806.0,222610.0
CIT,combined,2024-07-30,073732,COCOA - ICE FUTURES U.S.,noncomm,27697.0,15390.0,222610.0
CIT,combined,2024-07-30,073732,COCOA - ICE FUTURES U.S.,nonrept,11978.0,5688.0,222610.0
CIT,combined,2024-07-30,080732,SUGAR NO. 11 - ICE FUTURES U.S.,cit,217742.0,57450.0,939030.0
CIT,combined,2024-07-30,080732,SUGAR NO. 11 - ICE FUTURES U.S.,comm,376386.0,496199.0,939030.0
CIT,combined,2024-07-30,080732,SUGAR NO. 11 - ICE FUTURES U.S.,noncomm,83551.0,123033.0,939030.0
CIT,combined,2024-07-30,080732,SUGAR NO. 11 - ICE FUTURES U.S.,nonrept,62190.0,63186.0,939030.0
CIT,combined,2024-07-30,083731,COFFEE C - ICE FUTURES U.S.,cit,64519.0,19999.0,297044.0
CIT,combined,2024-07-30,083731,COFFEE C - ICE FUTURES U.S.,comm,76881.0,164851.0,297044.0
CIT,combined,2024-07-30,083731,COFFEE C - ICE FUTURES U.S.,noncomm,54534.0,12964.0,297044.0
CIT,combined,2024-07-30,083731,COFFEE C - ICE FUTURES U.S.,nonrept,8554.0,6674.0,297044.0
CIT,combined,2024-08-06,001602,WHEAT-SRW - CHICAGO BOARD OF TRADE,cit,147223.0,68580.0,511097.0
CIT,combined,2024-08-06,001602,WHEAT-SRW - CHICAGO BOARD OF TRADE,comm,115792.0,101945.0,511097.0
CIT,combined,2024-08-06,001602,WHEAT-SRW - CHICAGO BOARD OF TRADE,noncomm,56202.0,143443.0,511097.0
CIT,combined,2024-08-06,001602,WHEAT-SRW - CHICAGO BOARD OF TRADE,nonrept,33663.0,38912.0,511097.0
CIT,combined,2024-08-06,002602,CORN - CHICAGO BOARD OF TRADE,cit,427805.0,202079.0,2016786.0
CIT,combined,2024-08-06,002602,CORN - CHICAGO BOARD OF TRADE,comm,597045.0,571071.0,2016786.0
CIT,combined,2024-08-06,002602,CORN - CHICAGO BOARD OF TRADE,noncomm,151569.0,358535.0,2016786.0
CIT,combined,2024-08-06,002602,CORN - CHICAGO BOARD OF TRADE,nonrept,186864.0,231599.0,2016786.0
CIT,combined,2024-08-06,005602,SOYBEANS - CHICAGO BOARD OF TRADE,cit,187150.0,99501.0,1042564.0
CIT,combined,2024-08-06,005602,SOYBEANS - CHICAGO BOARD OF TRADE,comm,431999.0,334984.0,1042564.0
CIT,combined,2024-08-06,005602,SOYBEANS - CHICAGO BOARD OF TRADE,noncomm,44069.0,208088.0,1042564.0
CIT,combined,2024-08-06,005602,SOYBEANS - CHICAGO BOARD OF TRADE,nonrept,49131.0,69777.0,1042564.0
CIT,combined,2024-08-06,057642,LIVE CATTLE - CHICAGO MERCANTILE EXCHANGE,cit,101917.0,18412.0,391466.0
CIT,combined,2024-08-06,057642,LIVE CATTLE - CHICAGO MERCANTILE EXCHANGE,comm,68018.0,165879.0,391466.0
CIT,combined,2024-08-06,057642,LIVE CATTLE - CHICAGO MERCANTILE EXCHANGE,noncomm,67646.0,33562.0,391466.0
CIT,combined,2024-08-06,057642,LIVE CATTLE - CHICAGO MERCANTILE EXCHANGE,nonrept,34340.0,54068.0,391466.0
CIT,combined,2024-08-06,073732,COCOA - ICE FUTURES U.S.,cit,28605.0,14456.0,192544.0
CIT,combined,2024-08-06,073732,COCOA - ICE FUTURES U.S.,comm,57963.0,89720.0,192544.0
CIT,combined,2024-08-06,073732,COCOA - ICE FUTURES U.S.,noncomm,26724.0,15021.0,192544.0
CIT,combined,2024-08-06,073732,COCOA - ICE FUTURES U.S.,nonrept,12074.0,6169.0,192544.0
CIT,combined,2024-08-06,080732,SUGAR NO. 11 - ICE FUTURES U.S.,cit,215842.0,56137.0,955730.0
CIT,combined,2024-08-06,080732,SUGAR NO. 11 - ICE FUTURES U.S.,comm,388212.0,485154.0,955730.0
CIT,combined,2024-08-06,080732,SUGAR NO. 11 - ICE FUTURES U.S.,noncomm,81175.0,140036.0,955730.0
CIT,combined,2024-08-06,080732,SUGAR NO. 11 - ICE FUTURES U.S.,nonrept,64203.0,68104.0,955730.0
CIT,combined,2024-08-06,083731,COFFEE C - ICE FUTURES U.S.,cit,63548.0,21090.0,289432.0
CIT,combined,2024-08-06,083731,COFFEE C - ICE FUTURES U.S.,comm,77326.0,162213.0,289432.0
CIT,combined,2024-08-06,083731,COFFEE C - ICE FUTURES U.S.,noncomm,50339.0,10458.0,289432.0
CIT,combined,2024-08-06,083731,COFFEE C - ICE FUTURES U.S.,nonrept,8745.0,6196.0,289432.0
CIT,combined,2024-08-13,001602,WHEAT-SRW - CHICAGO BOARD OF TRADE,cit,129366.0,49470.0,483853.0
CIT,combined,2024-08-13,001602,WHEAT-SRW - CHICAGO BOARD OF TRADE,comm,112567.0,101101.0,483853.0
CIT,combined,2024-08-13,001602,WHEAT-SRW - CHICAGO BOARD OF TRADE,noncomm,57917.0,146295.0,483853.0
CIT,combined,2024-08-13,001602,WHEAT-SRW - CHICAGO BOARD OF TRADE,nonrept,34900.0,37883.0,483853.0
CIT,combined,2024-08-13,002602,CORN - CHICAGO BOARD OF TRADE,cit,430117.0,215911.0,2039692.0
CIT,combined,2024-08-13,002602,CORN - CHICAGO BOARD OF TRADE,comm,604007.0,554581.0,2039692.0
CIT,combined,2024-08-13,002602,CORN - CHICAGO BOARD OF TRADE,noncomm,162061.0,375184.0,2039692.0
CIT,combined,2024-08-13,002602,CORN - CHICAGO BOARD OF TRADE,nonrept,186989.0,237498.0,2039692.0
CIT,combined,2024-08-13,005602,SOYBEANS - CHICAGO BOARD OF TRADE,cit,191429.0,111627.0,1128030.0
CIT,combined,2024-08-13,005602,SOYBEANS - CHICAGO BOARD OF TRADE,comm,453716.0,344022.0,1128030.0
CIT,combined,2024-08-13,005602,SOYBEANS - CHICAGO BOARD OF TRADE,noncomm,48814.0,212854.0,1128030.0
CIT,combined,2024-08-13,005602,SOYBEANS - CHICAGO BOARD OF TRADE,nonrept,49187.0,74643.0,1128030.0
CIT,combined,2024-08-13,057642,LIVE CATTLE - CHICAGO MERCANTILE EXCHANGE,cit,101305.0,18297.0,385984.0
CIT,combined,2024-08-13,057642,LIVE CATTLE - CHICAGO MERCANTILE EXCHANGE,comm,74071.0,164034.0,385984.0
CIT,combined,2024-08-13,057642,LIVE CATTLE - CHICAGO MERCANTILE EXCHANGE,noncomm,58215.0,31259.0,385984.0
CIT,combined,2024-08-13,057642,LIVE CATTLE - CHICAGO MERCANTILE EXCHANGE,nonrept,33266.0,53268.0,385984.0
CIT,combined,2024-08-13,073732,COCOA - ICE FUTURES U.S.,cit,28584.0,13931.0,187537.0
CIT,combined,2024-08-13,073732,COCOA - ICE FUTURES U.S.,comm,53589.0,84713.0,187537.0
CIT,combined,2024-08-13,073732,COCOA - ICE FUTURES U.S.,noncomm,27178.0,16128.0,187537.0
CIT,combined,2024-08-13,073732,COCOA - ICE FUTURES U.S.,nonrept,11184.0,5763.0,187537.0
CIT,combined,2024-08-13,080732,SUGAR NO. 11 - ICE FUTURES U.S.,cit,215389.0,59447.0,963137.0
CIT,combined,2024-08-13,080732,SUGAR NO. 11 - ICE FUTURES U.S.,comm,380248.0,490416.0,963137.0
CIT,combined,2024-08-13,080732,SUGAR NO. 11 - ICE FUTURES U.S.,noncomm,83662.0,129347.0,963137.0
CIT,combined,2024-08-13,080732,SUGAR NO. 11 - ICE FUTURES U.S.,nonrept,64365.0,64454.0,963137.0
CIT,combined,2024-08-13,083731,COFFEE C - ICE FUTURES U.S.,cit,57166.0,9144.0,229992.0
CIT,combined,2024-08-13,083731,COFFEE C - ICE FUTURES U.S.,comm,63471.0,153787.0,229992.0
CIT,combined,2024-08-13,083731,COFFEE C - ICE FUTURES U.S.,noncomm,49976.0,11016.0,229992.0
CIT,combined,2024-08-13,083731,COFFEE C - ICE FUTURES U.S.,nonrept,8459.0,5124.0,229992.0
CIT,combined,2024-08-20,001602,WHEAT-SRW - CHICAGO BOARD OF TRADE,cit,131557.0,49593.0,492755.0
CIT,combined,2024-08-20,001602,WHEAT-SRW - CHICAGO BOARD OF TRADE,comm,103738.0,104889.0,492755.0
CIT,combined,2024-08-20,001602,WHEAT-SRW - CHICAGO BOARD OF TRADE,noncomm,64996.0,141784.0,492755.0
CIT,combined,2024-08-20,001602,WHEAT-SRW - CHICAGO BOARD OF TRADE,nonrept,35744.0,39769.0,492755.0
CIT,combined,2024-08-20,002602,CORN - CHICAGO BOARD OF TRADE,cit,413719.0,183333.0,2005047.0
CIT,combined,2024-08-20,002602,CORN - CHICAGO BOARD OF TRADE,comm,598997.0,544269.0,2005047.0
CIT,combined,2024-08-20,002602,CORN - CHICAGO BOARD OF TRADE,noncomm,154285.0,380665.0,2005047.0
CIT,combined,2024-08-20,002602,CORN - CHICAGO BOARD OF TRADE,nonrept,180641.0,239375.0,2005047.0
CIT,combined,2024-08-20,005602,SOYBEANS - CHICAGO BOARD OF TRADE,cit,196170.0,116196.0,1098788.0
CIT,combined,2024-08-20,005602,SOYBEANS - CHICAGO BOARD OF TRADE,comm,460687.0,341745.0,1098788.0
CIT,combined,2024-08-20,005602,SOYBEANS - CHICAGO BOARD OF TRADE,noncomm,44292.0,215303.0,1098788.0
CIT,combined,2024-08-20,005602,SOYBEANS - CHICAGO BOARD OF TRADE,nonrept,46598.0,74504.0,1098788.0
CIT,combined,2024-08-20,057642,LIVE CATTLE - CHICAGO MERCANTILE EXCHANGE,cit,105121.0,19741.0,403153.0
CIT,combined,2024-08-20,057642,LIVE CATTLE - CHICAGO MERCANTILE EXCHANGE,comm,80109.0,168560.0,403153.0
CIT,combined,2024-08-20,057642,LIVE CATTLE - CHICAGO MERCANTILE EXCHANGE,noncomm,57288.0,33167.0,403153.0
CIT,combined,2024-08-20,057642,LIVE CATTLE - CHICAGO MERCANTILE EXCHANGE,nonrept,34116.0,55165.0,403153.0
CIT,combined,2024-08-20,073732,COCOA - ICE FUTURES U.S.,cit,29770.0,14841.0,185389.0
CIT,combined,2024-08-20,073732,COCOA - ICE FUTURES U.S.,comm,46750.0,78576.0,185389.0
CIT,combined,2024-08-20,073732,COCOA - ICE FUTURES U.S.,noncomm,28145.0,17493.0,185389.0
CIT,combined,2024-08-20,073732,COCOA - ICE FUTURES U.S.,nonrept,11852.0,5607.0,185389.0
CIT,combined,2024-08-20,080732,SUGAR NO. 11 - ICE FUTURES U.S.,cit,215918.0,57553.0,974043.0
CIT,combined,2024-08-20,080732,SUGAR NO. 11 - ICE FUTURES U.S.,comm,394660.0,482066.0,974043.0
CIT,combined,2024-08-20,080732,SUGAR NO. 11 - ICE FUTURES U.S.,noncomm,78511.0,144433.0,974043.0
CIT,combined,2024-08-20,080732,SUGAR NO. 11 - ICE FUTURES U.S.,nonrept,65545.0,70582.0,974043.0
CIT,combined,2024-08-20,083731,COFFEE C - ICE FUTURES U.S.,cit,59846.0,10678.0,233817.0
CIT,combined,2024-08-20,083731,COFFEE C - ICE FUTURES U.S.,comm,53432.0,149613.0,233817.0
CIT,combined,2024-08-20,083731,COFFEE C - ICE FUTURES U.S.,noncomm,55404.0,11930.0,233817.0
CIT,combined,2024-08-20,083731,COFFEE C - ICE FUTURES U.S.,nonrept,8624.0,5085.0,233817.0
CIT,combined,2024-08-27,001602,WHEAT-SRW - CHICAGO BOARD OF TRADE,cit,132033.0,47614.0,445562.0
CIT,combined,2024-08-27,001602,WHEAT-SRW - CHICAGO BOARD OF TRADE,comm,96907.0,93714.0,445562.0
CIT,combined,2024-08-27,001602,WHEAT-SRW - CHICAGO BOARD OF TRADE,noncomm,71251.0,156655.0,445562.0
CIT,combined,2024-08-27,001602,WHEAT-SRW - CHICAGO BOARD OF TRADE,nonrept,35662.0,37871.0,445562.0
CIT,combined,2024-08-27,002602,CORN - CHICAGO BOARD OF TRADE,cit,382420.0,151106.0,1777126.0
CIT,combined,2024-08-27,002602,CORN - CHICAGO BOARD OF TRADE,comm,533684.0,514868.0,1777126.0
CIT,combined,2024-08-27,002602,CORN - CHICAGO BOARD OF TRADE,noncomm,165870.0,364574.0,1777126.0
CIT,combined,2024-08-27,002602,CORN - CHICAGO BOARD OF TRADE,nonrept,180584.0,232009.0,1777126.0
CIT,combined,2024-08-27,005602,SOYBEANS - CHICAGO BOARD OF TRADE,cit,193734.0,107664.0,1044645.0
CIT,combined,2024-08-27,005602,SOYBEANS - CHICAGO BOARD OF TRADE,comm,445133.0,341144.0,1044645.0
CIT,combined,2024-08-27,005602,SOYBEANS - CHICAGO BOARD OF TRADE,noncomm,47396.0,217552.0,1044645.0
CIT,combined,2024-08-27,005602,SOYBEANS - CHICAGO BOARD OF TRADE,nonrept,60648.0,80552.0,1044645.0
CIT,combined,2024-08-27,057642,LIVE CATTLE - CHICAGO MERCANTILE EXCHANGE,cit,106282.0,19626.0,395519.0
CIT,combined,2024-08-27,057642,LIVE CATTLE - CHICAGO MERCANTILE EXCHANGE,comm,78442.0,165395.0,395519.0
CIT,combined,2024-08-27,057642,LIVE CATTLE - CHICAGO MERCANTILE EXCHANGE,noncomm,54017.0,34055.0,395519.0
CIT,combined,2024-08-27,057642,LIVE CATTLE - CHICAGO MERCANTILE EXCHANGE,nonrept,32399.0,52063.0,395519.0
CIT,combined,2024-08-27,073732,COCOA - ICE FUTURES U.S.,cit,31266.0,15241.0,193370.0
CIT,combined,2024-08-27,073732,COCOA - ICE FUTURES U.S.,comm,49449.0,84217.0,193370.0
CIT,combined,2024-08-27,073732,COCOA - ICE FUTURES U.S.,noncomm,29534.0,17870.0,193370.0
CIT,combined,2024-08-27,073732,COCOA - ICE FUTURES U.S.,nonrept,11833.0,4754.0,193370.0
CIT,combined,2024-08-27,080732,SUGAR NO. 11 - ICE FUTURES U.S.,cit,224392.0,61121.0,1002177.0
CIT,combined,2024-08-27,080732,SUGAR NO. 11 - ICE FUTURES U.S.,comm,401632.0,533783.0,1002177.0
CIT,combined,2024-08-27,080732,SUGAR NO. 11 - ICE FUTURES U.S.,noncomm,80067.0,117184.0,1002177.0
CIT,combined,2024-08-27,080732,SUGAR NO. 11 - ICE FUTURES U.S.,nonrept,66956.0,60959.0,1002177.0
CIT,combined,2024-08-27,083731,COFFEE C - ICE FUTURES U.S.,cit,63081.0,10498.0,237379.0
CIT,combined,2024-08-27,083731,COFFEE C - ICE FUTURES U.S.,comm,51687.0,151046.0,237379.0
CIT,combined,2024-08-27,083731,COFFEE C - ICE FUTURES U.S.,noncomm,55788.0,12591.0,237379.0
CIT,combined,2024-08-27,083731,COFFEE C - ICE FUTURES U.S.,nonrept,8870.0,5292.0,237379.0
CIT,combined,2024-09-03,001602,WHEAT-SRW - CHICAGO BOARD OF TRADE,cit,134880.0,48416.0,438859.0
CIT,combined,2024-09-03,001602,WHEAT-SRW - CHICAGO BOARD OF TRADE,comm,91477.0,92607.0,438859.0
CIT,combined,2024-09-03,001602,WHEAT-SRW - CHICAGO BOARD OF TRADE,noncomm,64634.0,145421.0,438859.0
CIT,combined,2024-09-03,001602,WHEAT-SRW - CHICAGO BOARD OF TRADE,nonrept,33329.0,37877.0,438859.0
CIT,combined,2024-09-03,002602,CORN - CHICAGO BOARD OF TRADE,cit,397102.0,151685.0,1702699.0
CIT,combined,2024-09-03,002602,CORN - CHICAGO BOARD OF TRADE,comm,489319.0,531690.0,1702699.0
CIT,combined,2024-09-03,002602,CORN - CHICAGO BOARD OF TRADE,noncomm,169193.0,326157.0,1702699.0
CIT,combined,2024-09-03,002602,CORN - CHICAGO BOARD OF TRADE,nonrept,173933.0,220014.0,1702699.0
CIT,combined,2024-09-03,005602,SOYBEANS - CHICAGO BOARD OF TRADE,cit,201083.0,108985.0,1056648.0
CIT,combined,2024-09-03,005602,SOYBEANS - CHICAGO BOARD OF TRADE,comm,460943.0,374592.0,1056648.0
CIT,combined,2024-09-03,005602,SOYBEANS - CHICAGO BOARD OF TRADE,noncomm,48353.0,196617.0,1056648.0
CIT,combined,2024-09-03,005602,SOYBEANS - CHICAGO BOARD OF TRADE,nonrept,46129.0,76315.0,1056648.0
CIT,combined,2024-09-03,057642,LIVE CATTLE - CHICAGO MERCANTILE EXCHANGE,cit,106945.0,20394.0,404780.0
CIT,combined,2024-09-03,057642,LIVE CATTLE - CHICAGO MERCANTILE EXCHANGE,comm,80037.0,165857.0,404780.0
CIT,combined,2024-09-03,057642,LIVE CATTLE - CHICAGO MERCANTILE EXCHANGE,noncomm,53815.0,35100.0,404780.0
CIT,combined,2024-09-03,057642,LIVE CATTLE - CHICAGO MERCANTILE EXCHANGE,nonrept,32102.0,51549.0,404780.0
CIT,combined,2024-09-03,073732,COCOA - ICE FUTURES U.S.,cit,29832.0,14449.0,187463.0
CIT,combined,2024-09-03,073732,COCOA - ICE FUTURES U.S.,comm,50149.0,85469.0,187463.0
CIT,combined,2024-09-03,073732,COCOA - ICE FUTURES U.S.,noncomm,28353.0,14736.0,187463.0
CIT,combined,2024-09-03,073732,COCOA - ICE FUTURES U.S.,nonrept,11524.0,5203.0,187463.0
CIT,combined,2024-09-03,080732,SUGAR NO. 11 - ICE FUTURES U.S.,cit,224481.0,54161.0,1005338.0
CIT,combined,2024-09-03,080732,SUGAR NO. 11 - ICE FUTURES U.S.,comm,402948.0,564534.0,1005338.0
CIT,combined,2024-09-03,080732,SUGAR NO. 11 - ICE FUTURES U.S.,noncomm,80120.0,95958.0,1005338.0
CIT,combined,2024-09-03,080732,SUGAR NO. 11 - ICE FUTURES U.S.,nonrept,70065.0,62961.0,1005338.0
CIT,combined,2024-09-03,083731,COFFEE C - ICE FUTURES U.S.,cit,63945.0,10777.0,239688.0
CIT,combined,2024-09-03,083731,COFFEE C - ICE FUTURES U.S.,comm,52820.0,147944.0,239688.0
CIT,combined,2024-09-03,083731,COFFEE C - ICE FUTURES U.S.,noncomm,53591.0,14490.0,239688.0
CIT,combined,2024-09-03,083731,COFFEE C - ICE FUTURES U.S.,nonrept,8400.0,5545.0,239688.0
CIT,combined,2024-09-10,001602,WHEAT-SRW - CHICAGO BOARD OF TRADE,cit,136867.0,47966.0,422221.0
CIT,combined,2024-09-10,001602,WHEAT-SRW - CHICAGO BOARD OF TRADE,comm,87507.0,99580.0,422221.0
CIT,combined,2024-09-10,001602,WHEAT-SRW - CHICAGO BOARD OF TRADE,noncomm,55284.0,124708.0,422221.0
CIT,combined,2024-09-10,001602,WHEAT-SRW - CHICAGO BOARD OF TRADE,nonrept,30136.0,37540.0,422221.0
CIT,combined,2024-09-10,002602,CORN - CHICAGO BOARD OF TRADE,cit,401259.0,151366.0,1712686.0
CIT,combined,2024-09-10,002602,CORN - CHICAGO BOARD OF TRADE,comm,489650.0,560835.0,1712686.0
CIT,combined,2024-09-10,002602,CORN - CHICAGO BOARD OF TRADE,noncomm,173064.0,285325.0,1712686.0
CIT,combined,2024-09-10,002602,CORN - CHICAGO BOARD OF TRADE,nonrept,167209.0,233656.0,1712686.0
CIT,combined,2024-09-10,005602,SOYBEANS - CHICAGO BOARD OF TRADE,cit,206328.0,107301.0,1075036.0
CIT,combined,2024-09-10,005602,SOYBEANS - CHICAGO BOARD OF TRADE,comm,456644.0,387219.0,1075036.0
CIT,combined,2024-09-10,005602,SOYBEANS - CHICAGO BOARD OF TRADE,noncomm,41527.0,176811.0,1075036.0
CIT,combined,2024-09-10,005602,SOYBEANS - CHICAGO BOARD OF TRADE,nonrept,46320.0,79488.0,1075036.0
CIT,combined,2024-09-10,057642,LIVE CATTLE - CHICAGO MERCANTILE EXCHANGE,cit,107199.0,21303.0,409971.0
CIT,combined,2024-09-10,057642,LIVE CATTLE - CHICAGO MERCANTILE EXCHANGE,comm,80094.0,167553.0,409971.0
CIT,combined,2024-09-10,057642,LIVE CATTLE - CHICAGO MERCANTILE EXCHANGE,noncomm,54854.0,33360.0,409971.0
CIT,combined,2024-09-10,057642,LIVE CATTLE - CHICAGO MERCANTILE EXCHANGE,nonrept,33154.0,53084.0,409971.0
CIT,combined,2024-09-10,073732,COCOA - ICE FUTURES U.S.,cit,28624.0,13794.0,185941.0
CIT,combined,2024-09-10,073732,COCOA - ICE FUTURES U.S.,comm,51806.0,86849.0,185941.0
CIT,combined,2024-09-10,073732,COCOA - ICE FUTURES U.S.,noncomm,25909.0,11671.0,185941.0
CIT,combined,2024-09-10,073732,COCOA - ICE FUTURES U.S.,nonrept,10966.0,4991.0,185941.0
CIT,combined,2024-09-10,080732,SUGAR NO. 11 - ICE FUTURES U.S.,cit,211564.0,42855.0,991178.0
CIT,combined,2024-09-10,080732,SUGAR NO. 11 - ICE FUTURES U.S.,comm,407426.0,556393.0,991178.0
CIT,combined,2024-09-10,080732,SUGAR NO. 11 - ICE FUTURES U.S.,noncomm,72395.0,95073.0,991178.0
CIT,combined,2024-09-10,080732,SUGAR NO. 11 - ICE FUTURES U.S.,nonrept,70088.0,67152.0,991178.0
CIT,combined,2024-09-10,083731,COFFEE C - ICE FUTURES U.S.,cit,62039.0,9949.0,239352.0
CIT,combined,2024-09-10,083731,COFFEE C - ICE FUTURES U.S.,comm,54622.0,148531.0,239352.0
CIT,combined,2024-09-10,083731,COFFEE C - ICE FUTURES U.S.,noncomm,53014.0,13930.0,239352.0
CIT,combined,2024-09-10,083731,COFFEE C - ICE FUTURES U.S.,nonrept,8124.0,5390.0,239352.0
CIT,combined,2024-09-17,001602,WHEAT-SRW - CHICAGO BOARD OF TRADE,cit,137363.0,50096.0,418413.0
CIT,combined,2024-09-17,001602,WHEAT-SRW - CHICAGO BOARD OF TRADE,comm,82414.0,100241.0,418413.0
CIT,combined,2024-09-17,001602,WHEAT-SRW - CHICAGO BOARD OF TRADE,noncomm,52850.0,117029.0,418413.0
CIT,combined,2024-09-17,001602,WHEAT-SRW - CHICAGO BOARD OF TRADE,nonrept,32336.0,37597.0,418413.0
CIT,combined,2024-09-17,002602,CORN - CHICAGO BOARD OF TRADE,cit,414289.0,161161.0,1797042.0
CIT,combined,2024-09-17,002602,CORN - CHICAGO BOARD OF TRADE,comm,500354.0,568654.0,1797042.0
CIT,combined,2024-09-17,002602,CORN - CHICAGO BOARD OF TRADE,noncomm,168713.0,301119.0,1797042.0
CIT,combined,2024-09-17,002602,CORN - CHICAGO BOARD OF TRADE,nonrept,177036.0,229458.0,1797042.0
CIT,combined,2024-09-17,005602,SOYBEANS - CHICAGO BOARD OF TRADE,cit,205736.0,109571.0,1100046.0
CIT,combined,2024-09-17,005602,SOYBEANS - CHICAGO BOARD OF TRADE,comm,454913.0,395559.0,1100046.0
CIT,combined,2024-09-17,005602,SOYBEANS - CHICAGO BOARD OF TRADE,noncomm,46344.0,172355.0,1100046.0
CIT,combined,2024-09-17,005602,SOYBEANS - CHICAGO BOARD OF TRADE,nonrept,48984.0,78491.0,1100046.0
CIT,combined,2024-09-17,057642,LIVE CATTLE - CHICAGO MERCANTILE EXCHANGE,cit,107552.0,21766.0,401912.0
CIT,combined,2024-09-17,057642,LIVE CATTLE - CHICAGO MERCANTILE EXCHANGE,comm,74868.0,160481.0,401912.0
CIT,combined,2024-09-17,057642,LIVE CATTLE - CHICAGO MERCANTILE EXCHANGE,noncomm,54226.0,33687.0,401912.0
CIT,combined,2024-09-17,057642,LIVE CATTLE - CHICAGO MERCANTILE EXCHANGE,nonrept,32182.0,52894.0,401912.0
CIT,combined,2024-09-17,073732,COCOA - ICE FUTURES U.S.,cit,30808.0,13496.0,195612.0
CIT,combined,2024-09-17,073732,COCOA - ICE FUTURES U.S.,comm,54114.0,93507.0,195612.0
CIT,combined,2024-09-17,073732,COCOA - ICE FUTURES U.S.,noncomm,27693.0,11277.0,195612.0
CIT,combined,2024-09-17,073732,COCOA - ICE FUTURES U.S.,nonrept,10389.0,4723.0,195612.0
CIT,combined,2024-09-17,080732,SUGAR NO. 11 - ICE FUTURES U.S.,cit,210483.0,34029.0,885845.0
CIT,combined,2024-09-17,080732,SUGAR NO. 11 - ICE FUTURES U.S.,comm,341749.0,520774.0,885845.0
CIT,combined,2024-09-17,080732,SUGAR NO. 11 - ICE FUTURES U.S.,noncomm,80054.0,84304.0,885845.0
CIT,combined,2024-09-17,080732,SUGAR NO. 11 - ICE FUTURES U.S.,nonrept,69954.0,63133.0,885845.0
CIT,combined,2024-09-17,083731,COFFEE C - ICE FUTURES U.S.,cit,64736.0,12448.0,256288.0
CIT,combined,2024-09-17,083731,COFFEE C - ICE FUTURES U.S.,comm,57924.0,157238.0,256288.0
CIT,combined,2024-09-17,083731,COFFEE C - ICE FUTURES U.S.,noncomm,56497.0,12867.0,256288.0
CIT,combined,2024-09-17,083731,COFFEE C - ICE FUTURES U.S.,nonrept,8969.0,5574.0,256288.0
CIT,combined,2024-09-24,001602,WHEAT-SRW - CHICAGO BOARD OF TRADE,cit,140936.0,50869.0,422881.0
CIT,combined,2024-09-24,001602,WHEAT-SRW - CHICAGO BOARD OF TRADE,comm,83475.0,104411.0,422881.0
CIT,combined,2024-09-24,001602,WHEAT-SRW - CHICAGO BOARD OF TRADE,noncomm,52663.0,117556.0,422881.0
CIT,combined,2024-09-24,001602,WHEAT-SRW - CHICAGO BOARD OF TRADE,nonrept,34061.0,38298.0,422881.0
CIT,combined,2024-09-24,002602,CORN - CHICAGO BOARD OF TRADE,cit,414470.0,154196.0,1832471.0
CIT,combined,2024-09-24,002602,CORN - CHICAGO BOARD OF TRADE,comm,508662.0,584738.0,1832471.0
CIT,combined,2024-09-24,002602,CORN - CHICAGO BOARD OF TRADE,noncomm,156493.0,287826.0,1832471.0
CIT,combined,2024-09-24,002602,CORN - CHICAGO BOARD OF TRADE,nonrept,179138.0,232002.0,1832471.0
CIT,combined,2024-09-24,005602,SOYBEANS - CHICAGO BOARD OF TRADE,cit,214767.0,107482.0,1098571.0
CIT,combined,2024-09-24,005602,SOYBEANS - CHICAGO BOARD OF TRADE,comm,444696.0,434623.0,1098571.0
CIT,combined,2024-09-24,005602,SOYBEANS - CHICAGO BOARD OF TRADE,noncomm,53152.0,142061.0,1098571.0
CIT,combined,2024-09-24,005602,SOYBEANS - CHICAGO BOARD OF TRADE,nonrept,51679.0,80128.0,1098571.0
CIT,combined,2024-09-24,057642,LIVE CATTLE - CHICAGO MERCANTILE EXCHANGE,cit,114423.0,22012.0,416528.0
CIT,combined,2024-09-24,057642,LIVE CATTLE - CHICAGO MERCANTILE EXCHANGE,comm,71046.0,165586.0,416528.0
CIT,combined,2024-09-24,057642,LIVE CATTLE - CHICAGO MERCANTILE EXCHANGE,noncomm,64690.0,39116.0,416528.0
CIT,combined,2024-09-24,057642,LIVE CATTLE - CHICAGO MERCANTILE EXCHANGE,nonrept,29752.0,53198.0,416528.0
CIT,combined,2024-09-24,073732,COCOA - ICE FUTURES U.S.,cit,31155.0,12340.0,199499.0
CIT,combined,2024-09-24,073732,COCOA - ICE FUTURES U.S.,comm,54928.0,97471.0,199499.0
CIT,combined,2024-09-24,073732,COCOA - ICE FUTURES U.S.,noncomm,29230.0,11552.0,199499.0
CIT,combined,2024-09-24,073732,COCOA - ICE FUTURES U.S.,nonrept,11081.0,5030.0,199499.0
CIT,combined,2024-09-24,080732,SUGAR NO. 11 - ICE FUTURES U.S.,cit,224768.0,28727.0,991992.0
CIT,combined,2024-09-24,080732,SUGAR NO. 11 - ICE FUTURES U.S.,comm,368673.0,621152.0,991992.0
CIT,combined,2024-09-24,080732,SUGAR NO. 11 - ICE FUTURES U.S.,noncomm,103059.0,71126.0,991992.0
CIT,combined,2024-09-24,080732,SUGAR NO. 11 - ICE FUTURES U.S.,nonrept,79354.0,54849.0,991992.0
CIT,combined,2024-09-24,083731,COFFEE C - ICE FUTURES U.S.,cit,65217.0,12501.0,261626.0
CIT,combined,2024-09-24,083731,COFFEE C - ICE FUTURES U.S.,comm,61237.0,160350.0,261626.0
CIT,combined,2024-09-24,083731,COFFEE C - ICE FUTURES U.S.,noncomm,54518.0,12869.0,261626.0
CIT,combined,2024-09-24,083731,COFFEE C - ICE FUTURES U.S.,nonrept,10135.0,5386.0,261626.0
CIT,combined,2024-10-01,001602,WHEAT-SRW - CHICAGO BOARD OF TRADE,cit,148712.0,56732.0,456782.0
CIT,combined,2024-10-01,001602,WHEAT-SRW - CHICAGO BOARD OF TRADE,comm,88143.0,114052.0,456782.0
CIT,combined,2024-10-01,001602,WHEAT-SRW - CHICAGO BOARD OF TRADE,noncomm,50807.0,111659.0,456782.0
CIT,combined,2024-10-01,001602,WHEAT-SRW - CHICAGO BOARD OF TRADE,nonrept,33858.0,39076.0,456782.0
CIT,combined,2024-10-01,002602,CORN - CHICAGO BOARD OF TRADE,cit,436167.0,148115.0,1902877.0
CIT,combined,2024-10-01,002602,CORN - CHICAGO BOARD OF TRADE,comm,534175.0,665528.0,1902877.0
CIT,combined,2024-10-01,002602,CORN - CHICAGO BOARD OF TRADE,noncomm,137798.0,234963.0,1902877.0
CIT,combined,2024-10-01,002602,CORN - CHICAGO BOARD OF TRADE,nonrept,179062.0,238596.0,1902877.0
CIT,combined,2024-10-01,005602,SOYBEANS - CHICAGO BOARD OF TRADE,cit,216176.0,103000.0,1136492.0
CIT,combined,2024-10-01,005602,SOYBEANS - CHICAGO BOARD OF TRADE,comm,442647.0,458543.0,1136492.0
CIT,combined,2024-10-01,005602,SOYBEANS - CHICAGO BOARD OF TRADE,noncomm,66572.0,129493.0,1136492.0
CIT,combined,2024-10-01,005602,SOYBEANS - CHICAGO BOARD OF TRADE,nonrept,54713.0,89072.0,1136492.0
CIT,combined,2024-10-01,057642,LIVE CATTLE - CHICAGO MERCANTILE EXCHANGE,cit,115208.0,20438.0,434587.0
CIT,combined,2024-10-01,057642,LIVE CATTLE - CHICAGO MERCANTILE EXCHANGE,comm,79970.0,192227.0,434587.0
CIT,combined,2024-10-01,057642,LIVE CATTLE - CHICAGO MERCANTILE EXCHANGE,noncomm,72060.0,28072.0,434587.0
CIT,combined,2024-10-01,057642,LIVE CATTLE - CHICAGO MERCANTILE EXCHANGE,nonrept,29043.0,55544.0,434587.0
CIT,combined,2024-10-01,073732,COCOA - ICE FUTURES U.S.,cit,30391.0,10941.0,200652.0
CIT,combined,2024-10-01,073732,COCOA - ICE FUTURES U.S.,comm,55580.0,100225.0,200652.0
CIT,combined,2024-10-01,073732,COCOA - ICE FUTURES U.S.,noncomm,30133.0,10688.0,200652.0
CIT,combined,2024-10-01,073732,COCOA - ICE FUTURES U.S.,nonrept,10695.0,4946.0,200652.0
CIT,combined,2024-10-01,080732,SUGAR NO. 11 - ICE FUTURES U.S.,cit,222690.0,26673.0,985088.0
CIT,combined,2024-10-01,080732,SUGAR NO. 11 - ICE FUTURES U.S.,comm,324904.0,592918.0,985088.0
CIT,combined,2024-10-01,080732,SUGAR NO. 11 - ICE FUTURES U.S.,noncomm,131935.0,86624.0,985088.0
CIT,combined,2024-10-01,080732,SUGAR NO. 11 - ICE FUTURES U.S.,nonrept,75527.0,48842.0,985088.0
CIT,combined,2024-10-01,083731,COFFEE C - ICE FUTURES U.S.,cit,65626.0,12008.0,261005.0
CIT,combined,2024-10-01,083731,COFFEE C - ICE FUTURES U.S.,comm,61624.0,160870.0,261005.0
CIT,combined,2024-10-01,083731,COFFEE C - ICE FUTURES U.S.,noncomm,53022.0,12298.0,261005.0
CIT,combined,2024-10-01,083731,COFFEE C - ICE FUTURES U.S.,nonrept,10209.0,5304.0,261005.0
CIT,combined,2024-10-08,001602,WHEAT-SRW - CHICAGO BOARD OF TRADE,cit,149846.0,60448.0,473349.0
CIT,combined,2024-10-08,001602,WHEAT-SRW - CHICAGO BOARD OF TRADE,comm,89621.0,108754.0,473349.0
CIT,combined,2024-10-08,001602,WHEAT-SRW - CHICAGO BOARD OF TRADE,noncomm,42808.0,107431.0,473349.0
CIT,combined,2024-10-08,001602,WHEAT-SRW - CHICAGO BOARD OF TRADE,nonrept,33567.0,39210.0,473349.0
CIT,combined,2024-10-08,002602,CORN - CHICAGO BOARD OF TRADE,cit,438952.0,128409.0,1908605.0
CIT,combined,2024-10-08,002602,CORN - CHICAGO BOARD OF TRADE,comm,545391.0,710369.0,1908605.0
CIT,combined,2024-10-08,002602,CORN - CHICAGO BOARD OF TRADE,noncomm,134806.0,204399.0,1908605.0
CIT,combined,2024-10-08,002602,CORN - CHICAGO BOARD OF TRADE,nonrept,167868.0,243839.0,1908605.0
CIT,combined,2024-10-08,005602,SOYBEANS - CHICAGO BOARD OF TRADE,cit,212663.0,100505.0,1174728.0
CIT,combined,2024-10-08,005602,SOYBEANS - CHICAGO BOARD OF TRADE,comm,465267.0,486244.0,1174728.0
CIT,combined,2024-10-08,005602,SOYBEANS - CHICAGO BOARD OF TRADE,noncomm,81876.0,131183.0,1174728.0
CIT,combined,2024-10-08,005602,SOYBEANS - CHICAGO BOARD OF TRADE,nonrept,54117.0,95991.0,1174728.0
CIT,combined,2024-10-08,057642,LIVE CATTLE - CHICAGO MERCANTILE EXCHANGE,cit,115118.0,18445.0,411493.0
CIT,combined,2024-10-08,057642,LIVE CATTLE - CHICAGO MERCANTILE EXCHANGE,comm,68712.0,192126.0,411493.0
CIT,combined,2024-10-08,057642,LIVE CATTLE - CHICAGO MERCANTILE EXCHANGE,noncomm,80743.0,24433.0,411493.0
CIT,combined,2024-10-08,057642,LIVE CATTLE - CHICAGO MERCANTILE EXCHANGE,nonrept,27831.0,57401.0,411493.0
CIT,combined,2024-10-08,073732,COCOA - ICE FUTURES U.S.,cit,29486.0,10156.0,186801.0
CIT,combined,2024-10-08,073732,COCOA - ICE FUTURES U.S.,comm,49942.0,92650.0,186801.0
CIT,combined,2024-10-08,073732,COCOA - ICE FUTURES U.S.,noncomm,27537.0,11153.0,186801.0
CIT,combined,2024-10-08,073732,COCOA - ICE FUTURES U.S.,nonrept,11409.0,4414.0,186801.0
CIT,combined,2024-10-08,080732,SUGAR NO. 11 - ICE FUTURES U.S.,cit,225183.0,24191.0,991433.0
CIT,combined,2024-10-08,080732,SUGAR NO. 11 - ICE FUTURES U.S.,comm,325284.0,576175.0,991433.0
CIT,combined,2024-10-08,080732,SUGAR NO. 11 - ICE FUTURES U.S.,noncomm,125684.0,111514.0,991433.0
CIT,combined,2024-10-08,080732,SUGAR NO. 11 - ICE FUTURES U.S.,nonrept,83717.0,47990.0,991433.0
CIT,combined,2024-10-08,083731,COFFEE C - ICE FUTURES U.S.,cit,63444.0,12614.0,256214.0
CIT,combined,2024-10-08,083731,COFFEE C - ICE FUTURES U.S.,comm,63633.0,154016.0,256214.0
CIT,combined,2024-10-08,083731,COFFEE C - ICE FUTURES U.S.,noncomm,48963.0,12939.0,256214.0
CIT,combined,2024-10-08,083731,COFFEE C - ICE FUTURES U.S.,nonrept,9059.0,5530.0,256214.0
CIT,combined,2024-10-15,001602,WHEAT-SRW - CHICAGO BOARD OF TRADE,cit,150146.0,60060.0,473516.0
CIT,combined,2024-10-15,001602,WHEAT-SRW - CHICAGO BOARD OF TRADE,comm,89517.0,111534.0,473516.0
CIT,combined,2024-10-15,001602,WHEAT-SRW - CHICAGO BOARD OF TRADE,noncomm,42954.0,107072.0,473516.0
CIT,combined,2024-10-15,001602,WHEAT-SRW - CHICAGO BOARD OF TRADE,nonrept,32794.0,36744.0,473516.0
CIT,combined,2024-10-15,002602,CORN - CHICAGO BOARD OF TRADE,cit,426942.0,149097.0,1991307.0
CIT,combined,2024-10-15,002602,CORN - CHICAGO BOARD OF TRADE,comm,620694.0,719980.0,1991307.0
CIT,combined,2024-10-15,002602,CORN - CHICAGO BOARD OF TRADE,noncomm,142318.0,240187.0,1991307.0
CIT,combined,2024-10-15,002602,CORN - CHICAGO BOARD OF TRADE,nonrept,169404.0,250093.0,1991307.0
CIT,combined,2024-10-15,005602,SOYBEANS - CHICAGO BOARD OF TRADE,cit,216479.0,120055.0,1275990.0
CIT,combined,2024-10-15,005602,SOYBEANS - CHICAGO BOARD OF TRADE,comm,518493.0,523727.0,1275990.0
CIT,combined,2024-10-15,005602,SOYBEANS - CHICAGO BOARD OF TRADE,noncomm,91099.0,144295.0,1275990.0
CIT,combined,2024-10-15,005602,SOYBEANS - CHICAGO BOARD OF TRADE,nonrept,56115.0,94109.0,1275990.0
CIT,combined,2024-10-15,057642,LIVE CATTLE - CHICAGO MERCANTILE EXCHANGE,cit,117033.0,19342.0,423961.0
CIT,combined,2024-10-15,057642,LIVE CATTLE - CHICAGO MERCANTILE EXCHANGE,comm,70376.0,198599.0,423961.0
CIT,combined,2024-10-15,057642,LIVE CATTLE - CHICAGO MERCANTILE EXCHANGE,noncomm,86501.0,22452.0,423961.0
CIT,combined,2024-10-15,057642,LIVE CATTLE - CHICAGO MERCANTILE EXCHANGE,nonrept,27218.0,60735.0,423961.0
CIT,combined,2024-10-15,073732,COCOA - ICE FUTURES U.S.,cit,29840.0,9886.0,194838.0
CIT,combined,2024-10-15,073732,COCOA - ICE FUTURES U.S.,comm,55536.0,100284.0,194838.0
CIT,combined,2024-10-15,073732,COCOA - ICE FUTURES U.S.,noncomm,29915.0,11187.0,194838.0
CIT,combined,2024-10-15,073732,COCOA - ICE FUTURES U.S.,nonrept,11122.0,5056.0,194838.0
CIT,combined,2024-10-15,080732,SUGAR NO. 11 - ICE FUTURES U.S.,cit,228793.0,26504.0,993519.0
CIT,combined,2024-10-15,080732,SUGAR NO. 11 - ICE FUTURES U.S.,comm,318130.0,576864.0,993519.0
CIT,combined,2024-10-15,080732,SUGAR NO. 11 - ICE FUTURES U.S.,noncomm,130450.0,114050.0,993519.0
CIT,combined,2024-10-15,080732,SUGAR NO. 11 - ICE FUTURES U.S.,nonrept,87086.0,47041.0,993519.0
CIT,combined,2024-10-15,083731,COFFEE C - ICE FUTURES U.S.,cit,64859.0,12996.0,257132.0
CIT,combined,2024-10-15,083731,COFFEE C - ICE FUTURES U.S.,comm,61927.0,157681.0,257132.0
CIT,combined,2024-10-15,083731,COFFEE C - ICE FUTURES U.S.,noncomm,51798.0,11142.0,257132.0
CIT,combined,2024-10-15,083731,COFFEE C - ICE FUTURES U.S.,nonrept,8777.0,5543.0,257132.0
CIT,combined,2024-10-22,001602,WHEAT-SRW - CHICAGO BOARD OF TRADE,cit,148613.0,63404.0,487950.0
CIT,combined,2024-10-22,001602,WHEAT-SRW - CHICAGO BOARD OF TRADE,comm,98359.0,112870.0,487950.0
CIT,combined,2024-10-22,001602,WHEAT-SRW - CHICAGO BOARD OF TRADE,noncomm,43430.0,109742.0,487950.0
CIT,combined,2024-10-22,001602,WHEAT-SRW - CHICAGO BOARD OF TRADE,nonrept,33314.0,37699.0,487950.0
CIT,combined,2024-10-22,002602,CORN - CHICAGO BOARD OF TRADE,cit,435190.0,172215.0,2121387.0
CIT,combined,2024-10-22,002602,CORN - CHICAGO BOARD OF TRADE,comm,668534.0,791957.0,2121387.0
CIT,combined,2024-10-22,002602,CORN - CHICAGO BOARD OF TRADE,noncomm,176810.0,258942.0,2121387.0
CIT,combined,2024-10-22,002602,CORN - CHICAGO BOARD OF TRADE,nonrept,179463.0,236883.0,2121387.0
CIT,combined,2024-10-22,005602,SOYBEANS - CHICAGO BOARD OF TRADE,cit,208945.0,117888.0,1277598.0
CIT,combined,2024-10-22,005602,SOYBEANS - CHICAGO BOARD OF TRADE,comm,504610.0,498532.0,1277598.0
CIT,combined,2024-10-22,005602,SOYBEANS - CHICAGO BOARD OF TRADE,noncomm,90680.0,162583.0,1277598.0
CIT,combined,2024-10-22,005602,SOYBEANS - CHICAGO BOARD OF TRADE,nonrept,62926.0,88157.0,1277598.0
CIT,combined,2024-10-22,057642,LIVE CATTLE - CHICAGO MERCANTILE EXCHANGE,cit,118206.0,20120.0,434853.0
CIT,combined,2024-10-22,057642,LIVE CATTLE - CHICAGO MERCANTILE EXCHANGE,comm,69638.0,202612.0,434853.0
CIT,combined,2024-10-22,057642,LIVE CATTLE - CHICAGO MERCANTILE EXCHANGE,noncomm,91067.0,22942.0,434853.0
CIT,combined,2024-10-22,057642,LIVE CATTLE - CHICAGO MERCANTILE EXCHANGE,nonrept,27361.0,60598.0,434853.0
CIT,combined,2024-10-22,073732,COCOA - ICE FUTURES U.S.,cit,29265.0,8749.0,188567.0
CIT,combined,2024-10-22,073732,COCOA - ICE FUTURES U.S.,comm,55617.0,98548.0,188567.0
CIT,combined,2024-10-22,073732,COCOA - ICE FUTURES U.S.,noncomm,27874.0,11041.0,188567.0
CIT,combined,2024-10-22,073732,COCOA - ICE FUTURES U.S.,nonrept,10897.0,5316.0,188567.0
CIT,combined,2024-10-22,080732,SUGAR NO. 11 - ICE FUTURES U.S.,cit,233902.0,24650.0,984815.0
CIT,combined,2024-10-22,080732,SUGAR NO. 11 - ICE FUTURES U.S.,comm,330357.0,570912.0,984815.0
CIT,combined,2024-10-22,080732,SUGAR NO. 11 - ICE FUTURES U.S.,noncomm,115895.0,121130.0,984815.0
CIT,combined,2024-10-22,080732,SUGAR NO. 11 - ICE FUTURES U.S.,nonrept,86749.0,50211.0,984815.0
CIT,combined,2024-10-22,083731,COFFEE C - ICE FUTURES U.S.,cit,65799.0,11995.0,258357.0
CIT,combined,2024-10-22,083731,COFFEE C - ICE FUTURES U.S.,comm,61280.0,157141.0,258357.0
CIT,combined,2024-10-22,083731,COFFEE C - ICE FUTURES U.S.,noncomm,50458.0,11727.0,258357.0
CIT,combined,2024-10-22,083731,COFFEE C - ICE FUTURES U.S.,nonrept,9074.0,5748.0,258357.0
CIT,combined,2024-10-29,001602,WHEAT-SRW - CHICAGO BOARD OF TRADE,cit,151036.0,70417.0,484496.0
CIT,combined,2024-10-29,001602,WHEAT-SRW - CHICAGO BOARD OF TRADE,comm,101624.0,106025.0,484496.0
CIT,combined,2024-10-29,001602,WHEAT-SRW - CHICAGO BOARD OF TRADE,noncomm,43593.0,111989.0,484496.0
CIT,combined,2024-10-29,001602,WHEAT-SRW - CHICAGO BOARD OF TRADE,nonrept,32901.0,40723.0,484496.0
CIT,combined,2024-10-29,002602,CORN - CHICAGO BOARD OF TRADE,cit,435194.0,148416.0,2131836.0
CIT,combined,2024-10-29,002602,CORN - CHICAGO BOARD OF TRADE,comm,672518.0,857638.0,2131836.0
CIT,combined,2024-10-29,002602,CORN - CHICAGO BOARD OF TRADE,noncomm,194168.0,235620.0,2131836.0
CIT,combined,2024-10-29,002602,CORN - CHICAGO BOARD OF TRADE,nonrept,179329.0,239534.0,2131836.0
CIT,combined,2024-10-29,005602,SOYBEANS - CHICAGO BOARD OF TRADE,cit,195031.0,94272.0,1077260.0
CIT,combined,2024-10-29,005602,SOYBEANS - CHICAGO BOARD OF TRADE,comm,418388.0,420967.0,1077260.0
CIT,combined,2024-10-29,005602,SOYBEANS - CHICAGO BOARD OF TRADE,noncomm,95309.0,173977.0,1077260.0
CIT,combined,2024-10-29,005602,SOYBEANS - CHICAGO BOARD OF TRADE,nonrept,60945.0,80458.0,1077260.0
CIT,combined,2024-10-29,057642,LIVE CATTLE - CHICAGO MERCANTILE EXCHANGE,cit,119833.0,21170.0,459153.0
CIT,combined,2024-10-29,057642,LIVE CATTLE - CHICAGO MERCANTILE EXCHANGE,comm,74235.0,213432.0,459153.0
CIT,combined,2024-10-29,057642,LIVE CATTLE - CHICAGO MERCANTILE EXCHANGE,noncomm,99515.0,23034.0,459153.0
CIT,combined,2024-10-29,057642,LIVE CATTLE - CHICAGO MERCANTILE EXCHANGE,nonrept,27868.0,63814.0,459153.0
CIT,combined,2024-10-29,073732,COCOA - ICE FUTURES U.S.,cit,28521.0,9176.0,180966.0
CIT,combined,2024-10-29,073732,COCOA - ICE FUTURES U.S.,comm,58546.0,100191.0,180966.0
CIT,combined,2024-10-29,073732,COCOA - ICE FUTURES U.S.,noncomm,26337.0,11132.0,180966.0
CIT,combined,2024-10-29,073732,COCOA - ICE FUTURES U.S.,nonrept,11936.0,4840.0,180966.0
CIT,combined,2024-10-29,080732,SUGAR NO. 11 - ICE FUTURES U.S.,cit,236494.0,25285.0,1010508.0
CIT,combined,2024-10-29,080732,SUGAR NO. 11 - ICE FUTURES U.S.,comm,350681.0,581817.0,1010508.0
CIT,combined,2024-10-29,080732,SUGAR NO. 11 - ICE FUTURES U.S.,noncomm,114493.0,129499.0,1010508.0
CIT,combined,2024-10-29,080732,SUGAR NO. 11 - ICE FUTURES U.S.,nonrept,86227.0,51295.0,1010508.0
CIT,combined,2024-10-29,083731,COFFEE C - ICE FUTURES U.S.,cit,65098.0,11448.0,254209.0
CIT,combined,2024-10-29,083731,COFFEE C - ICE FUTURES U.S.,comm,61532.0,155994.0,254209.0
CIT,combined,2024-10-29,083731,COFFEE C - ICE FUTURES U.S.,noncomm,47882.0,9818.0,254209.0
CIT,combined,2024-10-29,083731,COFFEE C - ICE FUTURES U.S.,nonrept,8802.0,6054.0,254209.0
CIT,combined,2024-11-05,001602,WHEAT-SRW - CHICAGO BOARD OF TRADE,cit,157520.0,78643.0,514659.0
CIT,combined,2024-11-05,001602,WHEAT-SRW - CHICAGO BOARD OF TRADE,comm,103796.0,109669.0,514659.0
CIT,combined,2024-11-05,001602,WHEAT-SRW - CHICAGO BOARD OF TRADE,noncomm,43547.0,109933.0,514659.0
CIT,combined,2024-11-05,001602,WHEAT-SRW - CHICAGO BOARD OF TRADE,nonrept,34453.0,41071.0,514659.0
CIT,combined,2024-11-05,002602,CORN - CHICAGO BOARD OF TRADE,cit,440825.0,156732.0,2145748.0
CIT,combined,2024-11-05,002602,CORN - CHICAGO BOARD OF TRADE,comm,654219.0,864134.0,2145748.0
CIT,combined,2024-11-05,002602,CORN - CHICAGO BOARD OF TRADE,noncomm,218027.0,241705.0,2145748.0
CIT,combined,2024-11-05,002602,CORN - CHICAGO BOARD OF TRADE,nonrept,186893.0,237393.0,2145748.0
CIT,combined,2024-11-05,005602,SOYBEANS - CHICAGO BOARD OF TRADE,cit,206205.0,91959.0,1087574.0
CIT,combined,2024-11-05,005602,SOYBEANS - CHICAGO BOARD OF TRADE,comm,407207.0,421094.0,1087574.0
CIT,combined,2024-11-05,005602,SOYBEANS - CHICAGO BOARD OF TRADE,noncomm,97218.0,174132.0,1087574.0
CIT,combined,2024-11-05,005602,SOYBEANS - CHICAGO BOARD OF TRADE,nonrept,57603.0,81047.0,1087574.0
CIT,combined,2024-11-05,057642,LIVE CATTLE - CHICAGO MERCANTILE EXCHANGE,cit,122875.0,22699.0,465998.0
CIT,combined,2024-11-05,057642,LIVE CATTLE - CHICAGO MERCANTILE EXCHANGE,comm,76637.0,216178.0,465998.0
CIT,combined,2024-11-05,057642,LIVE CATTLE - CHICAGO MERCANTILE EXCHANGE,noncomm,98589.0,23343.0,465998.0
CIT,combined,2024-11-05,057642,LIVE CATTLE - CHICAGO MERCANTILE EXCHANGE,nonrept,27946.0,63827.0,465998.0
CIT,combined,2024-11-05,073732,COCOA - ICE FUTURES U.S.,cit,28282.0,8407.0,156572.0
CIT,combined,2024-11-05,073732,COCOA - ICE FUTURES U.S.,comm,53773.0,95999.0,156572.0
CIT,combined,2024-11-05,073732,COCOA - ICE FUTURES U.S.,noncomm,27522.0,12211.0,156572.0
CIT,combined,2024-11-05,073732,COCOA - ICE FUTURES U.S.,nonrept,11872.0,4831.0,156572.0
CIT,combined,2024-11-05,080732,SUGAR NO. 11 - ICE FUTURES U.S.,cit,231994.0,26153.0,1021437.0
CIT,combined,2024-11-05,080732,SUGAR NO. 11 - ICE FUTURES U.S.,comm,360291.0,585340.0,1021437.0
CIT,combined,2024-11-05,080732,SUGAR NO. 11 - ICE FUTURES U.S.,noncomm,114920.0,131124.0,1021437.0
CIT,combined,2024-11-05,080732,SUGAR NO. 11 - ICE FUTURES U.S.,nonrept,86632.0,51219.0,1021437.0
CIT,combined,2024-11-05,083731,COFFEE C - ICE FUTURES U.S.,cit,63317.0,13690.0,257626.0
CIT,combined,2024-11-05,083731,COFFEE C - ICE FUTURES U.S.,comm,60857.0,150097.0,257626.0
CIT,combined,2024-11-05,083731,COFFEE C - ICE FUTURES U.S.,noncomm,46784.0,9626.0,257626.0
CIT,combined,2024-11-05,083731,COFFEE C - ICE FUTURES U.S.,nonrept,8657.0,6201.0,257626.0
CIT,combined,2024-11-12,001602,WHEAT-SRW - CHICAGO BOARD OF TRADE,cit,151868.0,77149.0,522608.0
CIT,combined,2024-11-12,001602,WHEAT-SRW - CHICAGO BOARD OF TRADE,comm,117909.0,102688.0,522608.0
CIT,combined,2024-11-12,001602,WHEAT-SRW - CHICAGO BOARD OF TRADE,noncomm,41421.0,124075.0,522608.0
CIT,combined,2024-11-12,001602,WHEAT-SRW - CHICAGO BOARD OF TRADE,nonrept,34980.0,42267.0,522608.0
CIT,combined,2024-11-12,002602,CORN - CHICAGO BOARD OF TRADE,cit,452970.0,135294.0,2167189.0
CIT,combined,2024-11-12,002602,CORN - CHICAGO BOARD OF TRADE,comm,664282.0,953939.0,2167189.0
CIT,combined,2024-11-12,002602,CORN - CHICAGO BOARD OF TRADE,noncomm,233665.0,203558.0,2167189.0
CIT,combined,2024-11-12,002602,CORN - CHICAGO BOARD OF TRADE,nonrept,176400.0,234526.0,2167189.0
CIT,combined,2024-11-12,005602,SOYBEANS - CHICAGO BOARD OF TRADE,cit,207801.0,96717.0,1111933.0
CIT,combined,2024-11-12,005602,SOYBEANS - CHICAGO BOARD OF TRADE,comm,418705.0,444455.0,1111933.0
CIT,combined,2024-11-12,005602,SOYBEANS - CHICAGO BOARD OF TRADE,noncomm,105853.0,167991.0,1111933.0
CIT,combined,2024-11-12,005602,SOYBEANS - CHICAGO BOARD OF TRADE,nonrept,56560.0,79756.0,1111933.0
CIT,combined,2024-11-12,057642,LIVE CATTLE - CHICAGO MERCANTILE EXCHANGE,cit,119409.0,20566.0,454410.0
CIT,combined,2024-11-12,057642,LIVE CATTLE - CHICAGO MERCANTILE EXCHANGE,comm,76475.0,218763.0,454410.0
CIT,combined,2024-11-12,057642,LIVE CATTLE - CHICAGO MERCANTILE EXCHANGE,noncomm,103811.0,23796.0,454410.0
CIT,combined,2024-11-12,057642,LIVE CATTLE - CHICAGO MERCANTILE EXCHANGE,nonrept,27117.0,63687.0,454410.0
CIT,combined,2024-11-12,073732,COCOA - ICE FUTURES U.S.,cit,27453.0,7920.0,161633.0
CIT,combined,2024-11-12,073732,COCOA - ICE FUTURES U.S.,comm,52689.0,97377.0,161633.0
CIT,combined,2024-11-12,073732,COCOA - ICE FUTURES U.S.,noncomm,29992.0,12423.0,161633.0
CIT,combined,2024-11-12,073732,COCOA - ICE FUTURES U.S.,nonrept,12972.0,5386.0,161633.0
CIT,combined,2024-11-12,080732,SUGAR NO. 11 - ICE FUTURES U.S.,cit,242058.0,30604.0,1008257.0
CIT,combined,2024-11-12,080732,SUGAR NO. 11 - ICE FUTURES U.S.,comm,354696.0,558895.0,1008257.0
CIT,combined,2024-11-12,080732,SUGAR NO. 11 - ICE FUTURES U.S.,noncomm,104578.0,136609.0,1008257.0
CIT,combined,2024-11-12,080732,SUGAR NO. 11 - ICE FUTURES U.S.,nonrept,78181.0,53405.0,1008257.0
CIT,combined,2024-11-12,083731,COFFEE C - ICE FUTURES U.S.,cit,61534.0,9696.0,233389.0
CIT,combined,2024-11-12,083731,COFFEE C - ICE FUTURES U.S.,comm,57211.0,152342.0,233389.0
CIT,combined,2024-11-12,083731,COFFEE C - ICE FUTURES U.S.,noncomm,49479.0,9240.0,233389.0
CIT,combined,2024-11-12,083731,COFFEE C - ICE FUTURES U.S.,nonrept,9153.0,6099.0,233389.0
CIT,combined,2024-11-19,001602,WHEAT-SRW - CHICAGO BOARD OF TRADE,cit,155519.0,84875.0,536986.0
CIT,combined,2024-11-19,001602,WHEAT-SRW - CHICAGO BOARD OF TRADE,comm,117282.0,96992.0,536986.0
CIT,combined,2024-11-19,001602,WHEAT-SRW - CHICAGO BOARD OF TRADE,noncomm,49863.0,134545.0,536986.0
CIT,combined,2024-11-19,001602,WHEAT-SRW - CHICAGO BOARD OF TRADE,nonrept,34354.0,40605.0,536986.0
CIT,combined,2024-11-19,002602,CORN - CHICAGO BOARD OF TRADE,cit,463755.0,134405.0,2168691.0
CIT,combined,2024-11-19,002602,CORN - CHICAGO BOARD OF TRADE,comm,673166.0,961604.0,2168691.0
CIT,combined,2024-11-19,002602,CORN - CHICAGO BOARD OF TRADE,noncomm,228331.0,213087.0,2168691.0
CIT,combined,2024-11-19,002602,CORN - CHICAGO BOARD OF TRADE,nonrept,175147.0,231302.0,2168691.0
CIT,combined,2024-11-19,005602,SOYBEANS - CHICAGO BOARD OF TRADE,cit,212582.0,103417.0,1169119.0
CIT,combined,2024-11-19,005602,SOYBEANS - CHICAGO BOARD OF TRADE,comm,450627.0,461489.0,1169119.0
CIT,combined,2024-11-19,005602,SOYBEANS - CHICAGO BOARD OF TRADE,noncomm,107971.0,178666.0,1169119.0
CIT,combined,2024-11-19,005602,SOYBEANS - CHICAGO BOARD OF TRADE,nonrept,55975.0,83583.0,1169119.0
CIT,combined,2024-11-19,057642,LIVE CATTLE - CHICAGO MERCANTILE EXCHANGE,cit,114769.0,21397.0,455954.0
CIT,combined,2024-11-19,057642,LIVE CATTLE - CHICAGO MERCANTILE EXCHANGE,comm,78707.0,219207.0,455954.0
CIT,combined,2024-11-19,057642,LIVE CATTLE - CHICAGO MERCANTILE EXCHANGE,noncomm,104393.0,23065.0,455954.0
CIT,combined,2024-11-19,057642,LIVE CATTLE - CHICAGO MERCANTILE EXCHANGE,nonrept,28765.0,62966.0,455954.0
CIT,combined,2024-11-19,073732,COCOA - ICE FUTURES U.S.,cit,26137.0,11076.0,181052.0
CIT,combined,2024-11-19,073732,COCOA - ICE FUTURES U.S.,comm,61063.0,100600.0,181052.0
CIT,combined,2024-11-19,073732,COCOA - ICE FUTURES U.S.,noncomm,33864.0,16480.0,181052.0
CIT,combined,2024-11-19,073732,COCOA - ICE FUTURES U.S.,nonrept,12567.0,5474.0,181052.0
CIT,combined,2024-11-19,080732,SUGAR NO. 11 - ICE FUTURES U.S.,cit,248306.0,36049.0,1032397.0
CIT,combined,2024-11-19,080732,SUGAR NO. 11 - ICE FUTURES U.S.,comm,369104.0,581090.0,1032397.0
CIT,combined,2024-11-19,080732,SUGAR NO. 11 - ICE FUTURES U.S.,noncomm,108896.0,138572.0,1032397.0
CIT,combined,2024-11-19,080732,SUGAR NO. 11 - ICE FUTURES U.S.,nonrept,80249.0,50845.0,1032397.0
CIT,combined,2024-11-19,083731,COFFEE C - ICE FUTURES U.S.,cit,63211.0,10419.0,239341.0
CIT,combined,2024-11-19,083731,COFFEE C - ICE FUTURES U.S.,comm,54161.0,151708.0,239341.0
CIT,combined,2024-11-19,083731,COFFEE C - ICE FUTURES U.S.,noncomm,50624.0,9877.0,239341.0
CIT,combined,2024-11-19,083731,COFFEE C - ICE FUTURES U.S.,nonrept,9949.0,5941.0,239341.0
CIT,combined,2024-11-26,001602,WHEAT-SRW - CHICAGO BOARD OF TRADE,cit,152364.0,68312.0,472093.0
CIT,combined,2024-11-26,001602,WHEAT-SRW - CHICAGO BOARD OF TRADE,comm,93122.0,79633.0,472093.0
CIT,combined,2024-11-26,001602,WHEAT-SRW - CHICAGO BOARD OF TRADE,noncomm,54509.0,146799.0,472093.0
CIT,combined,2024-11-26,001602,WHEAT-SRW - CHICAGO BOARD OF TRADE,nonrept,34708.0,39958.0,472093.0
CIT,combined,2024-11-26,002602,CORN - CHICAGO BOARD OF TRADE,cit,417545.0,91906.0,1903173.0
CIT,combined,2024-11-26,002602,CORN - CHICAGO BOARD OF TRADE,comm,611208.0,863840.0,1903173.0
CIT,combined,2024-11-26,002602,CORN - CHICAGO BOARD OF TRADE,noncomm,217199.0,242045.0,1903173.0
CIT,combined,2024-11-26,002602,CORN - CHICAGO BOARD OF TRADE,nonrept,164334.0,212494.0,1903173.0
CIT,combined,2024-11-26,005602,SOYBEANS - CHICAGO BOARD OF TRADE,cit,211444.0,107590.0,1152213.0
CIT,combined,2024-11-26,005602,SOYBEANS - CHICAGO BOARD OF TRADE,comm,447463.0,438695.0,1152213.0
CIT,combined,2024-11-26,005602,SOYBEANS - CHICAGO BOARD OF TRADE,noncomm,102124.0,192578.0,1152213.0
CIT,combined,2024-11-26,005602,SOYBEANS - CHICAGO BOARD OF TRADE,nonrept,57739.0,79906.0,1152213.0
CIT,combined,2024-11-26,057642,LIVE CATTLE - CHICAGO MERCANTILE EXCHANGE,cit,116054.0,23067.0,468494.0
CIT,combined,2024-11-26,057642,LIVE CATTLE - CHICAGO MERCANTILE EXCHANGE,comm,78666.0,224139.0,468494.0
CIT,combined,2024-11-26,057642,LIVE CATTLE - CHICAGO MERCANTILE EXCHANGE,noncomm,110376.0,21938.0,468494.0
CIT,combined,2024-11-26,057642,LIVE CATTLE - CHICAGO MERCANTILE EXCHANGE,nonrept,28355.0,64308.0,468494.0
CIT,combined,2024-11-26,073732,COCOA - ICE FUTURES U.S.,cit,24998.0,9887.0,185770.0
CIT,combined,2024-11-26,073732,COCOA - ICE FUTURES U.S.,comm,59360.0,102391.0,185770.0
CIT,combined,2024-11-26,073732,COCOA - ICE FUTURES U.S.,noncomm,36378.0,15607.0,185770.0
CIT,combined,2024-11-26,073732,COCOA - ICE FUTURES U.S.,nonrept,12605.0,5457.0,185770.0
CIT,combined,2024-11-26,080732,SUGAR NO. 11 - ICE FUTURES U.S.,cit,251562.0,36362.0,1027600.0
CIT,combined,2024-11-26,080732,SUGAR NO. 11 - ICE FUTURES U.S.,comm,367057.0,577666.0,1027600.0
CIT,combined,2024-11-26,080732,SUGAR NO. 11 - ICE FUTURES U.S.,noncomm,110835.0,138693.0,1027600.0
CIT,combined,2024-11-26,080732,SUGAR NO. 11 - ICE FUTURES U.S.,nonrept,74333.0,51066.0,1027600.0
CIT,combined,2024-11-26,083731,COFFEE C - ICE FUTURES U.S.,cit,63529.0,10959.0,260017.0
CIT,combined,2024-11-26,083731,COFFEE C - ICE FUTURES U.S.,comm,61419.0,156768.0,260017.0
CIT,combined,2024-11-26,083731,COFFEE C - ICE FUTURES U.S.,noncomm,51469.0,11743.0,260017.0
CIT,combined,2024-11-26,083731,COFFEE C - ICE FUTURES U.S.,nonrept,9684.0,6632.0,260017.0
CIT,combined,2024-12-03,001602,WHEAT-SRW - CHICAGO BOARD OF TRADE,cit,148435.0,70707.0,484688.0
CIT,combined,2024-12-03,001602,WHEAT-SRW - CHICAGO BOARD OF TRADE,comm,104854.0,80431.0,484688.0
CIT,combined,2024-12-03,001602,WHEAT-SRW - CHICAGO BOARD OF TRADE,noncomm,61797.0,160582.0,484688.0
CIT,combined,2024-12-03,001602,WHEAT-SRW - CHICAGO BOARD OF TRADE,nonrept,32737.0,36102.0,484688.0
CIT,combined,2024-12-03,002602,CORN - CHICAGO BOARD OF TRADE,cit,420301.0,96342.0,1895924.0
CIT,combined,2024-12-03,002602,CORN - CHICAGO BOARD OF TRADE,comm,602830.0,857069.0,1895924.0
CIT,combined,2024-12-03,002602,CORN - CHICAGO BOARD OF TRADE,noncomm,214833.0,245380.0,1895924.0
CIT,combined,2024-12-03,002602,CORN - CHICAGO BOARD OF TRADE,nonrept,163694.0,202866.0,1895924.0
CIT,combined,2024-12-03,005602,SOYBEANS - CHICAGO BOARD OF TRADE,cit,211227.0,105464.0,1162816.0
CIT,combined,2024-12-03,005602,SOYBEANS - CHICAGO BOARD OF TRADE,comm,437492.0,434037.0,1162816.0
CIT,combined,2024-12-03,005602,SOYBEANS - CHICAGO BOARD OF TRADE,noncomm,100824.0,188229.0,1162816.0
CIT,combined,2024-12-03,005602,SOYBEANS - CHICAGO BOARD OF TRADE,nonrept,57918.0,79732.0,1162816.0
CIT,combined,2024-12-03,057642,LIVE CATTLE - CHICAGO MERCANTILE EXCHANGE,cit,113625.0,23496.0,464856.0
CIT,combined,2024-12-03,057642,LIVE CATTLE - CHICAGO MERCANTILE EXCHANGE,comm,75875.0,222816.0,464856.0
CIT,combined,2024-12-03,057642,LIVE CATTLE - CHICAGO MERCANTILE EXCHANGE,noncomm,114694.0,21712.0,464856.0
CIT,combined,2024-12-03,057642,LIVE CATTLE - CHICAGO MERCANTILE EXCHANGE,nonrept,27147.0,63316.0,464856.0
CIT,combined,2024-12-03,073732,COCOA - ICE FUTURES U.S.,cit,23843.0,9055.0,181889.0
CIT,combined,2024-12-03,073732,COCOA - ICE FUTURES U.S.,comm,59395.0,100074.0,181889.0
CIT,combined,2024-12-03,073732,COCOA - ICE FUTURES U.S.,noncomm,34909.0,15397.0,181889.0
CIT,combined,2024-12-03,073732,COCOA - ICE FUTURES U.S.,nonrept,11990.0,5612.0,181889.0
CIT,combined,2024-12-03,080732,SUGAR NO. 11 - ICE FUTURES U.S.,cit,254784.0,36075.0,1041607.0
CIT,combined,2024-12-03,080732,SUGAR NO. 11 - ICE FUTURES U.S.,comm,370132.0,588780.0,1041607.0
CIT,combined,2024-12-03,080732,SUGAR NO. 11 - ICE FUTURES U.S.,noncomm,110737.0,131195.0,1041607.0
CIT,combined,2024-12-03,080732,SUGAR NO. 11 - ICE FUTURES U.S.,nonrept,75990.0,55594.0,1041607.0
CIT,combined,2024-12-03,083731,COFFEE C - ICE FUTURES U.S.,cit,61104.0,11050.0,256527.0
CIT,combined,2024-12-03,083731,COFFEE C - ICE FUTURES U.S.,comm,57547.0,149613.0,256527.0
CIT,combined,2024-12-03,083731,COFFEE C - ICE FUTURES U.S.,noncomm,50398.0,11353.0,256527.0
CIT,combined,2024-12-03,083731,COFFEE C - ICE FUTURES U.S.,nonrept,9352.0,6384.0,256527.0
CIT,combined,2024-12-10,001602,WHEAT-SRW - CHICAGO BOARD OF TRADE,cit,149905.0,72972.0,503050.0
CIT,combined,2024-12-10,001602,WHEAT-SRW - CHICAGO BOARD OF TRADE,comm,109452.0,87579.0,503050.0
CIT,combined,2024-12-10,001602,WHEAT-SRW - CHICAGO BOARD OF TRADE,noncomm,64007.0,159220.0,503050.0
CIT,combined,2024-12-10,001602,WHEAT-SRW - CHICAGO BOARD OF TRADE,nonrept,32259.0,35852.0,503050.0
CIT,combined,2024-12-10,002602,CORN - CHICAGO BOARD OF TRADE,cit,456952.0,111273.0,2008681.0
CIT,combined,2024-12-10,002602,CORN - CHICAGO BOARD OF TRADE,comm,600850.0,940147.0,2008681.0
CIT,combined,2024-12-10,002602,CORN - CHICAGO BOARD OF TRADE,noncomm,260922.0,229354.0,2008681.0
CIT,combined,2024-12-10,002602,CORN - CHICAGO BOARD OF TRADE,nonrept,166665.0,204616.0,2008681.0
CIT,combined,2024-12-10,005602,SOYBEANS - CHICAGO BOARD OF TRADE,cit,203527.0,101332.0,1156829.0
CIT,combined,2024-12-10,005602,SOYBEANS - CHICAGO BOARD OF TRADE,comm,436320.0,440984.0,1156829.0
CIT,combined,2024-12-10,005602,SOYBEANS - CHICAGO BOARD OF TRADE,noncomm,101930.0,178209.0,1156829.0
CIT,combined,2024-12-10,005602,SOYBEANS - CHICAGO BOARD OF TRADE,nonrept,58247.0,79499.0,1156829.0
CIT,combined,2024-12-10,057642,LIVE CATTLE - CHICAGO MERCANTILE EXCHANGE,cit,109841.0,19315.0,432738.0
CIT,combined,2024-12-10,057642,LIVE CATTLE - CHICAGO MERCANTILE EXCHANGE,comm,65844.0,218795.0,432738.0
CIT,combined,2024-12-10,057642,LIVE CATTLE - CHICAGO MERCANTILE EXCHANGE,noncomm,119965.0,21659.0,432738.0
CIT,combined,2024-12-10,057642,LIVE CATTLE - CHICAGO MERCANTILE EXCHANGE,nonrept,26083.0,61964.0,432738.0
CIT,combined,2024-12-10,073732,COCOA - ICE FUTURES U.S.,cit,22501.0,8076.0,183179.0
CIT,combined,2024-12-10,073732,COCOA - ICE FUTURES U.S.,comm,60394.0,103733.0,183179.0
CIT,combined,2024-12-10,073732,COCOA - ICE FUTURES U.S.,noncomm,35956.0,13683.0,183179.0
CIT,combined,2024-12-10,073732,COCOA - ICE FUTURES U.S.,nonrept,12692.0,6051.0,183179.0
CIT,combined,2024-12-10,080732,SUGAR NO. 11 - ICE FUTURES U.S.,cit,266348.0,40958.0,1078053.0
CIT,combined,2024-12-10,080732,SUGAR NO. 11 - ICE FUTURES U.S.,comm,381633.0,609320.0,1078053.0
CIT,combined,2024-12-10,080732,SUGAR NO. 11 - ICE FUTURES U.S.,noncomm,113979.0,131508.0,1078053.0
CIT,combined,2024-12-10,080732,SUGAR NO. 11 - ICE FUTURES U.S.,nonrept,75468.0,55644.0,1078053.0
CIT,combined,2024-12-10,083731,COFFEE C - ICE FUTURES U.S.,cit,61403.0,10829.0,278277.0
CIT,combined,2024-12-10,083731,COFFEE C - ICE FUTURES U.S.,comm,60058.0,152725.0,278277.0
CIT,combined,2024-12-10,083731,COFFEE C - ICE FUTURES U.S.,noncomm,50837.0,11590.0,278277.0
CIT,combined,2024-12-10,083731,COFFEE C - ICE FUTURES U.S.,nonrept,9799.0,6952.0,278277.0
CIT,combined,2024-12-17,001602,WHEAT-SRW - CHICAGO BOARD OF TRADE,cit,148188.0,85523.0,527377.0
CIT,combined,2024-12-17,001602,WHEAT-SRW - CHICAGO BOARD OF TRADE,comm,117991.0,77634.0,527377.0
CIT,combined,2024-12-17,001602,WHEAT-SRW - CHICAGO BOARD OF TRADE,noncomm,66541.0,169639.0,527377.0
CIT,combined,2024-12-17,001602,WHEAT-SRW - CHICAGO BOARD OF TRADE,nonrept,35760.0,35685.0,527377.0
CIT,combined,2024-12-17,002602,CORN - CHICAGO BOARD OF TRADE,cit,482438.0,102672.0,2029695.0
CIT,combined,2024-12-17,002602,CORN - CHICAGO BOARD OF TRADE,comm,612497.0,960504.0,2029695.0
CIT,combined,2024-12-17,002602,CORN - CHICAGO BOARD OF TRADE,noncomm,240401.0,219473.0,2029695.0
CIT,combined,2024-12-17,002602,CORN - CHICAGO BOARD OF TRADE,nonrept,163785.0,216473.0,2029695.0
CIT,combined,2024-12-17,005602,SOYBEANS - CHICAGO BOARD OF TRADE,cit,203093.0,102880.0,1187520.0
CIT,combined,2024-12-17,005602,SOYBEANS - CHICAGO BOARD OF TRADE,comm,457304.0,432363.0,1187520.0
CIT,combined,2024-12-17,005602,SOYBEANS - CHICAGO BOARD OF TRADE,noncomm,93250.0,196208.0,1187520.0
CIT,combined,2024-12-17,005602,SOYBEANS - CHICAGO BOARD OF TRADE,nonrept,59842.0,82037.0,1187520.0
CIT,combined,2024-12-17,057642,LIVE CATTLE - CHICAGO MERCANTILE EXCHANGE,cit,113005.0,19374.0,450482.0
CIT,combined,2024-12-17,057642,LIVE CATTLE - CHICAGO MERCANTILE EXCHANGE,comm,64495.0,228010.0,450482.0
CIT,combined,2024-12-17,057642,LIVE CATTLE - CHICAGO MERCANTILE EXCHANGE,noncomm,126042.0,21599.0,450482.0
CIT,combined,2024-12-17,057642,LIVE CATTLE - CHICAGO MERCANTILE EXCHANGE,nonrept,27574.0,62134.0,450482.0
CIT,combined,2024-12-17,073732,COCOA - ICE FUTURES U.S.,cit,22681.0,8276.0,182864.0
CIT,combined,2024-12-17,073732,COCOA - ICE FUTURES U.S.,comm,62465.0,104569.0,182864.0
CIT,combined,2024-12-17,073732,COCOA - ICE FUTURES U.S.,noncomm,34669.0,13740.0,182864.0
CIT,combined,2024-12-17,073732,COCOA - ICE FUTURES U.S.,nonrept,12472.0,5702.0,182864.0
CIT,combined,2024-12-17,080732,SUGAR NO. 11 - ICE FUTURES U.S.,cit,282222.0,42503.0,1072224.0
CIT,combined,2024-12-17,080732,SUGAR NO. 11 - ICE FUTURES U.S.,comm,391500.0,596484.0,1072224.0
CIT,combined,2024-12-17,080732,SUGAR NO. 11 - ICE FUTURES U.S.,noncomm,95440.0,143208.0,1072224.0
CIT,combined,2024-12-17,080732,SUGAR NO. 11 - ICE FUTURES U.S.,nonrept,72136.0,59104.0,1072224.0
CIT,combined,2024-12-17,083731,COFFEE C - ICE FUTURES U.S.,cit,60311.0,10656.0,257008.0
CIT,combined,2024-12-17,083731,COFFEE C - ICE FUTURES U.S.,comm,52591.0,143955.0,257008.0
CIT,combined,2024-12-17,083731,COFFEE C - ICE FUTURES U.S.,noncomm,49508.0,11352.0,257008.0
CIT,combined,2024-12-17,083731,COFFEE C - ICE FUTURES U.S.,nonrept,10052.0,6498.0,257008.0
CIT,combined,2024-12-24,001602,WHEAT-SRW - CHICAGO BOARD OF TRADE,cit,146533.0,95945.0,550209.0
CIT,combined,2024-12-24,001602,WHEAT-SRW - CHICAGO BOARD OF TRADE,comm,121178.0,72140.0,550209.0
CIT,combined,2024-12-24,001602,WHEAT-SRW - CHICAGO BOARD OF TRADE,noncomm,68912.0,172697.0,550209.0
CIT,combined,2024-12-24,001602,WHEAT-SRW - CHICAGO BOARD OF TRADE,nonrept,39247.0,35089.0,550209.0
CIT,combined,2024-12-24,002602,CORN - CHICAGO BOARD OF TRADE,cit,486285.0,112481.0,2065483.0
CIT,combined,2024-12-24,002602,CORN - CHICAGO BOARD OF TRADE,comm,621164.0,967028.0,2065483.0
CIT,combined,2024-12-24,002602,CORN - CHICAGO BOARD OF TRADE,noncomm,250044.0,219726.0,2065483.0
CIT,combined,2024-12-24,002602,CORN - CHICAGO BOARD OF TRADE,nonrept,163350.0,221608.0,2065483.0
CIT,combined,2024-12-24,005602,SOYBEANS - CHICAGO BOARD OF TRADE,cit,196108.0,100783.0,1118594.0
CIT,combined,2024-12-24,005602,SOYBEANS - CHICAGO BOARD OF TRADE,comm,424702.0,406359.0,1118594.0
CIT,combined,2024-12-24,005602,SOYBEANS - CHICAGO BOARD OF TRADE,noncomm,98877.0,188967.0,1118594.0
CIT,combined,2024-12-24,005602,SOYBEANS - CHICAGO BOARD OF TRADE,nonrept,53617.0,77195.0,1118594.0
CIT,combined,2024-12-24,057642,LIVE CATTLE - CHICAGO MERCANTILE EXCHANGE,cit,112625.0,18914.0,449146.0
CIT,combined,2024-12-24,057642,LIVE CATTLE - CHICAGO MERCANTILE EXCHANGE,comm,67357.0,222728.0,449146.0
CIT,combined,2024-12-24,057642,LIVE CATTLE - CHICAGO MERCANTILE EXCHANGE,noncomm,116069.0,21188.0,449146.0
CIT,combined,2024-12-24,057642,LIVE CATTLE - CHICAGO MERCANTILE EXCHANGE,nonrept,27624.0,60845.0,449146.0
CIT,combined,2024-12-24,073732,COCOA - ICE FUTURES U.S.,cit,21184.0,8488.0,179639.0
CIT,combined,2024-12-24,073732,COCOA - ICE FUTURES U.S.,comm,60078.0,101978.0,179639.0
CIT,combined,2024-12-24,073732,COCOA - ICE FUTURES U.S.,noncomm,34608.0,11923.0,179639.0
CIT,combined,2024-12-24,073732,COCOA - ICE FUTURES U.S.,nonrept,12571.0,6052.0,179639.0
CIT,combined,2024-12-24,080732,SUGAR NO. 11 - ICE FUTURES U.S.,cit,278706.0,49201.0,1092684.0
CIT,combined,2024-12-24,080732,SUGAR NO. 11 - ICE FUTURES U.S.,comm,404204.0,588525.0,1092684.0
CIT,combined,2024-12-24,080732,SUGAR NO. 11 - ICE FUTURES U.S.,noncomm,96915.0,150235.0,1092684.0
CIT,combined,2024-12-24,080732,SUGAR NO. 11 - ICE FUTURES U.S.,nonrept,70415.0,62280.0,1092684.0
CIT,combined,2024-12-24,083731,COFFEE C - ICE FUTURES U.S.,cit,59639.0,10132.0,250420.0
CIT,combined,2024-12-24,083731,COFFEE C - ICE FUTURES U.S.,comm,50531.0,144844.0,250420.0
CIT,combined,2024-12-24,083731,COFFEE C - ICE FUTURES U.S.,noncomm,50912.0,9159.0,250420.0
CIT,combined,2024-12-24,083731,COFFEE C - ICE FUTURES U.S.,nonrept,9932.0,6878.0,250420.0
CIT,combined,2024-12-31,001602,WHEAT-SRW - CHICAGO BOARD OF TRADE,cit,149083.0,98088.0,542585.0
CIT,combined,2024-12-31,001602,WHEAT-SRW - CHICAGO BOARD OF TRADE,comm,109014.0,70013.0,542585.0
CIT,combined,2024-12-31,001602,WHEAT-SRW - CHICAGO BOARD OF TRADE,noncomm,75562.0,168493.0,542585.0
CIT,combined,2024-12-31,001602,WHEAT-SRW - CHICAGO BOARD OF TRADE,nonrept,37085.0,34150.0,542585.0
CIT,combined,2024-12-31,002602,CORN - CHICAGO BOARD OF TRADE,cit,499122.0,114637.0,2089452.0
CIT,combined,2024-12-31,002602,CORN - CHICAGO BOARD OF TRADE,comm,592246.0,1011446.0,2089452.0
CIT,combined,2024-12-31,002602,CORN - CHICAGO BOARD OF TRADE,noncomm,287692.0,194822.0,2089452.0
CIT,combined,2024-12-31,002602,CORN - CHICAGO BOARD OF TRADE,nonrept,168674.0,226828.0,2089452.0
CIT,combined,2024-12-31,005602,SOYBEANS - CHICAGO BOARD OF TRADE,cit,188043.0,86583.0,1004749.0
CIT,combined,2024-12-31,005602,SOYBEANS - CHICAGO BOARD OF TRADE,comm,387511.0,395931.0,1004749.0
CIT,combined,2024-12-31,005602,SOYBEANS - CHICAGO BOARD OF TRADE,noncomm,104183.0,165972.0,1004749.0
CIT,combined,2024-12-31,005602,SOYBEANS - CHICAGO BOARD OF TRADE,nonrept,39683.0,70932.0,1004749.0
CIT,combined,2024-12-31,057642,LIVE CATTLE - CHICAGO MERCANTILE EXCHANGE,cit,112761.0,20230.0,459241.0
CIT,combined,2024-12-31,057642,LIVE CATTLE - CHICAGO MERCANTILE EXCHANGE,comm,66809.0,221102.0,459241.0
CIT,combined,2024-12-31,057642,LIVE CATTLE - CHICAGO MERCANTILE EXCHANGE,noncomm,116447.0,19449.0,459241.0
CIT,combined,2024-12-31,057642,LIVE CATTLE - CHICAGO MERCANTILE EXCHANGE,nonrept,27201.0,62437.0,459241.0
CIT,combined,2024-12-31,073732,COCOA - ICE FUTURES U.S.,cit,20301.0,8270.0,179573.0
CIT,combined,2024-12-31,073732,COCOA - ICE FUTURES U.S.,comm,59796.0,102394.0,179573.0
CIT,combined,2024-12-31,073732,COCOA - ICE FUTURES U.S.,noncomm,36709.0,11909.0,179573.0
CIT,combined,2024-12-31,073732,COCOA - ICE FUTURES U.S.,nonrept,11526.0,5759.0,179573.0
CIT,combined,2024-12-31,080732,SUGAR NO. 11 - ICE FUTURES U.S.,cit,281622.0,54361.0,1105628.0
CIT,combined,2024-12-31,080732,SUGAR NO. 11 - ICE FUTURES U.S.,comm,407650.0,574475.0,1105628.0
CIT,combined,2024-12-31,080732,SUGAR NO. 11 - ICE FUTURES U.S.,noncomm,98811.0,164675.0,1105628.0
CIT,combined,2024-12-31,080732,SUGAR NO. 11 - ICE FUTURES U.S.,nonrept,66254.0,60826.0,1105628.0
CIT,combined,2024-12-31,083731,COFFEE C - ICE FUTURES U.S.,cit,58874.0,10116.0,246893.0
CIT,combined,2024-12-31,083731,COFFEE C - ICE FUTURES U.S.,comm,49935.0,141290.0,246893.0
CIT,combined,2024-12-31,083731,COFFEE C - ICE FUTURES U.S.,noncomm,49389.0,9296.0,246893.0
CIT,combined,2024-12-31,083731,COFFEE C - ICE FUTURES U.S.,nonrept,9386.0,6882.0,246893.0
CIT,combined,2025-01-07,001602,WHEAT-SRW - CHICAGO BOARD OF TRADE,cit,152158.0,101457.0,556234.0
CIT,combined,2025-01-07,001602,WHEAT-SRW - CHICAGO BOARD OF TRADE,comm,110243.0,67343.0,556234.0
CIT,combined,2025-01-07,001602,WHEAT-SRW - CHICAGO BOARD OF TRADE,noncomm,74311.0,170599.0,556234.0
CIT,combined,2025-01-07,001602,WHEAT-SRW - CHICAGO BOARD OF TRADE,nonrept,37171.0,34485.0,556234.0
CIT,combined,2025-01-07,002602,CORN - CHICAGO BOARD OF TRADE,cit,511030.0,119669.0,2132627.0
CIT,combined,2025-01-07,002602,CORN - CHICAGO BOARD OF TRADE,comm,579680.0,1022031.0,2132627.0
CIT,combined,2025-01-07,002602,CORN - CHICAGO BOARD OF TRADE,noncomm,297746.0,181598.0,2132627.0
CIT,combined,2025-01-07,002602,CORN - CHICAGO BOARD OF TRADE,nonrept,168780.0,233937.0,2132627.0
CIT,combined,2025-01-07,005602,SOYBEANS - CHICAGO BOARD OF TRADE,cit,196849.0,85368.0,1013280.0
CIT,combined,2025-01-07,005602,SOYBEANS - CHICAGO BOARD OF TRADE,comm,380282.0,411064.0,1013280.0
CIT,combined,2025-01-07,005602,SOYBEANS - CHICAGO BOARD OF TRADE,noncomm,101937.0,151763.0,1013280.0
CIT,combined,2025-01-07,005602,SOYBEANS - CHICAGO BOARD OF TRADE,nonrept,45163.0,76036.0,1013280.0
CIT,combined,2025-01-07,057642,LIVE CATTLE - CHICAGO MERCANTILE EXCHANGE,cit,117454.0,21537.0,482233.0
CIT,combined,2025-01-07,057642,LIVE CATTLE - CHICAGO MERCANTILE EXCHANGE,comm,66982.0,234319.0,482233.0
CIT,combined,2025-01-07,057642,LIVE CATTLE - CHICAGO MERCANTILE EXCHANGE,noncomm,129161.0,20037.0,482233.0
CIT,combined,2025-01-07,057642,LIVE CATTLE - CHICAGO MERCANTILE EXCHANGE,nonrept,29433.0,67137.0,482233.0
CIT,combined,2025-01-07,073732,COCOA - ICE FUTURES U.S.,cit,20898.0,8322.0,178592.0
CIT,combined,2025-01-07,073732,COCOA - ICE FUTURES U.S.,comm,60717.0,101827.0,178592.0
CIT,combined,2025-01-07,073732,COCOA - ICE FUTURES U.S.,noncomm,34229.0,12137.0,178592.0
CIT,combined,2025-01-07,073732,COCOA - ICE FUTURES U.S.,nonrept,11757.0,5315.0,178592.0
CIT,combined,2025-01-07,080732,SUGAR NO. 11 - ICE FUTURES U.S.,cit,286043.0,58124.0,1096373.0
CIT,combined,2025-01-07,080732,SUGAR NO. 11 - ICE FUTURES U.S.,comm,389348.0,558227.0,1096373.0
CIT,combined,2025-01-07,080732,SUGAR NO. 11 - ICE FUTURES U.S.,noncomm,98966.0,162879.0,1096373.0
CIT,combined,2025-01-07,080732,SUGAR NO. 11 - ICE FUTURES U.S.,nonrept,66276.0,61403.0,1096373.0
CIT,combined,2025-01-07,083731,COFFEE C - ICE FUTURES U.S.,cit,58926.0,10455.0,251279.0
CIT,combined,2025-01-07,083731,COFFEE C - ICE FUTURES U.S.,comm,50022.0,143160.0,251279.0
CIT,combined,2025-01-07,083731,COFFEE C - ICE FUTURES U.S.,noncomm,51522.0,10024.0,251279.0
CIT,combined,2025-01-07,083731,COFFEE C - ICE FUTURES U.S.,nonrept,9965.0,6796.0,251279.0
CIT,combined,2025-01-14,001602,WHEAT-SRW - CHICAGO BOARD OF TRADE,cit,159169.0,104871.0,571404.0
CIT,combined,2025-01-14,001602,WHEAT-SRW - CHICAGO BOARD OF TRADE,comm,105313.0,67202.0,571404.0
CIT,combined,2025-01-14,001602,WHEAT-SRW - CHICAGO BOARD OF TRADE,noncomm,74896.0,171513.0,571404.0
CIT,combined,2025-01-14,001602,WHEAT-SRW - CHICAGO BOARD OF TRADE,nonrept,37828.0,33620.0,571404.0
CIT,combined,2025-01-14,002602,CORN - CHICAGO BOARD OF TRADE,cit,566209.0,134989.0,2371997.0
CIT,combined,2025-01-14,002602,CORN - CHICAGO BOARD OF TRADE,comm,649436.0,1142625.0,2371997.0
CIT,combined,2025-01-14,002602,CORN - CHICAGO BOARD OF TRADE,noncomm,312483.0,173684.0,2371997.0
CIT,combined,2025-01-14,002602,CORN - CHICAGO BOARD OF TRADE,nonrept,167018.0,243848.0,2371997.0
CIT,combined,2025-01-14,005602,SOYBEANS - CHICAGO BOARD OF TRADE,cit,221145.0,82375.0,1051694.0
CIT,combined,2025-01-14,005602,SOYBEANS - CHICAGO BOARD OF TRADE,comm,369480.0,472382.0,1051694.0
CIT,combined,2025-01-14,005602,SOYBEANS - CHICAGO BOARD OF TRADE,noncomm,111798.0,109768.0,1051694.0
CIT,combined,2025-01-14,005602,SOYBEANS - CHICAGO BOARD OF TRADE,nonrept,45705.0,83603.0,1051694.0
CIT,combined,2025-01-14,057642,LIVE CATTLE - CHICAGO MERCANTILE EXCHANGE,cit,115960.0,19588.0,488381.0
CIT,combined,2025-01-14,057642,LIVE CATTLE - CHICAGO MERCANTILE EXCHANGE,comm,69101.0,239924.0,488381.0
CIT,combined,2025-01-14,057642,LIVE CATTLE - CHICAGO MERCANTILE EXCHANGE,noncomm,133901.0,19827.0,488381.0
CIT,combined,2025-01-14,057642,LIVE CATTLE - CHICAGO MERCANTILE EXCHANGE,nonrept,29729.0,69351.0,488381.0
CIT,combined,2025-01-14,073732,COCOA - ICE FUTURES U.S.,cit,21570.0,8085.0,174637.0
CIT,combined,2025-01-14,073732,COCOA - ICE FUTURES U.S.,comm,58109.0,99848.0,174637.0
CIT,combined,2025-01-14,073732,COCOA - ICE FUTURES U.S.,noncomm,33922.0,11835.0,174637.0
CIT,combined,2025-01-14,073732,COCOA - ICE FUTURES U.S.,nonrept,11428.0,5261.0,174637.0
CIT,combined,2025-01-14,080732,SUGAR NO. 11 - ICE FUTURES U.S.,cit,291329.0,64064.0,1147144.0
CIT,combined,2025-01-14,080732,SUGAR NO. 11 - ICE FUTURES U.S.,comm,430557.0,551777.0,1147144.0
CIT,combined,2025-01-14,080732,SUGAR NO. 11 - ICE FUTURES U.S.,noncomm,87858.0,190325.0,1147144.0
CIT,combined,2025-01-14,080732,SUGAR NO. 11 - ICE FUTURES U.S.,nonrept,68240.0,71818.0,1147144.0
CIT,combined,2025-01-14,083731,COFFEE C - ICE FUTURES U.S.,cit,48665.0,9320.0,239166.0
CIT,combined,2025-01-14,083731,COFFEE C - ICE FUTURES U.S.,comm,48535.0,140433.0,239166.0
CIT,combined,2025-01-14,083731,COFFEE C - ICE FUTURES U.S.,noncomm,56093.0,7294.0,239166.0
CIT,combined,2025-01-14,083731,COFFEE C - ICE FUTURES U.S.,nonrept,11268.0,7514.0,239166.0
CIT,combined,2025-01-21,001602,WHEAT-SRW - CHICAGO BOARD OF TRADE,cit,158389.0,105953.0,582518.0
CIT,combined,2025-01-21,001602,WHEAT-SRW - CHICAGO BOARD OF TRADE,comm,104500.0,74768.0,582518.0
CIT,combined,2025-01-21,001602,WHEAT-SRW - CHICAGO BOARD OF TRADE,noncomm,73092.0,160762.0,582518.0
CIT,combined,2025-01-21,001602,WHEAT-SRW - CHICAGO BOARD OF TRADE,nonrept,39382.0,33881.0,582518.0
CIT,combined,2025-01-21,002602,CORN - CHICAGO BOARD OF TRADE,cit,608016.0,151815.0,2534197.0
CIT,combined,2025-01-21,002602,CORN - CHICAGO BOARD OF TRADE,comm,650450.0,1195625.0,2534197.0
CIT,combined,2025-01-21,002602,CORN - CHICAGO BOARD OF TRADE,noncomm,341679.0,171219.0,2534197.0
CIT,combined,2025-01-21,002602,CORN - CHICAGO BOARD OF TRADE,nonrept,171656.0,253143.0,2534197.0
CIT,combined,2025-01-21,005602,SOYBEANS - CHICAGO BOARD OF TRADE,cit,233468.0,79152.0,1113024.0
CIT,combined,2025-01-21,005602,SOYBEANS - CHICAGO BOARD OF TRADE,comm,390175.0,507713.0,1113024.0
CIT,combined,2025-01-21,005602,SOYBEANS - CHICAGO BOARD OF TRADE,noncomm,112499.0,111340.0,1113024.0
CIT,combined,2025-01-21,005602,SOYBEANS - CHICAGO BOARD OF TRADE,nonrept,47171.0,85107.0,1113024.0
CIT,combined,2025-01-21,057642,LIVE CATTLE - CHICAGO MERCANTILE EXCHANGE,cit,115069.0,19855.0,502569.0
CIT,combined,2025-01-21,057642,LIVE CATTLE - CHICAGO MERCANTILE EXCHANGE,comm,77377.0,242787.0,502569.0
CIT,combined,2025-01-21,057642,LIVE CATTLE - CHICAGO MERCANTILE EXCHANGE,noncomm,134725.0,23382.0,502569.0
CIT,combined,2025-01-21,057642,LIVE CATTLE - CHICAGO MERCANTILE EXCHANGE,nonrept,30873.0,72021.0,502569.0
CIT,combined,2025-01-21,073732,COCOA - ICE FUTURES U.S.,cit,22478.0,7732.0,175201.0
CIT,combined,2025-01-21,073732,COCOA - ICE FUTURES U.S.,comm,55539.0,99530.0,175201.0
CIT,combined,2025-01-21,073732,COCOA - ICE FUTURES U.S.,noncomm,35208.0,12666.0,175201.0
CIT,combined,2025-01-21,073732,COCOA - ICE FUTURES U.S.,nonrept,12155.0,5452.0,175201.0
CIT,combined,2025-01-21,080732,SUGAR NO. 11 - ICE FUTURES U.S.,cit,292295.0,102079.0,1151601.0
CIT,combined,2025-01-21,080732,SUGAR NO. 11 - ICE FUTURES U.S.,comm,437047.0,487389.0,1151601.0
CIT,combined,2025-01-21,080732,SUGAR NO. 11 - ICE FUTURES U.S.,noncomm,86949.0,224216.0,1151601.0
CIT,combined,2025-01-21,080732,SUGAR NO. 11 - ICE FUTURES U.S.,nonrept,72664.0,75270.0,1151601.0
CIT,combined,2025-01-21,083731,COFFEE C - ICE FUTURES U.S.,cit,47896.0,9655.0,241825.0
CIT,combined,2025-01-21,083731,COFFEE C - ICE FUTURES U.S.,comm,48103.0,141674.0,241825.0
CIT,combined,2025-01-21,083731,COFFEE C - ICE FUTURES U.S.,noncomm,58686.0,7632.0,241825.0
CIT,combined,2025-01-21,083731,COFFEE C - ICE FUTURES U.S.,nonrept,11692.0,7416.0,241825.0
CIT,combined,2025-01-28,001602,WHEAT-SRW - CHICAGO BOARD OF TRADE,cit,166104.0,114869.0,598157.0
CIT,combined,2025-01-28,001602,WHEAT-SRW - CHICAGO BOARD OF TRADE,comm,119647.0,72799.0,598157.0
CIT,combined,2025-01-28,001602,WHEAT-SRW - CHICAGO BOARD OF TRADE,noncomm,66462.0,170986.0,598157.0
CIT,combined,2025-01-28,001602,WHEAT-SRW - CHICAGO BOARD OF TRADE,nonrept,41527.0,35088.0,598157.0
CIT,combined,2025-01-28,002602,CORN - CHICAGO BOARD OF TRADE,cit,619862.0,149471.0,2513645.0
CIT,combined,2025-01-28,002602,CORN - CHICAGO BOARD OF TRADE,comm,616375.0,1199899.0,2513645.0
CIT,combined,2025-01-28,002602,CORN - CHICAGO BOARD OF TRADE,noncomm,362647.0,154428.0,2513645.0
CIT,combined,2025-01-28,002602,CORN - CHICAGO BOARD OF TRADE,nonrept,164227.0,259313.0,2513645.0
CIT,combined,2025-01-28,005602,SOYBEANS - CHICAGO BOARD OF TRADE,cit,227228.0,67724.0,1083451.0
CIT,combined,2025-01-28,005602,SOYBEANS - CHICAGO BOARD OF TRADE,comm,384776.0,511899.0,1083451.0
CIT,combined,2025-01-28,005602,SOYBEANS - CHICAGO BOARD OF TRADE,noncomm,108129.0,100272.0,1083451.0
CIT,combined,2025-01-28,005602,SOYBEANS - CHICAGO BOARD OF TRADE,nonrept,48985.0,89223.0,1083451.0
CIT,combined,2025-01-28,057642,LIVE CATTLE - CHICAGO MERCANTILE EXCHANGE,cit,118140.0,17194.0,543464.0
CIT,combined,2025-01-28,057642,LIVE CATTLE - CHICAGO MERCANTILE EXCHANGE,comm,78120.0,259590.0,543464.0
CIT,combined,2025-01-28,057642,LIVE CATTLE - CHICAGO MERCANTILE EXCHANGE,noncomm,138743.0,18782.0,543464.0
CIT,combined,2025-01-28,057642,LIVE CATTLE - CHICAGO MERCANTILE EXCHANGE,nonrept,33029.0,72467.0,543464.0
CIT,combined,2025-01-28,073732,COCOA - ICE FUTURES U.S.,cit,22222.0,7726.0,173579.0
CIT,combined,2025-01-28,073732,COCOA - ICE FUTURES U.S.,comm,54970.0,95578.0,173579.0
CIT,combined,2025-01-28,073732,COCOA - ICE FUTURES U.S.,noncomm,32365.0,12459.0,173579.0
CIT,combined,2025-01-28,073732,COCOA - ICE FUTURES U.S.,nonrept,12244.0,6038.0,173579.0
CIT,combined,2025-01-28,080732,SUGAR NO. 11 - ICE FUTURES U.S.,cit,307748.0,110010.0,1166425.0
CIT,combined,2025-01-28,080732,SUGAR NO. 11 - ICE FUTURES U.S.,comm,426665.0,495481.0,1166425.0
CIT,combined,2025-01-28,080732,SUGAR NO. 11 - ICE FUTURES U.S.,noncomm,88321.0,222132.0,1166425.0
CIT,combined,2025-01-28,080732,SUGAR NO. 11 - ICE FUTURES U.S.,nonrept,72937.0,68048.0,1166425.0
CIT,combined,2025-01-28,083731,COFFEE C - ICE FUTURES U.S.,cit,48825.0,10928.0,259850.0
CIT,combined,2025-01-28,083731,COFFEE C - ICE FUTURES U.S.,comm,51859.0,147379.0,259850.0
CIT,combined,2025-01-28,083731,COFFEE C - ICE FUTURES U.S.,noncomm,60635.0,7172.0,259850.0
CIT,combined,2025-01-28,083731,COFFEE C - ICE FUTURES U.S.,nonrept,12570.0,8411.0,259850.0
CIT,combined,2025-02-04,001602,WHEAT-SRW - CHICAGO BOARD OF TRADE,cit,165555.0,102485.0,599154.0
CIT,combined,2025-02-04,001602,WHEAT-SRW - CHICAGO BOARD OF TRADE,comm,103884.0,84144.0,599154.0
CIT,combined,2025-02-04,001602,WHEAT-SRW - CHICAGO BOARD OF TRADE,noncomm,62399.0,149288.0,599154.0
CIT,combined,2025-02-04,001602,WHEAT-SRW - CHICAGO BOARD OF TRADE,nonrept,39765.0,35686.0,599154.0
CIT,combined,2025-02-04,002602,CORN - CHICAGO BOARD OF TRADE,cit,627665.0,147763.0,2618873.0
CIT,combined,2025-02-04,002602,CORN - CHICAGO BOARD OF TRADE,comm,614969.0,1218557.0,2618873.0
CIT,combined,2025-02-04,002602,CORN - CHICAGO BOARD OF TRADE,noncomm,362707.0,141885.0,2618873.0
CIT,combined,2025-02-04,002602,CORN - CHICAGO BOARD OF TRADE,nonrept,167288.0,264424.0,2618873.0
CIT,combined,2025-02-04,005602,SOYBEANS - CHICAGO BOARD OF TRADE,cit,234865.0,71966.0,1131723.0
CIT,combined,2025-02-04,005602,SOYBEANS - CHICAGO BOARD OF TRADE,comm,399962.0,533527.0,1131723.0
CIT,combined,2025-02-04,005602,SOYBEANS - CHICAGO BOARD OF TRADE,noncomm,105360.0,97751.0,1131723.0
CIT,combined,2025-02-04,005602,SOYBEANS - CHICAGO BOARD OF TRADE,nonrept,51079.0,88023.0,1131723.0
CIT,combined,2025-02-04,057642,LIVE CATTLE - CHICAGO MERCANTILE EXCHANGE,cit,114826.0,17487.0,544172.0
CIT,combined,2025-02-04,057642,LIVE CATTLE - CHICAGO MERCANTILE EXCHANGE,comm,85474.0,260150.0,544172.0
CIT,combined,2025-02-04,057642,LIVE CATTLE - CHICAGO MERCANTILE EXCHANGE,noncomm,134688.0,19672.0,544172.0
CIT,combined,2025-02-04,057642,LIVE CATTLE - CHICAGO MERCANTILE EXCHANGE,nonrept,31904.0,69584.0,544172.0
CIT,combined,2025-02-04,073732,COCOA - ICE FUTURES U.S.,cit,21966.0,7754.0,175975.0
CIT,combined,2025-02-04,073732,COCOA - ICE FUTURES U.S.,comm,55881.0,93158.0,175975.0
CIT,combined,2025-02-04,073732,COCOA - ICE FUTURES U.S.,noncomm,29957.0,12725.0,175975.0
CIT,combined,2025-02-04,073732,COCOA - ICE FUTURES U.S.,nonrept,11172.0,5338.0,175975.0
CIT,combined,2025-02-04,080732,SUGAR NO. 11 - ICE FUTURES U.S.,cit,303952.0,107176.0,1176447.0
CIT,combined,2025-02-04,080732,SUGAR NO. 11 - ICE FUTURES U.S.,comm,427340.0,497023.0,1176447.0
CIT,combined,2025-02-04,080732,SUGAR NO. 11 - ICE FUTURES U.S.,noncomm,89220.0,220979.0,1176447.0
CIT,combined,2025-02-04,080732,SUGAR NO. 11 - ICE FUTURES U.S.,nonrept,77957.0,73290.0,1176447.0
CIT,combined,2025-02-04,083731,COFFEE C - ICE FUTURES U.S.,cit,48631.0,10769.0,267946.0
CIT,combined,2025-02-04,083731,COFFEE C - ICE FUTURES U.S.,comm,58489.0,151273.0,267946.0
CIT,combined,2025-02-04,083731,COFFEE C - ICE FUTURES U.S.,noncomm,58621.0,8288.0,267946.0
CIT,combined,2025-02-04,083731,COFFEE C - ICE FUTURES U.S.,nonrept,11784.0,7195.0,267946.0
CIT,combined,2025-02-11,001602,WHEAT-SRW - CHICAGO BOARD OF TRADE,cit,159467.0,85819.0,568544.0
CIT,combined,2025-02-11,001602,WHEAT-SRW - CHICAGO BOARD OF TRADE,comm,103642.0,94051.0,568544.0
CIT,combined,2025-02-11,001602,WHEAT-SRW - CHICAGO BOARD OF TRADE,noncomm,59293.0,144739.0,568544.0
CIT,combined,2025-02-11,001602,WHEAT-SRW - CHICAGO BOARD OF TRADE,nonrept,39383.0,37176.0,568544.0
CIT,combined,2025-02-11,002602,CORN - CHICAGO BOARD OF TRADE,cit,626555.0,140698.0,2602485.0
CIT,combined,2025-02-11,002602,CORN - CHICAGO BOARD OF TRADE,comm,640748.0,1206854.0,2602485.0
CIT,combined,2025-02-11,002602,CORN - CHICAGO BOARD OF TRADE,noncomm,318038.0,139024.0,2602485.0
CIT,combined,2025-02-11,002602,CORN - CHICAGO BOARD OF TRADE,nonrept,170435.0,269201.0,2602485.0
CIT,combined,2025-02-11,005602,SOYBEANS - CHICAGO BOARD OF TRADE,cit,222516.0,57841.0,1131852.0
CIT,combined,2025-02-11,005602,SOYBEANS - CHICAGO BOARD OF TRADE,comm,418692.0,521448.0,1131852.0
CIT,combined,2025-02-11,005602,SOYBEANS - CHICAGO BOARD OF TRADE,noncomm,91854.0,118184.0,1131852.0
CIT,combined,2025-02-11,005602,SOYBEANS - CHICAGO BOARD OF TRADE,nonrept,50675.0,86264.0,1131852.0
CIT,combined,2025-02-11,057642,LIVE CATTLE - CHICAGO MERCANTILE EXCHANGE,cit,114381.0,13932.0,484171.0
CIT,combined,2025-02-11,057642,LIVE CATTLE - CHICAGO MERCANTILE EXCHANGE,comm,79442.0,243251.0,484171.0
CIT,combined,2025-02-11,057642,LIVE CATTLE - CHICAGO MERCANTILE EXCHANGE,noncomm,121826.0,21360.0,484171.0
CIT,combined,2025-02-11,057642,LIVE CATTLE - CHICAGO MERCANTILE EXCHANGE,nonrept,30405.0,67512.0,484171.0
CIT,combined,2025-02-11,073732,COCOA - ICE FUTURES U.S.,cit,20045.0,7791.0,150791.0
CIT,combined,2025-02-11,073732,COCOA - ICE FUTURES U.S.,comm,53503.0,83058.0,150791.0
CIT,combined,2025-02-11,073732,COCOA - ICE FUTURES U.S.,noncomm,23654.0,12505.0,150791.0
CIT,combined,2025-02-11,073732,COCOA - ICE FUTURES U.S.,nonrept,11442.0,5290.0,150791.0
CIT,combined,2025-02-11,080732,SUGAR NO. 11 - ICE FUTURES U.S.,cit,309072.0,104655.0,1182381.0
CIT,combined,2025-02-11,080732,SUGAR NO. 11 - ICE FUTURES U.S.,comm,419694.0,503273.0,1182381.0
CIT,combined,2025-02-11,080732,SUGAR NO. 11 - ICE FUTURES U.S.,noncomm,90153.0,219707.0,1182381.0
CIT,combined,2025-02-11,080732,SUGAR NO. 11 - ICE FUTURES U.S.,nonrept,82298.0,73582.0,1182381.0
CIT,combined,2025-02-11,083731,COFFEE C - ICE FUTURES U.S.,cit,47940.0,10475.0,273504.0
CIT,combined,2025-02-11,083731,COFFEE C - ICE FUTURES U.S.,comm,68958.0,154815.0,273504.0
CIT,combined,2025-02-11,083731,COFFEE C - ICE FUTURES U.S.,noncomm,53362.0,8301.0,273504.0
CIT,combined,2025-02-11,083731,COFFEE C - ICE FUTURES U.S.,nonrept,10937.0,7607.0,273504.0
CIT,combined,2025-02-18,001602,WHEAT-SRW - CHICAGO BOARD OF TRADE,cit,170122.0,87680.0,576397.0
CIT,combined,2025-02-18,001602,WHEAT-SRW - CHICAGO BOARD OF TRADE,comm,106231.0,114601.0,576397.0
CIT,combined,2025-02-18,001602,WHEAT-SRW - CHICAGO BOARD OF TRADE,noncomm,52481.0,125770.0,576397.0
CIT,combined,2025-02-18,001602,WHEAT-SRW - CHICAGO BOARD OF TRADE,nonrept,37450.0,38234.0,576397.0
CIT,combined,2025-02-18,002602,CORN - CHICAGO BOARD OF TRADE,cit,656775.0,165925.0,2693244.0
CIT,combined,2025-02-18,002602,CORN - CHICAGO BOARD OF TRADE,comm,654455.0,1249501.0,2693244.0
CIT,combined,2025-02-18,002602,CORN - CHICAGO BOARD OF TRADE,noncomm,336156.0,131487.0,2693244.0
CIT,combined,2025-02-18,002602,CORN - CHICAGO BOARD OF TRADE,nonrept,169110.0,269582.0,2693244.0
CIT,combined,2025-02-18,005602,SOYBEANS - CHICAGO BOARD OF TRADE,cit,222263.0,65732.0,1128352.0
CIT,combined,2025-02-18,005602,SOYBEANS - CHICAGO BOARD OF TRADE,comm,410889.0,495706.0,1128352.0
CIT,combined,2025-02-18,005602,SOYBEANS - CHICAGO BOARD OF TRADE,noncomm,93010.0,127710.0,1128352.0
CIT,combined,2025-02-18,005602,SOYBEANS - CHICAGO BOARD OF TRADE,nonrept,50078.0,87093.0,1128352.0
CIT,combined,2025-02-18,057642,LIVE CATTLE - CHICAGO MERCANTILE EXCHANGE,cit,113855.0,14014.0,480869.0
CIT,combined,2025-02-18,057642,LIVE CATTLE - CHICAGO MERCANTILE EXCHANGE,comm,78627.0,239876.0,480869.0
CIT,combined,2025-02-18,057642,LIVE CATTLE - CHICAGO MERCANTILE EXCHANGE,noncomm,116609.0,20765.0,480869.0
CIT,combined,2025-02-18,057642,LIVE CATTLE - CHICAGO MERCANTILE EXCHANGE,nonrept,31127.0,65563.0,480869.0
CIT,combined,2025-02-18,073732,COCOA - ICE FUTURES U.S.,cit,20815.0,8086.0,146734.0
CIT,combined,2025-02-18,073732,COCOA - ICE FUTURES U.S.,comm,46371.0,77191.0,146734.0
CIT,combined,2025-02-18,073732,COCOA - ICE FUTURES U.S.,noncomm,24293.0,12558.0,146734.0
CIT,combined,2025-02-18,073732,COCOA - ICE FUTURES U.S.,nonrept,11423.0,5066.0,146734.0
CIT,combined,2025-02-18,080732,SUGAR NO. 11 - ICE FUTURES U.S.,cit,305845.0,87696.0,1097488.0
CIT,combined,2025-02-18,080732,SUGAR NO. 11 - ICE FUTURES U.S.,comm,391768.0,507039.0,1097488.0
CIT,combined,2025-02-18,080732,SUGAR NO. 11 - ICE FUTURES U.S.,noncomm,90417.0,203784.0,1097488.0
CIT,combined,2025-02-18,080732,SUGAR NO. 11 - ICE FUTURES U.S.,nonrept,78038.0,67549.0,1097488.0
CIT,combined,2025-02-18,083731,COFFEE C - ICE FUTURES U.S.,cit,47894.0,9582.0,217789.0
CIT,combined,2025-02-18,083731,COFFEE C - ICE FUTURES U.S.,comm,42925.0,127181.0,217789.0
CIT,combined,2025-02-18,083731,COFFEE C - ICE FUTURES U.S.,noncomm,51623.0,8500.0,217789.0
CIT,combined,2025-02-18,083731,COFFEE C - ICE FUTURES U.S.,nonrept,9896.0,7076.0,217789.0
CIT,combined,2025-02-25,001602,WHEAT-SRW - CHICAGO BOARD OF TRADE,cit,147990.0,71024.0,482348.0
CIT,combined,2025-02-25,001602,WHEAT-SRW - CHICAGO BOARD OF TRADE,comm,100401.0,90817.0,482348.0
CIT,combined,2025-02-25,001602,WHEAT-SRW - CHICAGO BOARD OF TRADE,noncomm,47746.0,133669.0,482348.0
CIT,combined,2025-02-25,001602,WHEAT-SRW - CHICAGO BOARD OF TRADE,nonrept,34401.0,35029.0,482348.0
CIT,combined,2025-02-25,002602,CORN - CHICAGO BOARD OF TRADE,cit,596320.0,113396.0,2360264.0
CIT,combined,2025-02-25,002602,CORN - CHICAGO BOARD OF TRADE,comm,588448.0,1156164.0,2360264.0
CIT,combined,2025-02-25,002602,CORN - CHICAGO BOARD OF TRADE,noncomm,315323.0,136866.0,2360264.0
CIT,combined,2025-02-25,002602,CORN - CHICAGO BOARD OF TRADE,nonrept,161235.0,254900.0,2360264.0
CIT,combined,2025-02-25,005602,SOYBEANS - CHICAGO BOARD OF TRADE,cit,216806.0,56103.0,997806.0
CIT,combined,2025-02-25,005602,SOYBEANS - CHICAGO BOARD OF TRADE,comm,376994.0,453955.0,997806.0
CIT,combined,2025-02-25,005602,SOYBEANS - CHICAGO BOARD OF TRADE,noncomm,88923.0,133432.0,997806.0
CIT,combined,2025-02-25,005602,SOYBEANS - CHICAGO BOARD OF TRADE,nonrept,45720.0,84953.0,997806.0
CIT,combined,2025-02-25,057642,LIVE CATTLE - CHICAGO MERCANTILE EXCHANGE,cit,112102.0,14421.0,477308.0
CIT,combined,2025-02-25,057642,LIVE CATTLE - CHICAGO MERCANTILE EXCHANGE,comm,75458.0,230119.0,477308.0
CIT,combined,2025-02-25,057642,LIVE CATTLE - CHICAGO MERCANTILE EXCHANGE,noncomm,112179.0,23289.0,477308.0
CIT,combined,2025-02-25,057642,LIVE CATTLE - CHICAGO MERCANTILE EXCHANGE,nonrept,32344.0,64254.0,477308.0
CIT,combined,2025-02-25,073732,COCOA - ICE FUTURES U.S.,cit,18895.0,8769.0,141263.0
CIT,combined,2025-02-25,073732,COCOA - ICE FUTURES U.S.,comm,50988.0,71735.0,141263.0
CIT,combined,2025-02-25,073732,COCOA - ICE FUTURES U.S.,noncomm,16890.0,11022.0,141263.0
CIT,combined,2025-02-25,073732,COCOA - ICE FUTURES U.S.,nonrept,10435.0,5681.0,141263.0
CIT,combined,2025-02-25,080732,SUGAR NO. 11 - ICE FUTURES U.S.,cit,309481.0,81870.0,1089227.0
CIT,combined,2025-02-25,080732,SUGAR NO. 11 - ICE FUTURES U.S.,comm,353367.0,527706.0,1089227.0
CIT,combined,2025-02-25,080732,SUGAR NO. 11 - ICE FUTURES U.S.,noncomm,89871.0,160708.0,1089227.0
CIT,combined,2025-02-25,080732,SUGAR NO. 11 - ICE FUTURES U.S.,nonrept,79762.0,62196.0,1089227.0
CIT,combined,2025-02-25,083731,COFFEE C - ICE FUTURES U.S.,cit,48692.0,10378.0,215766.0
CIT,combined,2025-02-25,083731,COFFEE C - ICE FUTURES U.S.,comm,41304.0,123806.0,215766.0
CIT,combined,2025-02-25,083731,COFFEE C - ICE FUTURES U.S.,noncomm,51003.0,9212.0,215766.0
CIT,combined,2025-02-25,083731,COFFEE C - ICE FUTURES U.S.,nonrept,9952.0,7556.0,215766.0
CIT,combined,2025-03-04,001602,WHEAT-SRW - CHICAGO BOARD OF TRADE,cit,143473.0,87000.0,526878.0
CIT,combined,2025-03-04,001602,WHEAT-SRW - CHICAGO BOARD OF TRADE,comm,117421.0,83814.0,526878.0
CIT,combined,2025-03-04,001602,WHEAT-SRW - CHICAGO BOARD OF TRADE,noncomm,57168.0,153198.0,526878.0
CIT,combined,2025-03-04,001602,WHEAT-SRW - CHICAGO BOARD OF TRADE,nonrept,39308.0,33357.0,526878.0
CIT,combined,2025-03-04,002602,CORN - CHICAGO BOARD OF TRADE,cit,532297.0,112080.0,2355121.0
CIT,combined,2025-03-04,002602,CORN - CHICAGO BOARD OF TRADE,comm,613503.0,1084310.0,2355121.0
CIT,combined,2025-03-04,002602,CORN - CHICAGO BOARD OF TRADE,noncomm,258213.0,139147.0,2355121.0
CIT,combined,2025-03-04,002602,CORN - CHICAGO BOARD OF TRADE,nonrept,170310.0,238787.0,2355121.0
CIT,combined,2025-03-04,005602,SOYBEANS - CHICAGO BOARD OF TRADE,cit,223527.0,71564.0,1024053.0
CIT,combined,2025-03-04,005602,SOYBEANS - CHICAGO BOARD OF TRADE,comm,388920.0,435880.0,1024053.0
CIT,combined,2025-03-04,005602,SOYBEANS - CHICAGO BOARD OF TRADE,noncomm,78807.0,147084.0,1024053.0
CIT,combined,2025-03-04,005602,SOYBEANS - CHICAGO BOARD OF TRADE,nonrept,44827.0,81553.0,1024053.0
CIT,combined,2025-03-04,057642,LIVE CATTLE - CHICAGO MERCANTILE EXCHANGE,cit,106930.0,13710.0,478470.0
CIT,combined,2025-03-04,057642,LIVE CATTLE - CHICAGO MERCANTILE EXCHANGE,comm,79975.0,220757.0,478470.0
CIT,combined,2025-03-04,057642,LIVE CATTLE - CHICAGO MERCANTILE EXCHANGE,noncomm,105908.0,26078.0,478470.0
CIT,combined,2025-03-04,057642,LIVE CATTLE - CHICAGO MERCANTILE EXCHANGE,nonrept,30385.0,62654.0,478470.0
CIT,combined,2025-03-04,073732,COCOA - ICE FUTURES U.S.,cit,17157.0,11479.0,133991.0
CIT,combined,2025-03-04,073732,COCOA - ICE FUTURES U.S.,comm,47995.0,63209.0,133991.0
CIT,combined,2025-03-04,073732,COCOA - ICE FUTURES U.S.,noncomm,15888.0,10521.0,133991.0
CIT,combined,2025-03-04,073732,COCOA - ICE FUTURES U.S.,nonrept,9855.0,5685.0,133991.0
CIT,combined,2025-03-04,080732,SUGAR NO. 11 - ICE FUTURES U.S.,cit,290367.0,76509.0,1018326.0
CIT,combined,2025-03-04,080732,SUGAR NO. 11 - ICE FUTURES U.S.,comm,334570.0,469375.0,1018326.0
CIT,combined,2025-03-04,080732,SUGAR NO. 11 - ICE FUTURES U.S.,noncomm,74565.0,154965.0,1018326.0
CIT,combined,2025-03-04,080732,SUGAR NO. 11 - ICE FUTURES U.S.,nonrept,62618.0,61271.0,1018326.0
CIT,combined,2025-03-04,083731,COFFEE C - ICE FUTURES U.S.,cit,49450.0,10010.0,218866.0
CIT,combined,2025-03-04,083731,COFFEE C - ICE FUTURES U.S.,comm,41034.0,122529.0,218866.0
CIT,combined,2025-03-04,083731,COFFEE C - ICE FUTURES U.S.,noncomm,48021.0,8972.0,218866.0
CIT,combined,2025-03-04,083731,COFFEE C - ICE FUTURES U.S.,nonrept,10393.0,7388.0,218866.0
CIT,combined,2025-03-11,001602,WHEAT-SRW - CHICAGO BOARD OF TRADE,cit,147287.0,85064.0,533200.0
CIT,combined,2025-03-11,001602,WHEAT-SRW - CHICAGO BOARD OF TRADE,comm,114194.0,83223.0,533200.0
CIT,combined,2025-03-11,001602,WHEAT-SRW - CHICAGO BOARD OF TRADE,noncomm,57690.0,153909.0,533200.0
CIT,combined,2025-03-11,001602,WHEAT-SRW - CHICAGO BOARD OF TRADE,nonrept,37887.0,34861.0,533200.0
CIT,combined,2025-03-11,002602,CORN - CHICAGO BOARD OF TRADE,cit,495629.0,109413.0,2368588.0
CIT,combined,2025-03-11,002602,CORN - CHICAGO BOARD OF TRADE,comm,674986.0,1067475.0,2368588.0
CIT,combined,2025-03-11,002602,CORN - CHICAGO BOARD OF TRADE,noncomm,210474.0,157050.0,2368588.0
CIT,combined,2025-03-11,002602,CORN - CHICAGO BOARD OF TRADE,nonrept,180334.0,227484.0,2368588.0
CIT,combined,2025-03-11,005602,SOYBEANS - CHICAGO BOARD OF TRADE,cit,217357.0,76612.0,1013977.0
CIT,combined,2025-03-11,005602,SOYBEANS - CHICAGO BOARD OF TRADE,comm,379756.0,444260.0,1013977.0
CIT,combined,2025-03-11,005602,SOYBEANS - CHICAGO BOARD OF TRADE,noncomm,80635.0,121899.0,1013977.0
CIT,combined,2025-03-11,005602,SOYBEANS - CHICAGO BOARD OF TRADE,nonrept,45594.0,80571.0,1013977.0
CIT,combined,2025-03-11,057642,LIVE CATTLE - CHICAGO MERCANTILE EXCHANGE,cit,105360.0,11783.0,471668.0
CIT,combined,2025-03-11,057642,LIVE CATTLE - CHICAGO MERCANTILE EXCHANGE,comm,78642.0,224786.0,471668.0
CIT,combined,2025-03-11,057642,LIVE CATTLE - CHICAGO MERCANTILE EXCHANGE,noncomm,109013.0,23963.0,471668.0
CIT,combined,2025-03-11,057642,LIVE CATTLE - CHICAGO MERCANTILE EXCHANGE,nonrept,33894.0,66377.0,471668.0
CIT,combined,2025-03-11,073732,COCOA - ICE FUTURES U.S.,cit,16662.0,11507.0,136425.0
CIT,combined,2025-03-11,073732,COCOA - ICE FUTURES U.S.,comm,51227.0,65387.0,136425.0
CIT,combined,2025-03-11,073732,COCOA - ICE FUTURES U.S.,noncomm,15486.0,10137.0,136425.0
CIT,combined,2025-03-11,073732,COCOA - ICE FUTURES U.S.,nonrept,9842.0,6185.0,136425.0
CIT,combined,2025-03-11,080732,SUGAR NO. 11 - ICE FUTURES U.S.,cit,274108.0,72440.0,1005822.0
CIT,combined,2025-03-11,080732,SUGAR NO. 11 - ICE FUTURES U.S.,comm,345639.0,467457.0,1005822.0
CIT,combined,2025-03-11,080732,SUGAR NO. 11 - ICE FUTURES U.S.,noncomm,73668.0,166605.0,1005822.0
CIT,combined,2025-03-11,080732,SUGAR NO. 11 - ICE FUTURES U.S.,nonrept,66515.0,53428.0,1005822.0
CIT,combined,2025-03-11,083731,COFFEE C - ICE FUTURES U.S.,cit,48693.0,10988.0,222380.0
CIT,combined,2025-03-11,083731,COFFEE C - ICE FUTURES U.S.,comm,44750.0,122734.0,222380.0
CIT,combined,2025-03-11,083731,COFFEE C - ICE FUTURES U.S.,noncomm,44863.0,7594.0,222380.0
CIT,combined,2025-03-11,083731,COFFEE C - ICE FUTURES U.S.,nonrept,9720.0,6709.0,222380.0
CIT,combined,2025-03-18,001602,WHEAT-SRW - CHICAGO BOARD OF TRADE,cit,150991.0,84004.0,548716.0
CIT,combined,2025-03-18,001602,WHEAT-SRW - CHICAGO BOARD OF TRADE,comm,116593.0,90616.0,548716.0
CIT,combined,2025-03-18,001602,WHEAT-SRW - CHICAGO BOARD OF TRADE,noncomm,56692.0,152509.0,548716.0
CIT,combined,2025-03-18,001602,WHEAT-SRW - CHICAGO BOARD OF TRADE,nonrept,37172.0,34318.0,548716.0
CIT,combined,2025-03-18,002602,CORN - CHICAGO BOARD OF TRADE,cit,496929.0,115130.0,2372079.0
CIT,combined,2025-03-18,002602,CORN - CHICAGO BOARD OF TRADE,comm,663979.0,1014911.0,2372079.0
CIT,combined,2025-03-18,002602,CORN - CHICAGO BOARD OF TRADE,noncomm,194213.0,171856.0,2372079.0
CIT,combined,2025-03-18,002602,CORN - CHICAGO BOARD OF TRADE,nonrept,179555.0,232778.0,2372079.0
CIT,combined,2025-03-18,005602,SOYBEANS - CHICAGO BOARD OF TRADE,cit,220748.0,80888.0,1038123.0
CIT,combined,2025-03-18,005602,SOYBEANS - CHICAGO BOARD OF TRADE,comm,378209.0,443361.0,1038123.0
CIT,combined,2025-03-18,005602,SOYBEANS - CHICAGO BOARD OF TRADE,noncomm,78759.0,119892.0,1038123.0
CIT,combined,2025-03-18,005602,SOYBEANS - CHICAGO BOARD OF TRADE,nonrept,46258.0,79833.0,1038123.0
CIT,combined,2025-03-18,057642,LIVE CATTLE - CHICAGO MERCANTILE EXCHANGE,cit,110515.0,14495.0,499041.0
CIT,combined,2025-03-18,057642,LIVE CATTLE - CHICAGO MERCANTILE EXCHANGE,comm,80644.0,232948.0,499041.0
CIT,combined,2025-03-18,057642,LIVE CATTLE - CHICAGO MERCANTILE EXCHANGE,noncomm,115739.0,25155.0,499041.0
CIT,combined,2025-03-18,057642,LIVE CATTLE - CHICAGO MERCANTILE EXCHANGE,nonrept,35553.0,69853.0,499041.0
CIT,combined,2025-03-18,073732,COCOA - ICE FUTURES U.S.,cit,16125.0,12341.0,137103.0
CIT,combined,2025-03-18,073732,COCOA - ICE FUTURES U.S.,comm,54280.0,66650.0,137103.0
CIT,combined,2025-03-18,073732,COCOA - ICE FUTURES U.S.,noncomm,15734.0,10366.0,137103.0
CIT,combined,2025-03-18,073732,COCOA - ICE FUTURES U.S.,nonrept,9405.0,6189.0,137103.0
CIT,combined,2025-03-18,080732,SUGAR NO. 11 - ICE FUTURES U.S.,cit,267900.0,63608.0,1036250.0
CIT,combined,2025-03-18,080732,SUGAR NO. 11 - ICE FUTURES U.S.,comm,340013.0,502350.0,1036250.0
CIT,combined,2025-03-18,080732,SUGAR NO. 11 - ICE FUTURES U.S.,noncomm,92782.0,157902.0,1036250.0
CIT,combined,2025-03-18,080732,SUGAR NO. 11 - ICE FUTURES U.S.,nonrept,76232.0,53069.0,1036250.0
CIT,combined,2025-03-18,083731,COFFEE C - ICE FUTURES U.S.,cit,48248.0,11404.0,219221.0
CIT,combined,2025-03-18,083731,COFFEE C - ICE FUTURES U.S.,comm,46486.0,122428.0,219221.0
CIT,combined,2025-03-18,083731,COFFEE C - ICE FUTURES U.S.,noncomm,44454.0,8036.0,219221.0
CIT,combined,2025-03-18,083731,COFFEE C - ICE FUTURES U.S.,nonrept,9177.0,6497.0,219221.0
CIT,combined,2025-03-25,001602,WHEAT-SRW - CHICAGO BOARD OF TRADE,cit,151290.0,91695.0,546873.0
CIT,combined,2025-03-25,001602,WHEAT-SRW - CHICAGO BOARD OF TRADE,comm,112398.0,80452.0,546873.0
CIT,combined,2025-03-25,001602,WHEAT-SRW - CHICAGO BOARD OF TRADE,noncomm,59552.0,156300.0,546873.0
CIT,combined,2025-03-25,001602,WHEAT-SRW - CHICAGO BOARD OF TRADE,nonrept,39945.0,34737.0,546873.0
CIT,combined,2025-03-25,002602,CORN - CHICAGO BOARD OF TRADE,cit,493600.0,124923.0,2346083.0
CIT,combined,2025-03-25,002602,CORN - CHICAGO BOARD OF TRADE,comm,679073.0,975874.0,2346083.0
CIT,combined,2025-03-25,002602,CORN - CHICAGO BOARD OF TRADE,noncomm,177734.0,192007.0,2346083.0
CIT,combined,2025-03-25,002602,CORN - CHICAGO BOARD OF TRADE,nonrept,182387.0,239991.0,2346083.0
CIT,combined,2025-03-25,005602,SOYBEANS - CHICAGO BOARD OF TRADE,cit,222389.0,85016.0,1043992.0
CIT,combined,2025-03-25,005602,SOYBEANS - CHICAGO BOARD OF TRADE,comm,391223.0,444760.0,1043992.0
CIT,combined,2025-03-25,005602,SOYBEANS - CHICAGO BOARD OF TRADE,noncomm,71519.0,125981.0,1043992.0
CIT,combined,2025-03-25,005602,SOYBEANS - CHICAGO BOARD OF TRADE,nonrept,48383.0,77757.0,1043992.0
CIT,combined,2025-03-25,057642,LIVE CATTLE - CHICAGO MERCANTILE EXCHANGE,cit,113879.0,15105.0,537085.0
CIT,combined,2025-03-25,057642,LIVE CATTLE - CHICAGO MERCANTILE EXCHANGE,comm,80624.0,253952.0,537085.0
CIT,combined,2025-03-25,057642,LIVE CATTLE - CHICAGO MERCANTILE EXCHANGE,noncomm,131417.0,20911.0,537085.0
CIT,combined,2025-03-25,057642,LIVE CATTLE - CHICAGO MERCANTILE EXCHANGE,nonrept,36520.0,72473.0,537085.0
CIT,combined,2025-03-25,073732,COCOA - ICE FUTURES U.S.,cit,15045.0,12027.0,135985.0
CIT,combined,2025-03-25,073732,COCOA - ICE FUTURES U.S.,comm,54133.0,67190.0,135985.0
CIT,combined,2025-03-25,073732,COCOA - ICE FUTURES U.S.,noncomm,15902.0,9416.0,135985.0
CIT,combined,2025-03-25,073732,COCOA - ICE FUTURES U.S.,nonrept,10009.0,6457.0,135985.0
CIT,combined,2025-03-25,080732,SUGAR NO. 11 - ICE FUTURES U.S.,cit,271842.0,61177.0,1030802.0
CIT,combined,2025-03-25,080732,SUGAR NO. 11 - ICE FUTURES U.S.,comm,334712.0,516146.0,1030802.0
CIT,combined,2025-03-25,080732,SUGAR NO. 11 - ICE FUTURES U.S.,noncomm,108444.0,159903.0,1030802.0
CIT,combined,2025-03-25,080732,SUGAR NO. 11 - ICE FUTURES U.S.,nonrept,77915.0,55687.0,1030802.0
CIT,combined,2025-03-25,083731,COFFEE C - ICE FUTURES U.S.,cit,47953.0,11542.0,224472.0
CIT,combined,2025-03-25,083731,COFFEE C - ICE FUTURES U.S.,comm,46771.0,124938.0,224472.0
CIT,combined,2025-03-25,083731,COFFEE C - ICE FUTURES U.S.,noncomm,46687.0,7611.0,224472.0
CIT,combined,2025-03-25,083731,COFFEE C - ICE FUTURES U.S.,nonrept,10002.0,7322.0,224472.0
CIT,combined,2025-04-01,001602,WHEAT-SRW - CHICAGO BOARD OF TRADE,cit,150090.0,97384.0,584203.0
CIT,combined,2025-04-01,001602,WHEAT-SRW - CHICAGO BOARD OF TRADE,comm,125172.0,77011.0,584203.0
CIT,combined,2025-04-01,001602,WHEAT-SRW - CHICAGO BOARD OF TRADE,noncomm,58640.0,169025.0,584203.0
CIT,combined,2025-04-01,001602,WHEAT-SRW - CHICAGO BOARD OF TRADE,nonrept,44768.0,35250.0,584203.0
CIT,combined,2025-04-01,002602,CORN - CHICAGO BOARD OF TRADE,cit,506024.0,151789.0,2469999.0
CIT,combined,2025-04-01,002602,CORN - CHICAGO BOARD OF TRADE,comm,711538.0,977165.0,2469999.0
CIT,combined,2025-04-01,002602,CORN - CHICAGO BOARD OF TRADE,noncomm,156432.0,196038.0,2469999.0
CIT,combined,2025-04-01,002602,CORN - CHICAGO BOARD OF TRADE,nonrept,184257.0,233259.0,2469999.0
CIT,combined,2025-04-01,005602,SOYBEANS - CHICAGO BOARD OF TRADE,cit,228173.0,89815.0,1064084.0
CIT,combined,2025-04-01,005602,SOYBEANS - CHICAGO BOARD OF TRADE,comm,371220.0,446028.0,1064084.0
CIT,combined,2025-04-01,005602,SOYBEANS - CHICAGO BOARD OF TRADE,noncomm,68762.0,110902.0,1064084.0
CIT,combined,2025-04-01,005602,SOYBEANS - CHICAGO BOARD OF TRADE,nonrept,52011.0,73420.0,1064084.0
CIT,combined,2025-04-01,057642,LIVE CATTLE - CHICAGO MERCANTILE EXCHANGE,cit,112616.0,13511.0,547274.0
CIT,combined,2025-04-01,057642,LIVE CATTLE - CHICAGO MERCANTILE EXCHANGE,comm,81080.0,255725.0,547274.0
CIT,combined,2025-04-01,057642,LIVE CATTLE - CHICAGO MERCANTILE EXCHANGE,noncomm,135175.0,21554.0,547274.0
CIT,combined,2025-04-01,057642,LIVE CATTLE - CHICAGO MERCANTILE EXCHANGE,nonrept,36420.0,74499.0,547274.0
CIT,combined,2025-04-01,073732,COCOA - ICE FUTURES U.S.,cit,16509.0,13338.0,142253.0
CIT,combined,2025-04-01,073732,COCOA - ICE FUTURES U.S.,comm,55744.0,69010.0,142253.0
CIT,combined,2025-04-01,073732,COCOA - ICE FUTURES U.S.,noncomm,17815.0,11159.0,142253.0
CIT,combined,2025-04-01,073732,COCOA - ICE FUTURES U.S.,nonrept,10595.0,7158.0,142253.0
CIT,combined,2025-04-01,080732,SUGAR NO. 11 - ICE FUTURES U.S.,cit,263271.0,54541.0,1027031.0
CIT,combined,2025-04-01,080732,SUGAR NO. 11 - ICE FUTURES U.S.,comm,331679.0,514777.0,1027031.0
CIT,combined,2025-04-01,080732,SUGAR NO. 11 - ICE FUTURES U.S.,noncomm,114508.0,159604.0,1027031.0
CIT,combined,2025-04-01,080732,SUGAR NO. 11 - ICE FUTURES U.S.,nonrept,74209.0,54745.0,1027031.0
CIT,combined,2025-04-01,083731,COFFEE C - ICE FUTURES U.S.,cit,47026.0,11646.0,224930.0
CIT,combined,2025-04-01,083731,COFFEE C - ICE FUTURES U.S.,comm,52057.0,124776.0,224930.0
CIT,combined,2025-04-01,083731,COFFEE C - ICE FUTURES U.S.,noncomm,43747.0,8935.0,224930.0
CIT,combined,2025-04-01,083731,COFFEE C - ICE FUTURES U.S.,nonrept,9620.0,7092.0,224930.0
CIT,combined,2025-04-08,001602,WHEAT-SRW - CHICAGO BOARD OF TRADE,cit,141843.0,91309.0,572101.0
CIT,combined,2025-04-08,001602,WHEAT-SRW - CHICAGO BOARD OF TRADE,comm,119458.0,74914.0,572101.0
CIT,combined,2025-04-08,001602,WHEAT-SRW - CHICAGO BOARD OF TRADE,noncomm,59479.0,160856.0,572101.0
CIT,combined,2025-04-08,001602,WHEAT-SRW - CHICAGO BOARD OF TRADE,nonrept,45305.0,39007.0,572101.0
CIT,combined,2025-04-08,002602,CORN - CHICAGO BOARD OF TRADE,cit,494193.0,141114.0,2415657.0
CIT,combined,2025-04-08,002602,CORN - CHICAGO BOARD OF TRADE,comm,723462.0,985718.0,2415657.0
CIT,combined,2025-04-08,002602,CORN - CHICAGO BOARD OF TRADE,noncomm,143534.0,196401.0,2415657.0
CIT,combined,2025-04-08,002602,CORN - CHICAGO BOARD OF TRADE,nonrept,191019.0,228976.0,2415657.0
CIT,combined,2025-04-08,005602,SOYBEANS - CHICAGO BOARD OF TRADE,cit,215440.0,86773.0,1128085.0
CIT,combined,2025-04-08,005602,SOYBEANS - CHICAGO BOARD OF TRADE,comm,395599.0,439759.0,1128085.0
CIT,combined,2025-04-08,005602,SOYBEANS - CHICAGO BOARD OF TRADE,noncomm,68594.0,130573.0,1128085.0
CIT,combined,2025-04-08,005602,SOYBEANS - CHICAGO BOARD OF TRADE,nonrept,56026.0,78554.0,1128085.0
CIT,combined,2025-04-08,057642,LIVE CATTLE - CHICAGO MERCANTILE EXCHANGE,cit,103735.0,7228.0,471810.0
CIT,combined,2025-04-08,057642,LIVE CATTLE - CHICAGO MERCANTILE EXCHANGE,comm,85616.0,240974.0,471810.0
CIT,combined,2025-04-08,057642,LIVE CATTLE - CHICAGO MERCANTILE EXCHANGE,noncomm,112243.0,23141.0,471810.0
CIT,combined,2025-04-08,057642,LIVE CATTLE - CHICAGO MERCANTILE EXCHANGE,nonrept,36080.0,66332.0,471810.0
CIT,combined,2025-04-08,073732,COCOA - ICE FUTURES U.S.,cit,16569.0,10773.0,122292.0
CIT,combined,2025-04-08,073732,COCOA - ICE FUTURES U.S.,comm,44048.0,61807.0,122292.0
CIT,combined,2025-04-08,073732,COCOA - ICE FUTURES U.S.,noncomm,16497.0,8599.0,122292.0
CIT,combined,2025-04-08,073732,COCOA - ICE FUTURES U.S.,nonrept,10157.0,6093.0,122292.0
CIT,combined,2025-04-08,080732,SUGAR NO. 11 - ICE FUTURES U.S.,cit,240770.0,42116.0,1002227.0
CIT,combined,2025-04-08,080732,SUGAR NO. 11 - ICE FUTURES U.S.,comm,365842.0,525299.0,1002227.0
CIT,combined,2025-04-08,080732,SUGAR NO. 11 - ICE FUTURES U.S.,noncomm,99987.0,149153.0,1002227.0
CIT,combined,2025-04-08,080732,SUGAR NO. 11 - ICE FUTURES U.S.,nonrept,72278.0,62309.0,1002227.0
CIT,combined,2025-04-08,083731,COFFEE C - ICE FUTURES U.S.,cit,43318.0,11281.0,225149.0
CIT,combined,2025-04-08,083731,COFFEE C - ICE FUTURES U.S.,comm,62084.0,121279.0,225149.0
CIT,combined,2025-04-08,083731,COFFEE C - ICE FUTURES U.S.,noncomm,34962.0,9444.0,225149.0
CIT,combined,2025-04-08,083731,COFFEE C - ICE FUTURES U.S.,nonrept,8741.0,7100.0,225149.0
CIT,combined,2025-04-15,001602,WHEAT-SRW - CHICAGO BOARD OF TRADE,cit,137750.0,92425.0,558884.0
CIT,combined,2025-04-15,001602,WHEAT-SRW - CHICAGO BOARD OF TRADE,comm,117976.0,75099.0,558884.0
CIT,combined,2025-04-15,001602,WHEAT-SRW - CHICAGO BOARD OF TRADE,noncomm,57483.0,150500.0,558884.0
CIT,combined,2025-04-15,001602,WHEAT-SRW - CHICAGO BOARD OF TRADE,nonrept,40556.0,35740.0,558884.0
CIT,combined,2025-04-15,002602,CORN - CHICAGO BOARD OF TRADE,cit,530201.0,135437.0,2326601.0
CIT,combined,2025-04-15,002602,CORN - CHICAGO BOARD OF TRADE,comm,715314.0,1052290.0,2326601.0
CIT,combined,2025-04-15,002602,CORN - CHICAGO BOARD OF TRADE,noncomm,164887.0,181774.0,2326601.0
CIT,combined,2025-04-15,002602,CORN - CHICAGO BOARD OF TRADE,nonrept,183481.0,224382.0,2326601.0
CIT,combined,2025-04-15,005602,SOYBEANS - CHICAGO BOARD OF TRADE,cit,204211.0,69670.0,1063360.0
CIT,combined,2025-04-15,005602,SOYBEANS - CHICAGO BOARD OF TRADE,comm,374509.0,494132.0,1063360.0
CIT,combined,2025-04-15,005602,SOYBEANS - CHICAGO BOARD OF TRADE,noncomm,98233.0,90291.0,1063360.0
CIT,combined,2025-04-15,005602,SOYBEANS - CHICAGO BOARD OF TRADE,nonrept,54646.0,77506.0,1063360.0
CIT,combined,2025-04-15,057642,LIVE CATTLE - CHICAGO MERCANTILE EXCHANGE,cit,98594.0,6481.0,437820.0
CIT,combined,2025-04-15,057642,LIVE CATTLE - CHICAGO MERCANTILE EXCHANGE,comm,83538.0,226476.0,437820.0
CIT,combined,2025-04-15,057642,LIVE CATTLE - CHICAGO MERCANTILE EXCHANGE,noncomm,94305.0,17588.0,437820.0
CIT,combined,2025-04-15,057642,LIVE CATTLE - CHICAGO MERCANTILE EXCHANGE,nonrept,34011.0,59902.0,437820.0
CIT,combined,2025-04-15,073732,COCOA - ICE FUTURES U.S.,cit,15591.0,9569.0,116339.0
CIT,combined,2025-04-15,073732,COCOA - ICE FUTURES U.S.,comm,45542.0,59498.0,116339.0
CIT,combined,2025-04-15,073732,COCOA - ICE FUTURES U.S.,noncomm,12730.0,8318.0,116339.0
CIT,combined,2025-04-15,073732,COCOA - ICE FUTURES U.S.,nonrept,9627.0,6105.0,116339.0
CIT,combined,2025-04-15,080732,SUGAR NO. 11 - ICE FUTURES U.S.,cit,223609.0,39467.0,962590.0
CIT,combined,2025-04-15,080732,SUGAR NO. 11 - ICE FUTURES U.S.,comm,386680.0,525152.0,962590.0
CIT,combined,2025-04-15,080732,SUGAR NO. 11 - ICE FUTURES U.S.,noncomm,97871.0,149614.0,962590.0
CIT,combined,2025-04-15,080732,SUGAR NO. 11 - ICE FUTURES U.S.,nonrept,70278.0,64205.0,962590.0
CIT,combined,2025-04-15,083731,COFFEE C - ICE FUTURES U.S.,cit,40018.0,8100.0,181481.0
CIT,combined,2025-04-15,083731,COFFEE C - ICE FUTURES U.S.,comm,53707.0,112935.0,181481.0
CIT,combined,2025-04-15,083731,COFFEE C - ICE FUTURES U.S.,noncomm,32000.0,7690.0,181481.0
CIT,combined,2025-04-15,083731,COFFEE C - ICE FUTURES U.S.,nonrept,8805.0,5806.0,181481.0
CIT,combined,2025-04-22,001602,WHEAT-SRW - CHICAGO BOARD OF TRADE,cit,132269.0,92421.0,547898.0
CIT,combined,2025-04-22,001602,WHEAT-SRW - CHICAGO BOARD OF TRADE,comm,120088.0,74046.0,547898.0
CIT,combined,2025-04-22,001602,WHEAT-SRW - CHICAGO BOARD OF TRADE,noncomm,60683.0,152272.0,547898.0
CIT,combined,2025-04-22,001602,WHEAT-SRW - CHICAGO BOARD OF TRADE,nonrept,39579.0,33879.0,547898.0
CIT,combined,2025-04-22,002602,CORN - CHICAGO BOARD OF TRADE,cit,546453.0,147609.0,2317296.0
CIT,combined,2025-04-22,002602,CORN - CHICAGO BOARD OF TRADE,comm,710737.0,1017727.0,2317296.0
CIT,combined,2025-04-22,002602,CORN - CHICAGO BOARD OF TRADE,noncomm,175355.0,218170.0,2317296.0
CIT,combined,2025-04-22,002602,CORN - CHICAGO BOARD OF TRADE,nonrept,177580.0,226618.0,2317296.0
CIT,combined,2025-04-22,005602,SOYBEANS - CHICAGO BOARD OF TRADE,cit,200776.0,63392.0,1069567.0
CIT,combined,2025-04-22,005602,SOYBEANS - CHICAGO BOARD OF TRADE,comm,379202.0,498900.0,1069567.0
CIT,combined,2025-04-22,005602,SOYBEANS - CHICAGO BOARD OF TRADE,noncomm,108789.0,102963.0,1069567.0
CIT,combined,2025-04-22,005602,SOYBEANS - CHICAGO BOARD OF TRADE,nonrept,51360.0,74873.0,1069567.0
CIT,combined,2025-04-22,057642,LIVE CATTLE - CHICAGO MERCANTILE EXCHANGE,cit,99968.0,7401.0,464387.0
CIT,combined,2025-04-22,057642,LIVE CATTLE - CHICAGO MERCANTILE EXCHANGE,comm,83866.0,234781.0,464387.0
CIT,combined,2025-04-22,057642,LIVE CATTLE - CHICAGO MERCANTILE EXCHANGE,noncomm,107687.0,19085.0,464387.0
CIT,combined,2025-04-22,057642,LIVE CATTLE - CHICAGO MERCANTILE EXCHANGE,nonrept,31931.0,62183.0,464387.0
CIT,combined,2025-04-22,073732,COCOA - ICE FUTURES U.S.,cit,16589.0,9754.0,115443.0
CIT,combined,2025-04-22,073732,COCOA - ICE FUTURES U.S.,comm,39874.0,55652.0,115443.0
CIT,combined,2025-04-22,073732,COCOA - ICE FUTURES U.S.,noncomm,14178.0,8720.0,115443.0
CIT,combined,2025-04-22,073732,COCOA - ICE FUTURES U.S.,nonrept,9388.0,5902.0,115443.0
CIT,combined,2025-04-22,080732,SUGAR NO. 11 - ICE FUTURES U.S.,cit,223060.0,43890.0,942943.0
CIT,combined,2025-04-22,080732,SUGAR NO. 11 - ICE FUTURES U.S.,comm,377739.0,512146.0,942943.0
CIT,combined,2025-04-22,080732,SUGAR NO. 11 - ICE FUTURES U.S.,noncomm,102134.0,146868.0,942943.0
CIT,combined,2025-04-22,080732,SUGAR NO. 11 - ICE FUTURES U.S.,nonrept,59855.0,59884.0,942943.0
CIT,combined,2025-04-22,083731,COFFEE C - ICE FUTURES U.S.,cit,40172.0,8336.0,177900.0
CIT,combined,2025-04-22,083731,COFFEE C - ICE FUTURES U.S.,comm,48731.0,108439.0,177900.0
CIT,combined,2025-04-22,083731,COFFEE C - ICE FUTURES U.S.,noncomm,33376.0,7711.0,177900.0
CIT,combined,2025-04-22,083731,COFFEE C - ICE FUTURES U.S.,nonrept,8358.0,6151.0,177900.0
CIT,combined,2025-04-29,001602,WHEAT-SRW - CHICAGO BOARD OF TRADE,cit,123318.0,84999.0,511487.0
CIT,combined,2025-04-29,001602,WHEAT-SRW - CHICAGO BOARD OF TRADE,comm,124650.0,56377.0,511487.0
CIT,combined,2025-04-29,001602,WHEAT-SRW - CHICAGO BOARD OF TRADE,noncomm,60191.0,176778.0,511487.0
CIT,combined,2025-04-29,001602,WHEAT-SRW - CHICAGO BOARD OF TRADE,nonrept,42993.0,32998.0,511487.0
CIT,combined,2025-04-29,002602,CORN - CHICAGO BOARD OF TRADE,cit,518059.0,136654.0,1999426.0
CIT,combined,2025-04-29,002602,CORN - CHICAGO BOARD OF TRADE,comm,582777.0,868833.0,1999426.0
CIT,combined,2025-04-29,002602,CORN - CHICAGO BOARD OF TRADE,noncomm,184514.0,237871.0,1999426.0
CIT,combined,2025-04-29,002602,CORN - CHICAGO BOARD OF TRADE,nonrept,168443.0,210434.0,1999426.0
CIT,combined,2025-04-29,005602,SOYBEANS - CHICAGO BOARD OF TRADE,cit,195067.0,52037.0,950100.0
CIT,combined,2025-04-29,005602,SOYBEANS - CHICAGO BOARD OF TRADE,comm,316352.0,445471.0,950100.0
CIT,combined,2025-04-29,005602,SOYBEANS - CHICAGO BOARD OF TRADE,noncomm,102795.0,97027.0,950100.0
CIT,combined,2025-04-29,005602,SOYBEANS - CHICAGO BOARD OF TRADE,nonrept,49852.0,69529.0,950100.0
CIT,combined,2025-04-29,057642,LIVE CATTLE - CHICAGO MERCANTILE EXCHANGE,cit,102757.0,7776.0,499498.0
CIT,combined,2025-04-29,057642,LIVE CATTLE - CHICAGO MERCANTILE EXCHANGE,comm,86015.0,245671.0,499498.0
CIT,combined,2025-04-29,057642,LIVE CATTLE - CHICAGO MERCANTILE EXCHANGE,noncomm,118718.0,23455.0,499498.0
CIT,combined,2025-04-29,057642,LIVE CATTLE - CHICAGO MERCANTILE EXCHANGE,nonrept,33084.0,63672.0,499498.0
CIT,combined,2025-04-29,073732,COCOA - ICE FUTURES U.S.,cit,17128.0,9272.0,117634.0
CIT,combined,2025-04-29,073732,COCOA - ICE FUTURES U.S.,comm,39272.0,57839.0,117634.0
CIT,combined,2025-04-29,073732,COCOA - ICE FUTURES U.S.,noncomm,15496.0,9121.0,117634.0
CIT,combined,2025-04-29,073732,COCOA - ICE FUTURES U.S.,nonrept,9734.0,5400.0,117634.0
CIT,combined,2025-04-29,080732,SUGAR NO. 11 - ICE FUTURES U.S.,cit,228713.0,46766.0,936348.0
CIT,combined,2025-04-29,080732,SUGAR NO. 11 - ICE FUTURES U.S.,comm,360858.0,496308.0,936348.0
CIT,combined,2025-04-29,080732,SUGAR NO. 11 - ICE FUTURES U.S.,noncomm,100891.0,144159.0,936348.0
CIT,combined,2025-04-29,080732,SUGAR NO. 11 - ICE FUTURES U.S.,nonrept,59301.0,62529.0,936348.0
CIT,combined,2025-04-29,083731,COFFEE C - ICE FUTURES U.S.,cit,43834.0,7607.0,196936.0
CIT,combined,2025-04-29,083731,COFFEE C - ICE FUTURES U.S.,comm,47541.0,116126.0,196936.0
CIT,combined,2025-04-29,083731,COFFEE C - ICE FUTURES U.S.,noncomm,38288.0,8670.0,196936.0
CIT,combined,2025-04-29,083731,COFFEE C - ICE FUTURES U.S.,nonrept,9559.0,6819.0,196936.0
CIT,combined,2025-05-06,001602,WHEAT-SRW - CHICAGO BOARD OF TRADE,cit,126476.0,91929.0,525539.0
CIT,combined,2025-05-06,001602,WHEAT-SRW - CHICAGO BOARD OF TRADE,comm,122800.0,61350.0,525539.0
CIT,combined,2025-05-06,001602,WHEAT-SRW - CHICAGO BOARD OF TRADE,noncomm,64163.0,168323.0,525539.0
CIT,combined,2025-05-06,001602,WHEAT-SRW - CHICAGO BOARD OF TRADE,nonrept,40905.0,32741.0,525539.0
CIT,combined,2025-05-06,002602,CORN - CHICAGO BOARD OF TRADE,cit,501867.0,145069.0,2020755.0
CIT,combined,2025-05-06,002602,CORN - CHICAGO BOARD OF TRADE,comm,613012.0,830331.0,2020755.0
CIT,combined,2025-05-06,002602,CORN - CHICAGO BOARD OF TRADE,noncomm,147828.0,251979.0,2020755.0
CIT,combined,2025-05-06,002602,CORN - CHICAGO BOARD OF TRADE,nonrept,178967.0,214294.0,2020755.0
CIT,combined,2025-05-06,005602,SOYBEANS - CHICAGO BOARD OF TRADE,cit,200533.0,53560.0,986918.0
CIT,combined,2025-05-06,005602,SOYBEANS - CHICAGO BOARD OF TRADE,comm,330657.0,450737.0,986918.0
CIT,combined,2025-05-06,005602,SOYBEANS - CHICAGO BOARD OF TRADE,noncomm,95358.0,104635.0,986918.0
CIT,combined,2025-05-06,005602,SOYBEANS - CHICAGO BOARD OF TRADE,nonrept,51441.0,69056.0,986918.0
CIT,combined,2025-05-06,057642,LIVE CATTLE - CHICAGO MERCANTILE EXCHANGE,cit,105888.0,8983.0,527120.0
CIT,combined,2025-05-06,057642,LIVE CATTLE - CHICAGO MERCANTILE EXCHANGE,comm,87487.0,249106.0,527120.0
CIT,combined,2025-05-06,057642,LIVE CATTLE - CHICAGO MERCANTILE EXCHANGE,noncomm,125109.0,25138.0,527120.0
CIT,combined,2025-05-06,057642,LIVE CATTLE - CHICAGO MERCANTILE EXCHANGE,nonrept,32068.0,67325.0,527120.0
CIT,combined,2025-05-06,073732,COCOA - ICE FUTURES U.S.,cit,17775.0,9281.0,117735.0
CIT,combined,2025-05-06,073732,COCOA - ICE FUTURES U.S.,comm,39934.0,58291.0,117735.0
CIT,combined,2025-05-06,073732,COCOA - ICE FUTURES U.S.,noncomm,14661.0,9019.0,117735.0
CIT,combined,2025-05-06,073732,COCOA - ICE FUTURES U.S.,nonrept,9593.0,5371.0,117735.0
CIT,combined,2025-05-06,080732,SUGAR NO. 11 - ICE FUTURES U.S.,cit,227230.0,52810.0,928094.0
CIT,combined,2025-05-06,080732,SUGAR NO. 11 - ICE FUTURES U.S.,comm,342977.0,461936.0,928094.0
CIT,combined,2025-05-06,080732,SUGAR NO. 11 - ICE FUTURES U.S.,noncomm,102807.0,154616.0,928094.0
CIT,combined,2025-05-06,080732,SUGAR NO. 11 - ICE FUTURES U.S.,nonrept,63330.0,66982.0,928094.0
CIT,combined,2025-05-06,083731,COFFEE C - ICE FUTURES U.S.,cit,42042.0,7835.0,193741.0
CIT,combined,2025-05-06,083731,COFFEE C - ICE FUTURES U.S.,comm,47984.0,114337.0,193741.0
CIT,combined,2025-05-06,083731,COFFEE C - ICE FUTURES U.S.,noncomm,38295.0,8502.0,193741.0
CIT,combined,2025-05-06,083731,COFFEE C - ICE FUTURES U.S.,nonrept,8949.0,6596.0,193741.0
CIT,combined,2025-05-13,001602,WHEAT-SRW - CHICAGO BOARD OF TRADE,cit,132226.0,95210.0,554268.0
CIT,combined,2025-05-13,001602,WHEAT-SRW - CHICAGO BOARD OF TRADE,comm,130693.0,60669.0,554268.0
CIT,combined,2025-05-13,001602,WHEAT-SRW - CHICAGO BOARD OF TRADE,noncomm,67970.0,183499.0,554268.0
CIT,combined,2025-05-13,001602,WHEAT-SRW - CHICAGO BOARD OF TRADE,nonrept,44354.0,35865.0,554268.0
CIT,combined,2025-05-13,002602,CORN - CHICAGO BOARD OF TRADE,cit,484448.0,152025.0,2081437.0
CIT,combined,2025-05-13,002602,CORN - CHICAGO BOARD OF TRADE,comm,665515.0,789476.0,2081437.0
CIT,combined,2025-05-13,002602,CORN - CHICAGO BOARD OF TRADE,noncomm,106237.0,292628.0,2081437.0
CIT,combined,2025-05-13,002602,CORN - CHICAGO BOARD OF TRADE,nonrept,188104.0,210175.0,2081437.0
CIT,combined,2025-05-13,005602,SOYBEANS - CHICAGO BOARD OF TRADE,cit,207897.0,56060.0,1047835.0
CIT,combined,2025-05-13,005602,SOYBEANS - CHICAGO BOARD OF TRADE,comm,329040.0,479620.0,1047835.0
CIT,combined,2025-05-13,005602,SOYBEANS - CHICAGO BOARD OF TRADE,noncomm,110072.0,101123.0,1047835.0
CIT,combined,2025-05-13,005602,SOYBEANS - CHICAGO BOARD OF TRADE,nonrept,58302.0,68508.0,1047835.0
CIT,combined,2025-05-13,057642,LIVE CATTLE - CHICAGO MERCANTILE EXCHANGE,cit,105307.0,8409.0,533798.0
CIT,combined,2025-05-13,057642,LIVE CATTLE - CHICAGO MERCANTILE EXCHANGE,comm,80497.0,246313.0,533798.0
CIT,combined,2025-05-13,057642,LIVE CATTLE - CHICAGO MERCANTILE EXCHANGE,noncomm,131911.0,28680.0,533798.0
CIT,combined,2025-05-13,057642,LIVE CATTLE - CHICAGO MERCANTILE EXCHANGE,nonrept,35249.0,69562.0,533798.0
CIT,combined,2025-05-13,073732,COCOA - ICE FUTURES U.S.,cit,17657.0,9284.0,126282.0
CIT,combined,2025-05-13,073732,COCOA - ICE FUTURES U.S.,comm,39680.0,63444.0,126282.0
CIT,combined,2025-05-13,073732,COCOA - ICE FUTURES U.S.,noncomm,18710.0,9435.0,126282.0
CIT,combined,2025-05-13,073732,COCOA - ICE FUTURES U.S.,nonrept,12181.0,6064.0,126282.0
CIT,combined,2025-05-13,080732,SUGAR NO. 11 - ICE FUTURES U.S.,cit,230042.0,50289.0,925866.0
CIT,combined,2025-05-13,080732,SUGAR NO. 11 - ICE FUTURES U.S.,comm,326620.0,460759.0,925866.0
CIT,combined,2025-05-13,080732,SUGAR NO. 11 - ICE FUTURES U.S.,noncomm,107002.0,156299.0,925866.0
CIT,combined,2025-05-13,080732,SUGAR NO. 11 - ICE FUTURES U.S.,nonrept,68343.0,64662.0,925866.0
CIT,combined,2025-05-13,083731,COFFEE C - ICE FUTURES U.S.,cit,41821.0,8144.0,189150.0
CIT,combined,2025-05-13,083731,COFFEE C - ICE FUTURES U.S.,comm,48116.0,111678.0,189150.0
CIT,combined,2025-05-13,083731,COFFEE C - ICE FUTURES U.S.,noncomm,36470.0,8812.0,189150.0
CIT,combined,2025-05-13,083731,COFFEE C - ICE FUTURES U.S.,nonrept,8923.0,6695.0,189150.0
CIT,combined,2025-05-20,001602,WHEAT-SRW - CHICAGO BOARD OF TRADE,cit,135036.0,95965.0,549596.0
CIT,combined,2025-05-20,001602,WHEAT-SRW - CHICAGO BOARD OF TRADE,comm,123581.0,65968.0,549596.0
CIT,combined,2025-05-20,001602,WHEAT-SRW - CHICAGO BOARD OF TRADE,noncomm,67827.0,167116.0,549596.0
CIT,combined,2025-05-20,001602,WHEAT-SRW - CHICAGO BOARD OF TRADE,nonrept,39749.0,37143.0,549596.0
CIT,combined,2025-05-20,002602,CORN - CHICAGO BOARD OF TRADE,cit,482546.0,169452.0,2153471.0
CIT,combined,2025-05-20,002602,CORN - CHICAGO BOARD OF TRADE,comm,688623.0,799227.0,2153471.0
CIT,combined,2025-05-20,002602,CORN - CHICAGO BOARD OF TRADE,noncomm,116221.0,306020.0,2153471.0
CIT,combined,2025-05-20,002602,CORN - CHICAGO BOARD OF TRADE,nonrept,192584.0,205274.0,2153471.0
CIT,combined,2025-05-20,005602,SOYBEANS - CHICAGO BOARD OF TRADE,cit,214246.0,56377.0,1066944.0
CIT,combined,2025-05-20,005602,SOYBEANS - CHICAGO BOARD OF TRADE,comm,354694.0,482448.0,1066944.0
CIT,combined,2025-05-20,005602,SOYBEANS - CHICAGO BOARD OF TRADE,noncomm,94997.0,113870.0,1066944.0
CIT,combined,2025-05-20,005602,SOYBEANS - CHICAGO BOARD OF TRADE,nonrept,58645.0,69888.0,1066944.0
CIT,combined,2025-05-20,057642,LIVE CATTLE - CHICAGO MERCANTILE EXCHANGE,cit,106916.0,8688.0,552411.0
CIT,combined,2025-05-20,057642,LIVE CATTLE - CHICAGO MERCANTILE EXCHANGE,comm,91867.0,251225.0,552411.0
CIT,combined,2025-05-20,057642,LIVE CATTLE - CHICAGO MERCANTILE EXCHANGE,noncomm,127473.0,31169.0,552411.0
CIT,combined,2025-05-20,057642,LIVE CATTLE - CHICAGO MERCANTILE EXCHANGE,nonrept,34821.0,69996.0,552411.0
CIT,combined,2025-05-20,073732,COCOA - ICE FUTURES U.S.,cit,18325.0,10006.0,138774.0
CIT,combined,2025-05-20,073732,COCOA - ICE FUTURES U.S.,comm,40503.0,64601.0,138774.0
CIT,combined,2025-05-20,073732,COCOA - ICE FUTURES U.S.,noncomm,23440.0,12485.0,138774.0
CIT,combined,2025-05-20,073732,COCOA - ICE FUTURES U.S.,nonrept,11021.0,6198.0,138774.0
CIT,combined,2025-05-20,080732,SUGAR NO. 11 - ICE FUTURES U.S.,cit,233883.0,52927.0,933514.0
CIT,combined,2025-05-20,080732,SUGAR NO. 11 - ICE FUTURES U.S.,comm,335131.0,459457.0,933514.0
CIT,combined,2025-05-20,080732,SUGAR NO. 11 - ICE FUTURES U.S.,noncomm,105587.0,155923.0,933514.0
CIT,combined,2025-05-20,080732,SUGAR NO. 11 - ICE FUTURES U.S.,nonrept,64309.0,70604.0,933514.0
CIT,combined,2025-05-20,083731,COFFEE C - ICE FUTURES U.S.,cit,41641.0,8547.0,185781.0
CIT,combined,2025-05-20,083731,COFFEE C - ICE FUTURES U.S.,comm,46682.0,108013.0,185781.0
CIT,combined,2025-05-20,083731,COFFEE C - ICE FUTURES U.S.,noncomm,34525.0,8630.0,185781.0
CIT,combined,2025-05-20,083731,COFFEE C - ICE FUTURES U.S.,nonrept,8600.0,6258.0,185781.0
CIT,combined,2025-05-27,001602,WHEAT-SRW - CHICAGO BOARD OF TRADE,cit,140768.0,103651.0,534796.0
CIT,combined,2025-05-27,001602,WHEAT-SRW - CHICAGO BOARD OF TRADE,comm,118943.0,66863.0,534796.0
CIT,combined,2025-05-27,001602,WHEAT-SRW - CHICAGO BOARD OF TRADE,noncomm,59741.0,153906.0,534796.0
CIT,combined,2025-05-27,001602,WHEAT-SRW - CHICAGO BOARD OF TRADE,nonrept,40466.0,35498.0,534796.0
CIT,combined,2025-05-27,002602,CORN - CHICAGO BOARD OF TRADE,cit,480080.0,153590.0,2115814.0
CIT,combined,2025-05-27,002602,CORN - CHICAGO BOARD OF TRADE,comm,684374.0,775588.0,2115814.0
CIT,combined,2025-05-27,002602,CORN - CHICAGO BOARD OF TRADE,noncomm,101130.0,317288.0,2115814.0
CIT,combined,2025-05-27,002602,CORN - CHICAGO BOARD OF TRADE,nonrept,187843.0,206961.0,2115814.0
CIT,combined,2025-05-27,005602,SOYBEANS - CHICAGO BOARD OF TRADE,cit,215455.0,54613.0,1052306.0
CIT,combined,2025-05-27,005602,SOYBEANS - CHICAGO BOARD OF TRADE,comm,357630.0,507085.0,1052306.0
CIT,combined,2025-05-27,005602,SOYBEANS - CHICAGO BOARD OF TRADE,noncomm,102617.0,104926.0,1052306.0
CIT,combined,2025-05-27,005602,SOYBEANS - CHICAGO BOARD OF TRADE,nonrept,59214.0,68293.0,1052306.0
CIT,combined,2025-05-27,057642,LIVE CATTLE - CHICAGO MERCANTILE EXCHANGE,cit,107798.0,9007.0,565843.0
CIT,combined,2025-05-27,057642,LIVE CATTLE - CHICAGO MERCANTILE EXCHANGE,comm,99169.0,256821.0,565843.0
CIT,combined,2025-05-27,057642,LIVE CATTLE - CHICAGO MERCANTILE EXCHANGE,noncomm,127274.0,33445.0,565843.0
CIT,combined,2025-05-27,057642,LIVE CATTLE - CHICAGO MERCANTILE EXCHANGE,nonrept,34622.0,69591.0,565843.0
CIT,combined,2025-05-27,073732,COCOA - ICE FUTURES U.S.,cit,18473.0,10355.0,133059.0
CIT,combined,2025-05-27,073732,COCOA - ICE FUTURES U.S.,comm,39947.0,62221.0,133059.0
CIT,combined,2025-05-27,073732,COCOA - ICE FUTURES U.S.,noncomm,20930.0,11675.0,133059.0
CIT,combined,2025-05-27,073732,COCOA - ICE FUTURES U.S.,nonrept,10998.0,6096.0,133059.0
CIT,combined,2025-05-27,080732,SUGAR NO. 11 - ICE FUTURES U.S.,cit,232958.0,59201.0,957057.0
CIT,combined,2025-05-27,080732,SUGAR NO. 11 - ICE FUTURES U.S.,comm,343648.0,455928.0,957057.0
CIT,combined,2025-05-27,080732,SUGAR NO. 11 - ICE FUTURES U.S.,noncomm,112853.0,168069.0,957057.0
CIT,combined,2025-05-27,080732,SUGAR NO. 11 - ICE FUTURES U.S.,nonrept,64411.0,70671.0,957057.0
CIT,combined,2025-05-27,083731,COFFEE C - ICE FUTURES U.S.,cit,42591.0,9432.0,190384.0
CIT,combined,2025-05-27,083731,COFFEE C - ICE FUTURES U.S.,comm,50828.0,109405.0,190384.0
CIT,combined,2025-05-27,083731,COFFEE C - ICE FUTURES U.S.,noncomm,32884.0,9307.0,190384.0
CIT,combined,2025-05-27,083731,COFFEE C - ICE FUTURES U.S.,nonrept,8220.0,6380.0,190384.0
CIT,combined,2025-06-03,001602,WHEAT-SRW - CHICAGO BOARD OF TRADE,cit,135410.0,99723.0,534260.0
CIT,combined,2025-06-03,001602,WHEAT-SRW - CHICAGO BOARD OF TRADE,comm,119571.0,67385.0,534260.0
CIT,combined,2025-06-03,001602,WHEAT-SRW - CHICAGO BOARD OF TRADE,noncomm,59988.0,151094.0,534260.0
CIT,combined,2025-06-03,001602,WHEAT-SRW - CHICAGO BOARD OF TRADE,nonrept,40723.0,37490.0,534260.0
CIT,combined,2025-06-03,002602,CORN - CHICAGO BOARD OF TRADE,cit,487463.0,160465.0,2125844.0
CIT,combined,2025-06-03,002602,CORN - CHICAGO BOARD OF TRADE,comm,702962.0,743440.0,2125844.0
CIT,combined,2025-06-03,002602,CORN - CHICAGO BOARD OF TRADE,noncomm,93221.0,362646.0,2125844.0
CIT,combined,2025-06-03,002602,CORN - CHICAGO BOARD OF TRADE,nonrept,191153.0,208248.0,2125844.0
CIT,combined,2025-06-03,005602,SOYBEANS - CHICAGO BOARD OF TRADE,cit,216987.0,59771.0,1073527.0
CIT,combined,2025-06-03,005602,SOYBEANS - CHICAGO BOARD OF TRADE,comm,381559.0,493479.0,1073527.0
CIT,combined,2025-06-03,005602,SOYBEANS - CHICAGO BOARD OF TRADE,noncomm,90354.0,120446.0,1073527.0
CIT,combined,2025-06-03,005602,SOYBEANS - CHICAGO BOARD OF TRADE,nonrept,56000.0,71205.0,1073527.0
CIT,combined,2025-06-03,057642,LIVE CATTLE - CHICAGO MERCANTILE EXCHANGE,cit,106100.0,9069.0,574244.0
CIT,combined,2025-06-03,057642,LIVE CATTLE - CHICAGO MERCANTILE EXCHANGE,comm,101218.0,262812.0,574244.0
CIT,combined,2025-06-03,057642,LIVE CATTLE - CHICAGO MERCANTILE EXCHANGE,noncomm,132772.0,36531.0,574244.0
CIT,combined,2025-06-03,057642,LIVE CATTLE - CHICAGO MERCANTILE EXCHANGE,nonrept,37351.0,69029.0,574244.0
CIT,combined,2025-06-03,073732,COCOA - ICE FUTURES U.S.,cit,19118.0,10144.0,131020.0
CIT,combined,2025-06-03,073732,COCOA - ICE FUTURES U.S.,comm,40102.0,62064.0,131020.0
CIT,combined,2025-06-03,073732,COCOA - ICE FUTURES U.S.,noncomm,18728.0,11775.0,131020.0
CIT,combined,2025-06-03,073732,COCOA - ICE FUTURES U.S.,nonrept,12037.0,6002.0,131020.0
CIT,combined,2025-06-03,080732,SUGAR NO. 11 - ICE FUTURES U.S.,cit,239772.0,67829.0,1016713.0
CIT,combined,2025-06-03,080732,SUGAR NO. 11 - ICE FUTURES U.S.,comm,359086.0,450230.0,1016713.0
CIT,combined,2025-06-03,080732,SUGAR NO. 11 - ICE FUTURES U.S.,noncomm,116605.0,190808.0,1016713.0
CIT,combined,2025-06-03,080732,SUGAR NO. 11 - ICE FUTURES U.S.,nonrept,64114.0,70709.0,1016713.0
CIT,combined,2025-06-03,083731,COFFEE C - ICE FUTURES U.S.,cit,40615.0,10681.0,199133.0
CIT,combined,2025-06-03,083731,COFFEE C - ICE FUTURES U.S.,comm,55575.0,109261.0,199133.0
CIT,combined,2025-06-03,083731,COFFEE C - ICE FUTURES U.S.,noncomm,31725.0,10013.0,199133.0
CIT,combined,2025-06-03,083731,COFFEE C - ICE FUTURES U.S.,nonrept,9284.0,7245.0,199133.0
CIT,combined,2025-06-10,001602,WHEAT-SRW - CHICAGO BOARD OF TRADE,cit,122181.0,85136.0,506252.0
CIT,combined,2025-06-10,001602,WHEAT-SRW - CHICAGO BOARD OF TRADE,comm,115749.0,66220.0,506252.0
CIT,combined,2025-06-10,001602,WHEAT-SRW - CHICAGO BOARD OF TRADE,noncomm,57261.0,145928.0,506252.0
CIT,combined,2025-06-10,001602,WHEAT-SRW - CHICAGO BOARD OF TRADE,nonrept,40843.0,38751.0,506252.0
CIT,combined,2025-06-10,002602,CORN - CHICAGO BOARD OF TRADE,cit,463398.0,169499.0,2099065.0
CIT,combined,2025-06-10,002602,CORN - CHICAGO BOARD OF TRADE,comm,686287.0,703707.0,2099065.0
CIT,combined,2025-06-10,002602,CORN - CHICAGO BOARD OF TRADE,noncomm,104350.0,367205.0,2099065.0
CIT,combined,2025-06-10,002602,CORN - CHICAGO BOARD OF TRADE,nonrept,201495.0,215117.0,2099065.0
CIT,combined,2025-06-10,005602,SOYBEANS - CHICAGO BOARD OF TRADE,cit,202792.0,44695.0,1038315.0
CIT,combined,2025-06-10,005602,SOYBEANS - CHICAGO BOARD OF TRADE,comm,368047.0,500859.0,1038315.0
CIT,combined,2025-06-10,005602,SOYBEANS - CHICAGO BOARD OF TRADE,noncomm,94855.0,109298.0,1038315.0
CIT,combined,2025-06-10,005602,SOYBEANS - CHICAGO BOARD OF TRADE,nonrept,59875.0,70717.0,1038315.0
CIT,combined,2025-06-10,057642,LIVE CATTLE - CHICAGO MERCANTILE EXCHANGE,cit,106577.0,8549.0,520139.0
CIT,combined,2025-06-10,057642,LIVE CATTLE - CHICAGO MERCANTILE EXCHANGE,comm,83604.0,253669.0,520139.0
CIT,combined,2025-06-10,057642,LIVE CATTLE - CHICAGO MERCANTILE EXCHANGE,noncomm,138866.0,34914.0,520139.0
CIT,combined,2025-06-10,057642,LIVE CATTLE - CHICAGO MERCANTILE EXCHANGE,nonrept,36593.0,68508.0,520139.0
CIT,combined,2025-06-10,073732,COCOA - ICE FUTURES U.S.,cit,19584.0,9166.0,130445.0
CIT,combined,2025-06-10,073732,COCOA - ICE FUTURES U.S.,comm,39998.0,62890.0,130445.0
CIT,combined,2025-06-10,073732,COCOA - ICE FUTURES U.S.,noncomm,18824.0,12566.0,130445.0
CIT,combined,2025-06-10,073732,COCOA - ICE FUTURES U.S.,nonrept,12222.0,6006.0,130445.0
CIT,combined,2025-06-10,080732,SUGAR NO. 11 - ICE FUTURES U.S.,cit,245918.0,78653.0,1057205.0
CIT,combined,2025-06-10,080732,SUGAR NO. 11 - ICE FUTURES U.S.,comm,381437.0,457345.0,1057205.0
CIT,combined,2025-06-10,080732,SUGAR NO. 11 - ICE FUTURES U.S.,noncomm,119869.0,205336.0,1057205.0
CIT,combined,2025-06-10,080732,SUGAR NO. 11 - ICE FUTURES U.S.,nonrept,75088.0,80977.0,1057205.0
CIT,combined,2025-06-10,083731,COFFEE C - ICE FUTURES U.S.,cit,41155.0,7306.0,198894.0
CIT,combined,2025-06-10,083731,COFFEE C - ICE FUTURES U.S.,comm,52763.0,113225.0,198894.0
CIT,combined,2025-06-10,083731,COFFEE C - ICE FUTURES U.S.,noncomm,33546.0,9417.0,198894.0
CIT,combined,2025-06-10,083731,COFFEE C - ICE FUTURES U.S.,nonrept,9759.0,7275.0,198894.0
CIT,combined,2025-06-17,001602,WHEAT-SRW - CHICAGO BOARD OF TRADE,cit,120198.0,79484.0,488423.0
CIT,combined,2025-06-17,001602,WHEAT-SRW - CHICAGO BOARD OF TRADE,comm,111520.0,70433.0,488423.0
CIT,combined,2025-06-17,001602,WHEAT-SRW - CHICAGO BOARD OF TRADE,noncomm,56807.0,137903.0,488423.0
CIT,combined,2025-06-17,001602,WHEAT-SRW - CHICAGO BOARD OF TRADE,nonrept,36693.0,37397.0,488423.0
CIT,combined,2025-06-17,002602,CORN - CHICAGO BOARD OF TRADE,cit,463047.0,170182.0,2078555.0
CIT,combined,2025-06-17,002602,CORN - CHICAGO BOARD OF TRADE,comm,670855.0,671731.0,2078555.0
CIT,combined,2025-06-17,002602,CORN - CHICAGO BOARD OF TRADE,noncomm,93502.0,367075.0,2078555.0
CIT,combined,2025-06-17,002602,CORN - CHICAGO BOARD OF TRADE,nonrept,202386.0,220802.0,2078555.0
CIT,combined,2025-06-17,005602,SOYBEANS - CHICAGO BOARD OF TRADE,cit,206710.0,44396.0,1040560.0
CIT,combined,2025-06-17,005602,SOYBEANS - CHICAGO BOARD OF TRADE,comm,352220.0,513217.0,1040560.0
CIT,combined,2025-06-17,005602,SOYBEANS - CHICAGO BOARD OF TRADE,noncomm,108203.0,96672.0,1040560.0
CIT,combined,2025-06-17,005602,SOYBEANS - CHICAGO BOARD OF TRADE,nonrept,59853.0,72701.0,1040560.0
CIT,combined,2025-06-17,057642,LIVE CATTLE - CHICAGO MERCANTILE EXCHANGE,cit,107337.0,7716.0,518679.0
CIT,combined,2025-06-17,057642,LIVE CATTLE - CHICAGO MERCANTILE EXCHANGE,comm,87975.0,255446.0,518679.0
CIT,combined,2025-06-17,057642,LIVE CATTLE - CHICAGO MERCANTILE EXCHANGE,noncomm,134104.0,34416.0,518679.0
CIT,combined,2025-06-17,057642,LIVE CATTLE - CHICAGO MERCANTILE EXCHANGE,nonrept,34908.0,66746.0,518679.0
CIT,combined,2025-06-17,073732,COCOA - ICE FUTURES U.S.,cit,18943.0,8900.0,107662.0
CIT,combined,2025-06-17,073732,COCOA - ICE FUTURES U.S.,comm,29407.0,51325.0,107662.0
CIT,combined,2025-06-17,073732,COCOA - ICE FUTURES U.S.,noncomm,18920.0,12660.0,107662.0
CIT,combined,2025-06-17,073732,COCOA - ICE FUTURES U.S.,nonrept,12277.0,6662.0,107662.0
CIT,combined,2025-06-17,080732,SUGAR NO. 11 - ICE FUTURES U.S.,cit,247537.0,60745.0,987411.0
CIT,combined,2025-06-17,080732,SUGAR NO. 11 - ICE FUTURES U.S.,comm,366799.0,448432.0,987411.0
CIT,combined,2025-06-17,080732,SUGAR NO. 11 - ICE FUTURES U.S.,noncomm,112339.0,214047.0,987411.0
CIT,combined,2025-06-17,080732,SUGAR NO. 11 - ICE FUTURES U.S.,nonrept,72533.0,75984.0,987411.0
CIT,combined,2025-06-17,083731,COFFEE C - ICE FUTURES U.S.,cit,40657.0,6517.0,174245.0
CIT,combined,2025-06-17,083731,COFFEE C - ICE FUTURES U.S.,comm,45332.0,102017.0,174245.0
CIT,combined,2025-06-17,083731,COFFEE C - ICE FUTURES U.S.,noncomm,30710.0,9952.0,174245.0
CIT,combined,2025-06-17,083731,COFFEE C - ICE FUTURES U.S.,nonrept,9362.0,7574.0,174245.0
CIT,combined,2025-06-24,001602,WHEAT-SRW - CHICAGO BOARD OF TRADE,cit,117993.0,65140.0,425436.0
CIT,combined,2025-06-24,001602,WHEAT-SRW - CHICAGO BOARD OF TRADE,comm,99055.0,70563.0,425436.0
CIT,combined,2025-06-24,001602,WHEAT-SRW - CHICAGO BOARD OF TRADE,noncomm,55636.0,132792.0,425436.0
CIT,combined,2025-06-24,001602,WHEAT-SRW - CHICAGO BOARD OF TRADE,nonrept,33079.0,37268.0,425436.0
CIT,combined,2025-06-24,002602,CORN - CHICAGO BOARD OF TRADE,cit,437280.0,153686.0,1881607.0
CIT,combined,2025-06-24,002602,CORN - CHICAGO BOARD OF TRADE,comm,625402.0,621612.0,1881607.0
CIT,combined,2025-06-24,002602,CORN - CHICAGO BOARD OF TRADE,noncomm,102826.0,376434.0,1881607.0
CIT,combined,2025-06-24,002602,CORN - CHICAGO BOARD OF TRADE,nonrept,197974.0,211751.0,1881607.0
CIT,combined,2025-06-24,005602,SOYBEANS - CHICAGO BOARD OF TRADE,cit,206895.0,36658.0,988599.0
CIT,combined,2025-06-24,005602,SOYBEANS - CHICAGO BOARD OF TRADE,comm,364882.0,488234.0,988599.0
CIT,combined,2025-06-24,005602,SOYBEANS - CHICAGO BOARD OF TRADE,noncomm,93093.0,126047.0,988599.0
CIT,combined,2025-06-24,005602,SOYBEANS - CHICAGO BOARD OF TRADE,nonrept,55421.0,69352.0,988599.0
CIT,combined,2025-06-24,057642,LIVE CATTLE - CHICAGO MERCANTILE EXCHANGE,cit,108339.0,7988.0,527319.0
CIT,combined,2025-06-24,057642,LIVE CATTLE - CHICAGO MERCANTILE EXCHANGE,comm,91823.0,257731.0,527319.0
CIT,combined,2025-06-24,057642,LIVE CATTLE - CHICAGO MERCANTILE EXCHANGE,noncomm,130278.0,33907.0,527319.0
CIT,combined,2025-06-24,057642,LIVE CATTLE - CHICAGO MERCANTILE EXCHANGE,nonrept,35807.0,66620.0,527319.0
CIT,combined,2025-06-24,073732,COCOA - ICE FUTURES U.S.,cit,19395.0,8141.0,108490.0
CIT,combined,2025-06-24,073732,COCOA - ICE FUTURES U.S.,comm,32516.0,50771.0,108490.0
CIT,combined,2025-06-24,073732,COCOA - ICE FUTURES U.S.,noncomm,16023.0,13464.0,108490.0
CIT,combined,2025-06-24,073732,COCOA - ICE FUTURES U.S.,nonrept,10749.0,6306.0,108490.0
CIT,combined,2025-06-24,080732,SUGAR NO. 11 - ICE FUTURES U.S.,cit,246683.0,57925.0,976867.0
CIT,combined,2025-06-24,080732,SUGAR NO. 11 - ICE FUTURES U.S.,comm,353824.0,429594.0,976867.0
CIT,combined,2025-06-24,080732,SUGAR NO. 11 - ICE FUTURES U.S.,noncomm,110271.0,219474.0,976867.0
CIT,combined,2025-06-24,080732,SUGAR NO. 11 - ICE FUTURES U.S.,nonrept,75372.0,79156.0,976867.0
CIT,combined,2025-06-24,083731,COFFEE C - ICE FUTURES U.S.,cit,41010.0,7369.0,183798.0
CIT,combined,2025-06-24,083731,COFFEE C - ICE FUTURES U.S.,comm,50051.0,101298.0,183798.0
CIT,combined,2025-06-24,083731,COFFEE C - ICE FUTURES U.S.,noncomm,29259.0,13261.0,183798.0
CIT,combined,2025-06-24,083731,COFFEE C - ICE FUTURES U.S.,nonrept,8493.0,6886.0,183798.0
CIT,combined,2025-07-01,001602,WHEAT-SRW - CHICAGO BOARD OF TRADE,cit,120858.0,67466.0,434482.0
CIT,combined,2025-07-01,001602,WHEAT-SRW - CHICAGO BOARD OF TRADE,comm,95524.0,70087.0,434482.0
CIT,combined,2025-07-01,001602,WHEAT-SRW - CHICAGO BOARD OF TRADE,noncomm,60841.0,134996.0,434482.0
CIT,combined,2025-07-01,001602,WHEAT-SRW - CHICAGO BOARD OF TRADE,nonrept,32530.0,37204.0,434482.0
CIT,combined,2025-07-01,002602,CORN - CHICAGO BOARD OF TRADE,cit,451570.0,167308.0,1886298.0
CIT,combined,2025-07-01,002602,CORN - CHICAGO BOARD OF TRADE,comm,605535.0,564895.0,1886298.0
CIT,combined,2025-07-01,002602,CORN - CHICAGO BOARD OF TRADE,noncomm,111095.0,412385.0,1886298.0
CIT,combined,2025-07-01,002602,CORN - CHICAGO BOARD OF TRADE,nonrept,184641.0,208253.0,1886298.0
CIT,combined,2025-07-01,005602,SOYBEANS - CHICAGO BOARD OF TRADE,cit,204074.0,42370.0,1024333.0
CIT,combined,2025-07-01,005602,SOYBEANS - CHICAGO BOARD OF TRADE,comm,389120.0,482211.0,1024333.0
CIT,combined,2025-07-01,005602,SOYBEANS - CHICAGO BOARD OF TRADE,noncomm,82981.0,135231.0,1024333.0
CIT,combined,2025-07-01,005602,SOYBEANS - CHICAGO BOARD OF TRADE,nonrept,51852.0,68216.0,1024333.0
CIT,combined,2025-07-01,057642,LIVE CATTLE - CHICAGO MERCANTILE EXCHANGE,cit,108365.0,8504.0,525421.0
CIT,combined,2025-07-01,057642,LIVE CATTLE - CHICAGO MERCANTILE EXCHANGE,comm,98815.0,259294.0,525421.0
CIT,combined,2025-07-01,057642,LIVE CATTLE - CHICAGO MERCANTILE EXCHANGE,noncomm,123667.0,32026.0,525421.0
CIT,combined,2025-07-01,057642,LIVE CATTLE - CHICAGO MERCANTILE EXCHANGE,nonrept,33619.0,64643.0,525421.0
CIT,combined,2025-07-01,073732,COCOA - ICE FUTURES U.S.,cit,20398.0,8413.0,111207.0
CIT,combined,2025-07-01,073732,COCOA - ICE FUTURES U.S.,comm,34286.0,53347.0,111207.0
CIT,combined,2025-07-01,073732,COCOA - ICE FUTURES U.S.,noncomm,16373.0,13275.0,111207.0
CIT,combined,2025-07-01,073732,COCOA - ICE FUTURES U.S.,nonrept,10038.0,6061.0,111207.0
CIT,combined,2025-07-01,080732,SUGAR NO. 11 - ICE FUTURES U.S.,cit,246534.0,60940.0,975567.0
CIT,combined,2025-07-01,080732,SUGAR NO. 11 - ICE FUTURES U.S.,comm,346991.0,399609.0,975567.0
CIT,combined,2025-07-01,080732,SUGAR NO. 11 - ICE FUTURES U.S.,noncomm,108407.0,233241.0,975567.0
CIT,combined,2025-07-01,080732,SUGAR NO. 11 - ICE FUTURES U.S.,nonrept,65679.0,73822.0,975567.0
CIT,combined,2025-07-01,083731,COFFEE C - ICE FUTURES U.S.,cit,40969.0,8449.0,192260.0
CIT,combined,2025-07-01,083731,COFFEE C - ICE FUTURES U.S.,comm,53173.0,102393.0,192260.0
CIT,combined,2025-07-01,083731,COFFEE C - ICE FUTURES U.S.,noncomm,29140.0,14447.0,192260.0
CIT,combined,2025-07-01,083731,COFFEE C - ICE FUTURES U.S.,nonrept,7760.0,5752.0,192260.0
CIT,combined,2025-07-08,001602,WHEAT-SRW - CHICAGO BOARD OF TRADE,cit,124502.0,64003.0,446165.0
CIT,combined,2025-07-08,001602,WHEAT-SRW - CHICAGO BOARD OF TRADE,comm,97043.0,76565.0,446165.0
CIT,combined,2025-07-08,001602,WHEAT-SRW - CHICAGO BOARD OF TRADE,noncomm,63277.0,137682.0,446165.0
CIT,combined,2025-07-08,001602,WHEAT-SRW - CHICAGO BOARD OF TRADE,nonrept,30986.0,37558.0,446165.0
CIT,combined,2025-07-08,002602,CORN - CHICAGO BOARD OF TRADE,cit,449757.0,167601.0,1945043.0
CIT,combined,2025-07-08,002602,CORN - CHICAGO BOARD OF TRADE,comm,623500.0,587483.0,1945043.0
CIT,combined,2025-07-08,002602,CORN - CHICAGO BOARD OF TRADE,noncomm,107912.0,392104.0,1945043.0
CIT,combined,2025-07-08,002602,CORN - CHICAGO BOARD OF TRADE,nonrept,184078.0,218060.0,1945043.0
CIT,combined,2025-07-08,005602,SOYBEANS - CHICAGO BOARD OF TRADE,cit,206230.0,43274.0,1045797.0
CIT,combined,2025-07-08,005602,SOYBEANS - CHICAGO BOARD OF TRADE,comm,407059.0,489980.0,1045797.0
CIT,combined,2025-07-08,005602,SOYBEANS - CHICAGO BOARD OF TRADE,noncomm,77959.0,141094.0,1045797.0
CIT,combined,2025-07-08,005602,SOYBEANS - CHICAGO BOARD OF TRADE,nonrept,54158.0,71058.0,1045797.0
CIT,combined,2025-07-08,057642,LIVE CATTLE - CHICAGO MERCANTILE EXCHANGE,cit,108237.0,8000.0,522969.0
CIT,combined,2025-07-08,057642,LIVE CATTLE - CHICAGO MERCANTILE EXCHANGE,comm,97865.0,253188.0,522969.0
CIT,combined,2025-07-08,057642,LIVE CATTLE - CHICAGO MERCANTILE EXCHANGE,noncomm,125412.0,36575.0,522969.0
CIT,combined,2025-07-08,057642,LIVE CATTLE - CHICAGO MERCANTILE EXCHANGE,nonrept,32583.0,66334.0,522969.0
CIT,combined,2025-07-08,073732,COCOA - ICE FUTURES U.S.,cit,20312.0,9177.0,115892.0
CIT,combined,2025-07-08,073732,COCOA - ICE FUTURES U.S.,comm,36973.0,55097.0,115892.0
CIT,combined,2025-07-08,073732,COCOA - ICE FUTURES U.S.,noncomm,15844.0,12867.0,115892.0
CIT,combined,2025-07-08,073732,COCOA - ICE FUTURES U.S.,nonrept,10142.0,6130.0,115892.0
CIT,combined,2025-07-08,080732,SUGAR NO. 11 - ICE FUTURES U.S.,cit,245341.0,63006.0,985518.0
CIT,combined,2025-07-08,080732,SUGAR NO. 11 - ICE FUTURES U.S.,comm,348050.0,398137.0,985518.0
CIT,combined,2025-07-08,080732,SUGAR NO. 11 - ICE FUTURES U.S.,noncomm,111435.0,231257.0,985518.0
CIT,combined,2025-07-08,080732,SUGAR NO. 11 - ICE FUTURES U.S.,nonrept,63757.0,76183.0,985518.0
CIT,combined,2025-07-08,083731,COFFEE C - ICE FUTURES U.S.,cit,41168.0,9907.0,198530.0
CIT,combined,2025-07-08,083731,COFFEE C - ICE FUTURES U.S.,comm,54213.0,102184.0,198530.0
CIT,combined,2025-07-08,083731,COFFEE C - ICE FUTURES U.S.,noncomm,30046.0,14338.0,198530.0
CIT,combined,2025-07-08,083731,COFFEE C - ICE FUTURES U.S.,nonrept,7633.0,6631.0,198530.0
CIT,combined,2025-07-15,001602,WHEAT-SRW - CHICAGO BOARD OF TRADE,cit,128098.0,67103.0,469176.0
CIT,combined,2025-07-15,001602,WHEAT-SRW - CHICAGO BOARD OF TRADE,comm,99533.0,78122.0,469176.0
CIT,combined,2025-07-15,001602,WHEAT-SRW - CHICAGO BOARD OF TRADE,noncomm,67764.0,146163.0,469176.0
CIT,combined,2025-07-15,001602,WHEAT-SRW - CHICAGO BOARD OF TRADE,nonrept,33813.0,37820.0,469176.0
CIT,combined,2025-07-15,002602,CORN - CHICAGO BOARD OF TRADE,cit,442816.0,166690.0,1917080.0
CIT,combined,2025-07-15,002602,CORN - CHICAGO BOARD OF TRADE,comm,589459.0,563678.0,1917080.0
CIT,combined,2025-07-15,002602,CORN - CHICAGO BOARD OF TRADE,noncomm,107995.0,372196.0,1917080.0
CIT,combined,2025-07-15,002602,CORN - CHICAGO BOARD OF TRADE,nonrept,179663.0,217368.0,1917080.0
CIT,combined,2025-07-15,005602,SOYBEANS - CHICAGO BOARD OF TRADE,cit,210706.0,52077.0,1115805.0
CIT,combined,2025-07-15,005602,SOYBEANS - CHICAGO BOARD OF TRADE,comm,451632.0,503550.0,1115805.0
CIT,combined,2025-07-15,005602,SOYBEANS - CHICAGO BOARD OF TRADE,noncomm,74381.0,163607.0,1115805.0
CIT,combined,2025-07-15,005602,SOYBEANS - CHICAGO BOARD OF TRADE,nonrept,54043.0,71529.0,1115805.0
CIT,combined,2025-07-15,057642,LIVE CATTLE - CHICAGO MERCANTILE EXCHANGE,cit,106148.0,5501.0,535724.0
CIT,combined,2025-07-15,057642,LIVE CATTLE - CHICAGO MERCANTILE EXCHANGE,comm,93491.0,253508.0,535724.0
CIT,combined,2025-07-15,057642,LIVE CATTLE - CHICAGO MERCANTILE EXCHANGE,noncomm,130013.0,36378.0,535724.0
CIT,combined,2025-07-15,057642,LIVE CATTLE - CHICAGO MERCANTILE EXCHANGE,nonrept,34428.0,68694.0,535724.0
CIT,combined,2025-07-15,073732,COCOA - ICE FUTURES U.S.,cit,20187.0,9732.0,119006.0
CIT,combined,2025-07-15,073732,COCOA - ICE FUTURES U.S.,comm,38923.0,56445.0,119006.0
CIT,combined,2025-07-15,073732,COCOA - ICE FUTURES U.S.,noncomm,14884.0,12076.0,119006.0
CIT,combined,2025-07-15,073732,COCOA - ICE FUTURES U.S.,nonrept,11308.0,7049.0,119006.0
CIT,combined,2025-07-15,080732,SUGAR NO. 11 - ICE FUTURES U.S.,cit,243980.0,61504.0,993882.0
CIT,combined,2025-07-15,080732,SUGAR NO. 11 - ICE FUTURES U.S.,comm,350312.0,410887.0,993882.0
CIT,combined,2025-07-15,080732,SUGAR NO. 11 - ICE FUTURES U.S.,noncomm,115389.0,225636.0,993882.0
CIT,combined,2025-07-15,080732,SUGAR NO. 11 - ICE FUTURES U.S.,nonrept,65757.0,77412.0,993882.0
CIT,combined,2025-07-15,083731,COFFEE C - ICE FUTURES U.S.,cit,42412.0,9175.0,193389.0
CIT,combined,2025-07-15,083731,COFFEE C - ICE FUTURES U.S.,comm,50268.0,100711.0,193389.0
CIT,combined,2025-07-15,083731,COFFEE C - ICE FUTURES U.S.,noncomm,30282.0,13875.0,193389.0
CIT,combined,2025-07-15,083731,COFFEE C - ICE FUTURES U.S.,nonrept,7388.0,6588.0,193389.0
CIT,combined,2025-07-22,001602,WHEAT-SRW - CHICAGO BOARD OF TRADE,cit,130153.0,69745.0,492164.0
CIT,combined,2025-07-22,001602,WHEAT-SRW - CHICAGO BOARD OF TRADE,comm,100444.0,86652.0,492164.0
CIT,combined,2025-07-22,001602,WHEAT-SRW - CHICAGO BOARD OF TRADE,noncomm,76544.0,145053.0,492164.0
CIT,combined,2025-07-22,001602,WHEAT-SRW - CHICAGO BOARD OF TRADE,nonrept,33011.0,38701.0,492164.0
CIT,combined,2025-07-22,002602,CORN - CHICAGO BOARD OF TRADE,cit,450345.0,175268.0,1968667.0
CIT,combined,2025-07-22,002602,CORN - CHICAGO BOARD OF TRADE,comm,603519.0,568014.0,1968667.0
CIT,combined,2025-07-22,002602,CORN - CHICAGO BOARD OF TRADE,noncomm,106085.0,370055.0,1968667.0
CIT,combined,2025-07-22,002602,CORN - CHICAGO BOARD OF TRADE,nonrept,178272.0,224885.0,1968667.0
CIT,combined,2025-07-22,005602,SOYBEANS - CHICAGO BOARD OF TRADE,cit,220025.0,53325.0,1144600.0
CIT,combined,2025-07-22,005602,SOYBEANS - CHICAGO BOARD OF TRADE,comm,454270.0,534126.0,1144600.0
CIT,combined,2025-07-22,005602,SOYBEANS - CHICAGO BOARD OF TRADE,noncomm,74613.0,141749.0,1144600.0
CIT,combined,2025-07-22,005602,SOYBEANS - CHICAGO BOARD OF TRADE,nonrept,51604.0,71311.0,1144600.0
CIT,combined,2025-07-22,057642,LIVE CATTLE - CHICAGO MERCANTILE EXCHANGE,cit,106652.0,6433.0,549947.0
CIT,combined,2025-07-22,057642,LIVE CATTLE - CHICAGO MERCANTILE EXCHANGE,comm,96449.0,256839.0,549947.0
CIT,combined,2025-07-22,057642,LIVE CATTLE - CHICAGO MERCANTILE EXCHANGE,noncomm,131696.0,37064.0,549947.0
CIT,combined,2025-07-22,057642,LIVE CATTLE - CHICAGO MERCANTILE EXCHANGE,nonrept,34887.0,69347.0,549947.0
CIT,combined,2025-07-22,073732,COCOA - ICE FUTURES U.S.,cit,20505.0,5323.0,114895.0
CIT,combined,2025-07-22,073732,COCOA - ICE FUTURES U.S.,comm,37278.0,56614.0,114895.0
CIT,combined,2025-07-22,073732,COCOA - ICE FUTURES U.S.,noncomm,12571.0,12381.0,114895.0
CIT,combined,2025-07-22,073732,COCOA - ICE FUTURES U.S.,nonrept,10662.0,6698.0,114895.0
CIT,combined,2025-07-22,080732,SUGAR NO. 11 - ICE FUTURES U.S.,cit,246014.0,63183.0,999710.0
CIT,combined,2025-07-22,080732,SUGAR NO. 11 - ICE FUTURES U.S.,comm,363079.0,417785.0,999710.0
CIT,combined,2025-07-22,080732,SUGAR NO. 11 - ICE FUTURES U.S.,noncomm,110718.0,227844.0,999710.0
CIT,combined,2025-07-22,080732,SUGAR NO. 11 - ICE FUTURES U.S.,nonrept,65692.0,76691.0,999710.0
CIT,combined,2025-07-22,083731,COFFEE C - ICE FUTURES U.S.,cit,43201.0,9941.0,196986.0
CIT,combined,2025-07-22,083731,COFFEE C - ICE FUTURES U.S.,comm,49855.0,100800.0,196986.0
CIT,combined,2025-07-22,083731,COFFEE C - ICE FUTURES U.S.,noncomm,30795.0,13794.0,196986.0
CIT,combined,2025-07-22,083731,COFFEE C - ICE FUTURES U.S.,nonrept,7354.0,6670.0,196986.0
CIT,combined,2025-07-29,001602,WHEAT-SRW - CHICAGO BOARD OF TRADE,cit,135033.0,74580.0,496782.0
CIT,combined,2025-07-29,001602,WHEAT-SRW - CHICAGO BOARD OF TRADE,comm,112629.0,88703.0,496782.0
CIT,combined,2025-07-29,001602,WHEAT-SRW - CHICAGO BOARD OF TRADE,noncomm,70375.0,154013.0,496782.0
CIT,combined,2025-07-29,001602,WHEAT-SRW - CHICAGO BOARD OF TRADE,nonrept,37959.0,38700.0,496782.0
CIT,combined,2025-07-29,002602,CORN - CHICAGO BOARD OF TRADE,cit,450612.0,175709.0,2007616.0
CIT,combined,2025-07-29,002602,CORN - CHICAGO BOARD OF TRADE,comm,624198.0,581103.0,2007616.0
CIT,combined,2025-07-29,002602,CORN - CHICAGO BOARD OF TRADE,noncomm,113864.0,383343.0,2007616.0
CIT,combined,2025-07-29,002602,CORN - CHICAGO BOARD OF TRADE,nonrept,181699.0,230218.0,2007616.0
CIT,combined,2025-07-29,005602,SOYBEANS - CHICAGO BOARD OF TRADE,cit,219724.0,49113.0,1069384.0
CIT,combined,2025-07-29,005602,SOYBEANS - CHICAGO BOARD OF TRADE,comm,431945.0,490885.0,1069384.0
CIT,combined,2025-07-29,005602,SOYBEANS - CHICAGO BOARD OF TRADE,noncomm,70297.0,162664.0,1069384.0
CIT,combined,2025-07-29,005602,SOYBEANS - CHICAGO BOARD OF TRADE,nonrept,52655.0,71960.0,1069384.0
CIT,combined,2025-07-29,057642,LIVE CATTLE - CHICAGO MERCANTILE EXCHANGE,cit,106177.0,6241.0,560009.0
CIT,combined,2025-07-29,057642,LIVE CATTLE - CHICAGO MERCANTILE EXCHANGE,comm,97580.0,257113.0,560009.0
CIT,combined,2025-07-29,057642,LIVE CATTLE - CHICAGO MERCANTILE EXCHANGE,noncomm,130980.0,37424.0,560009.0
CIT,combined,2025-07-29,057642,LIVE CATTLE - CHICAGO MERCANTILE EXCHANGE,nonrept,35584.0,69543.0,560009.0
CIT,combined,2025-07-29,073732,COCOA - ICE FUTURES U.S.,cit,23763.0,5831.0,116109.0
CIT,combined,2025-07-29,073732,COCOA - ICE FUTURES U.S.,comm,35723.0,57124.0,116109.0
CIT,combined,2025-07-29,073732,COCOA - ICE FUTURES U.S.,noncomm,12731.0,12451.0,116109.0
CIT,combined,2025-07-29,073732,COCOA - ICE FUTURES U.S.,nonrept,10228.0,7040.0,116109.0
CIT,combined,2025-07-29,080732,SUGAR NO. 11 - ICE FUTURES U.S.,cit,249945.0,63002.0,1009667.0
CIT,combined,2025-07-29,080732,SUGAR NO. 11 - ICE FUTURES U.S.,comm,361428.0,423290.0,1009667.0
CIT,combined,2025-07-29,080732,SUGAR NO. 11 - ICE FUTURES U.S.,noncomm,110342.0,231825.0,1009667.0
CIT,combined,2025-07-29,080732,SUGAR NO. 11 - ICE FUTURES U.S.,nonrept,68403.0,72001.0,1009667.0
CIT,combined,2025-07-29,083731,COFFEE C - ICE FUTURES U.S.,cit,44177.0,11115.0,200444.0
CIT,combined,2025-07-29,083731,COFFEE C - ICE FUTURES U.S.,comm,49652.0,99075.0,200444.0
CIT,combined,2025-07-29,083731,COFFEE C - ICE FUTURES U.S.,noncomm,29842.0,13833.0,200444.0
CIT,combined,2025-07-29,083731,COFFEE C - ICE FUTURES U.S.,nonrept,7618.0,7265.0,200444.0
CIT,combined,2025-08-05,001602,WHEAT-SRW - CHICAGO BOARD OF TRADE,cit,133369.0,76247.0,551542.0
CIT,combined,2025-08-05,001602,WHEAT-SRW - CHICAGO BOARD OF TRADE,comm,125786.0,92191.0,551542.0
CIT,combined,2025-08-05,001602,WHEAT-SRW - CHICAGO BOARD OF TRADE,noncomm,78672.0,169571.0,551542.0
CIT,combined,2025-08-05,001602,WHEAT-SRW - CHICAGO BOARD OF TRADE,nonrept,41658.0,41476.0,551542.0
CIT,combined,2025-08-05,002602,CORN - CHICAGO BOARD OF TRADE,cit,453009.0,186437.0,2105137.0
CIT,combined,2025-08-05,002602,CORN - CHICAGO BOARD OF TRADE,comm,636370.0,594616.0,2105137.0
CIT,combined,2025-08-05,002602,CORN - CHICAGO BOARD OF TRADE,noncomm,126694.0,374525.0,2105137.0
CIT,combined,2025-08-05,002602,CORN - CHICAGO BOARD OF TRADE,nonrept,183973.0,244468.0,2105137.0
CIT,combined,2025-08-05,005602,SOYBEANS - CHICAGO BOARD OF TRADE,cit,226499.0,60802.0,1098923.0
CIT,combined,2025-08-05,005602,SOYBEANS - CHICAGO BOARD OF TRADE,comm,424458.0,455336.0,1098923.0
CIT,combined,2025-08-05,005602,SOYBEANS - CHICAGO BOARD OF TRADE,noncomm,62127.0,178357.0,1098923.0
CIT,combined,2025-08-05,005602,SOYBEANS - CHICAGO BOARD OF TRADE,nonrept,55844.0,74433.0,1098923.0
CIT,combined,2025-08-05,057642,LIVE CATTLE - CHICAGO MERCANTILE EXCHANGE,cit,103999.0,5300.0,511308.0
CIT,combined,2025-08-05,057642,LIVE CATTLE - CHICAGO MERCANTILE EXCHANGE,comm,89846.0,244410.0,511308.0
CIT,combined,2025-08-05,057642,LIVE CATTLE - CHICAGO MERCANTILE EXCHANGE,noncomm,128650.0,39269.0,511308.0
CIT,combined,2025-08-05,057642,LIVE CATTLE - CHICAGO MERCANTILE EXCHANGE,nonrept,33589.0,67105.0,511308.0
CIT,combined,2025-08-05,073732,COCOA - ICE FUTURES U.S.,cit,22628.0,5291.0,116323.0
CIT,combined,2025-08-05,073732,COCOA - ICE FUTURES U.S.,comm,35624.0,56844.0,116323.0
CIT,combined,2025-08-05,073732,COCOA - ICE FUTURES U.S.,noncomm,13382.0,12890.0,116323.0
CIT,combined,2025-08-05,073732,COCOA - ICE FUTURES U.S.,nonrept,10473.0,7081.0,116323.0
CIT,combined,2025-08-05,080732,SUGAR NO. 11 - ICE FUTURES U.S.,cit,251462.0,69001.0,1030852.0
CIT,combined,2025-08-05,080732,SUGAR NO. 11 - ICE FUTURES U.S.,comm,380230.0,411688.0,1030852.0
CIT,combined,2025-08-05,080732,SUGAR NO. 11 - ICE FUTURES U.S.,noncomm,104594.0,243731.0,1030852.0
CIT,combined,2025-08-05,080732,SUGAR NO. 11 - ICE FUTURES U.S.,nonrept,66061.0,77928.0,1030852.0
CIT,combined,2025-08-05,083731,COFFEE C - ICE FUTURES U.S.,cit,44463.0,12894.0,207585.0
CIT,combined,2025-08-05,083731,COFFEE C - ICE FUTURES U.S.,comm,49173.0,97525.0,207585.0
CIT,combined,2025-08-05,083731,COFFEE C - ICE FUTURES U.S.,noncomm,30484.0,14174.0,207585.0
CIT,combined,2025-08-05,083731,COFFEE C - ICE FUTURES U.S.,nonrept,7779.0,7305.0,207585.0
CIT,combined,2025-08-12,001602,WHEAT-SRW - CHICAGO BOARD OF TRADE,cit,129796.0,74357.0,550490.0
CIT,combined,2025-08-12,001602,WHEAT-SRW - CHICAGO BOARD OF TRADE,comm,129038.0,87394.0,550490.0
CIT,combined,2025-08-12,001602,WHEAT-SRW - CHICAGO BOARD OF TRADE,noncomm,80269.0,180665.0,550490.0
CIT,combined,2025-08-12,001602,WHEAT-SRW - CHICAGO BOARD OF TRADE,nonrept,42782.0,39468.0,550490.0
CIT,combined,2025-08-12,002602,CORN - CHICAGO BOARD OF TRADE,cit,441816.0,179771.0,2115219.0
CIT,combined,2025-08-12,002602,CORN - CHICAGO BOARD OF TRADE,comm,670119.0,630026.0,2115219.0
CIT,combined,2025-08-12,002602,CORN - CHICAGO BOARD OF TRADE,noncomm,131959.0,389815.0,2115219.0
CIT,combined,2025-08-12,002602,CORN - CHICAGO BOARD OF TRADE,nonrept,187015.0,231298.0,2115219.0
CIT,combined,2025-08-12,005602,SOYBEANS - CHICAGO BOARD OF TRADE,cit,223533.0,66639.0,1107672.0
CIT,combined,2025-08-12,005602,SOYBEANS - CHICAGO BOARD OF TRADE,comm,418837.0,478274.0,1107672.0
CIT,combined,2025-08-12,005602,SOYBEANS - CHICAGO BOARD OF TRADE,noncomm,63799.0,144675.0,1107672.0
CIT,combined,2025-08-12,005602,SOYBEANS - CHICAGO BOARD OF TRADE,nonrept,55629.0,72209.0,1107672.0
CIT,combined,2025-08-12,057642,LIVE CATTLE - CHICAGO MERCANTILE EXCHANGE,cit,103723.0,4669.0,515604.0
CIT,combined,2025-08-12,057642,LIVE CATTLE - CHICAGO MERCANTILE EXCHANGE,comm,91913.0,246356.0,515604.0
CIT,combined,2025-08-12,057642,LIVE CATTLE - CHICAGO MERCANTILE EXCHANGE,noncomm,126973.0,38059.0,515604.0
CIT,combined,2025-08-12,057642,LIVE CATTLE - CHICAGO MERCANTILE EXCHANGE,nonrept,32636.0,66162.0,515604.0
CIT,combined,2025-08-12,073732,COCOA - ICE FUTURES U.S.,cit,21591.0,4732.0,115185.0
CIT,combined,2025-08-12,073732,COCOA - ICE FUTURES U.S.,comm,35070.0,59343.0,115185.0
CIT,combined,2025-08-12,073732,COCOA - ICE FUTURES U.S.,noncomm,15438.0,13030.0,115185.0
CIT,combined,2025-08-12,073732,COCOA - ICE FUTURES U.S.,nonrept,12150.0,7143.0,115185.0
CIT,combined,2025-08-12,080732,SUGAR NO. 11 - ICE FUTURES U.S.,cit,248478.0,70187.0,1040513.0
CIT,combined,2025-08-12,080732,SUGAR NO. 11 - ICE FUTURES U.S.,comm,371777.0,434710.0,1040513.0
CIT,combined,2025-08-12,080732,SUGAR NO. 11 - ICE FUTURES U.S.,noncomm,114439.0,236312.0,1040513.0
CIT,combined,2025-08-12,080732,SUGAR NO. 11 - ICE FUTURES U.S.,nonrept,76329.0,69813.0,1040513.0
CIT,combined,2025-08-12,083731,COFFEE C - ICE FUTURES U.S.,cit,43002.0,9076.0,176165.0
CIT,combined,2025-08-12,083731,COFFEE C - ICE FUTURES U.S.,comm,37828.0,89425.0,176165.0
CIT,combined,2025-08-12,083731,COFFEE C - ICE FUTURES U.S.,noncomm,29100.0,12123.0,176165.0
CIT,combined,2025-08-12,083731,COFFEE C - ICE FUTURES U.S.,nonrept,7951.0,7256.0,176165.0
CIT,combined,2025-08-19,001602,WHEAT-SRW - CHICAGO BOARD OF TRADE,cit,131598.0,74302.0,558748.0
CIT,combined,2025-08-19,001602,WHEAT-SRW - CHICAGO BOARD OF TRADE,comm,142567.0,96047.0,558748.0
CIT,combined,2025-08-19,001602,WHEAT-SRW - CHICAGO BOARD OF TRADE,noncomm,74170.0,181602.0,558748.0
CIT,combined,2025-08-19,001602,WHEAT-SRW - CHICAGO BOARD OF TRADE,nonrept,41313.0,37697.0,558748.0
CIT,combined,2025-08-19,002602,CORN - CHICAGO BOARD OF TRADE,cit,436526.0,167824.0,2088293.0
CIT,combined,2025-08-19,002602,CORN - CHICAGO BOARD OF TRADE,comm,681685.0,671837.0,2088293.0
CIT,combined,2025-08-19,002602,CORN - CHICAGO BOARD OF TRADE,noncomm,146439.0,390000.0,2088293.0
CIT,combined,2025-08-19,002602,CORN - CHICAGO BOARD OF TRADE,nonrept,181970.0,216959.0,2088293.0
CIT,combined,2025-08-19,005602,SOYBEANS - CHICAGO BOARD OF TRADE,cit,223746.0,55667.0,1126728.0
CIT,combined,2025-08-19,005602,SOYBEANS - CHICAGO BOARD OF TRADE,comm,440722.0,536717.0,1126728.0
CIT,combined,2025-08-19,005602,SOYBEANS - CHICAGO BOARD OF TRADE,noncomm,63134.0,117071.0,1126728.0
CIT,combined,2025-08-19,005602,SOYBEANS - CHICAGO BOARD OF TRADE,nonrept,55715.0,73862.0,1126728.0
CIT,combined,2025-08-19,057642,LIVE CATTLE - CHICAGO MERCANTILE EXCHANGE,cit,103918.0,5918.0,529257.0
CIT,combined,2025-08-19,057642,LIVE CATTLE - CHICAGO MERCANTILE EXCHANGE,comm,93130.0,248782.0,529257.0
CIT,combined,2025-08-19,057642,LIVE CATTLE - CHICAGO MERCANTILE EXCHANGE,noncomm,129321.0,39171.0,529257.0
CIT,combined,2025-08-19,057642,LIVE CATTLE - CHICAGO MERCANTILE EXCHANGE,nonrept,32198.0,64697.0,529257.0
CIT,combined,2025-08-19,073732,COCOA - ICE FUTURES U.S.,cit,23165.0,5466.0,109516.0
CIT,combined,2025-08-19,073732,COCOA - ICE FUTURES U.S.,comm,31629.0,54014.0,109516.0
CIT,combined,2025-08-19,073732,COCOA - ICE FUTURES U.S.,noncomm,14001.0,13587.0,109516.0
CIT,combined,2025-08-19,073732,COCOA - ICE FUTURES U.S.,nonrept,11509.0,7237.0,109516.0
CIT,combined,2025-08-19,080732,SUGAR NO. 11 - ICE FUTURES U.S.,cit,250212.0,66601.0,1038222.0
CIT,combined,2025-08-19,080732,SUGAR NO. 11 - ICE FUTURES U.S.,comm,383927.0,436551.0,1038222.0
CIT,combined,2025-08-19,080732,SUGAR NO. 11 - ICE FUTURES U.S.,noncomm,106279.0,236867.0,1038222.0
CIT,combined,2025-08-19,080732,SUGAR NO. 11 - ICE FUTURES U.S.,nonrept,73086.0,73485.0,1038222.0
CIT,combined,2025-08-19,083731,COFFEE C - ICE FUTURES U.S.,cit,43954.0,6025.0,188038.0
CIT,combined,2025-08-19,083731,COFFEE C - ICE FUTURES U.S.,comm,44286.0,99862.0,188038.0
CIT,combined,2025-08-19,083731,COFFEE C - ICE FUTURES U.S.,noncomm,29438.0,13237.0,188038.0
CIT,combined,2025-08-19,083731,COFFEE C - ICE FUTURES U.S.,nonrept,8011.0,6564.0,188038.0
CIT,combined,2025-08-26,001602,WHEAT-SRW - CHICAGO BOARD OF TRADE,cit,121646.0,63481.0,493402.0
CIT,combined,2025-08-26,001602,WHEAT-SRW - CHICAGO BOARD OF TRADE,comm,118290.0,82744.0,493402.0
CIT,combined,2025-08-26,001602,WHEAT-SRW - CHICAGO BOARD OF TRADE,noncomm,77959.0,172995.0,493402.0
CIT,combined,2025-08-26,001602,WHEAT-SRW - CHICAGO BOARD OF TRADE,nonrept,36537.0,35212.0,493402.0
CIT,combined,2025-08-26,002602,CORN - CHICAGO BOARD OF TRADE,cit,426689.0,132139.0,1848252.0
CIT,combined,2025-08-26,002602,CORN - CHICAGO BOARD OF TRADE,comm,624971.0,651309.0,1848252.0
CIT,combined,2025-08-26,002602,CORN - CHICAGO BOARD OF TRADE,noncomm,140414.0,372897.0,1848252.0
CIT,combined,2025-08-26,002602,CORN - CHICAGO BOARD OF TRADE,nonrept,172396.0,208125.0,1848252.0
CIT,combined,2025-08-26,005602,SOYBEANS - CHICAGO BOARD OF TRADE,cit,220584.0,44337.0,1056637.0
CIT,combined,2025-08-26,005602,SOYBEANS - CHICAGO BOARD OF TRADE,comm,412800.0,527394.0,1056637.0
CIT,combined,2025-08-26,005602,SOYBEANS - CHICAGO BOARD OF TRADE,noncomm,75845.0,117727.0,1056637.0
CIT,combined,2025-08-26,005602,SOYBEANS - CHICAGO BOARD OF TRADE,nonrept,55566.0,75337.0,1056637.0
CIT,combined,2025-08-26,057642,LIVE CATTLE - CHICAGO MERCANTILE EXCHANGE,cit,103963.0,6920.0,551154.0
CIT,combined,2025-08-26,057642,LIVE CATTLE - CHICAGO MERCANTILE EXCHANGE,comm,98823.0,257813.0,551154.0
CIT,combined,2025-08-26,057642,LIVE CATTLE - CHICAGO MERCANTILE EXCHANGE,noncomm,131608.0,37885.0,551154.0
CIT,combined,2025-08-26,057642,LIVE CATTLE - CHICAGO MERCANTILE EXCHANGE,nonrept,33176.0,64951.0,551154.0
CIT,combined,2025-08-26,073732,COCOA - ICE FUTURES U.S.,cit,24546.0,6762.0,107225.0
CIT,combined,2025-08-26,073732,COCOA - ICE FUTURES U.S.,comm,32829.0,52343.0,107225.0
CIT,combined,2025-08-26,073732,COCOA - ICE FUTURES U.S.,noncomm,13094.0,15253.0,107225.0
CIT,combined,2025-08-26,073732,COCOA - ICE FUTURES U.S.,nonrept,11321.0,7431.0,107225.0
CIT,combined,2025-08-26,080732,SUGAR NO. 11 - ICE FUTURES U.S.,cit,252627.0,68420.0,1054063.0
CIT,combined,2025-08-26,080732,SUGAR NO. 11 - ICE FUTURES U.S.,comm,391778.0,443486.0,1054063.0
CIT,combined,2025-08-26,080732,SUGAR NO. 11 - ICE FUTURES U.S.,noncomm,106675.0,239488.0,1054063.0
CIT,combined,2025-08-26,080732,SUGAR NO. 11 - ICE FUTURES U.S.,nonrept,74499.0,74185.0,1054063.0
CIT,combined,2025-08-26,083731,COFFEE C - ICE FUTURES U.S.,cit,45983.0,6329.0,206805.0
CIT,combined,2025-08-26,083731,COFFEE C - ICE FUTURES U.S.,comm,46814.0,105514.0,206805.0
CIT,combined,2025-08-26,083731,COFFEE C - ICE FUTURES U.S.,noncomm,32182.0,15132.0,206805.0
CIT,combined,2025-08-26,083731,COFFEE C - ICE FUTURES U.S.,nonrept,8814.0,6817.0,206805.0
CIT,combined,2025-09-02,001602,WHEAT-SRW - CHICAGO BOARD OF TRADE,cit,120793.0,62565.0,470707.0
CIT,combined,2025-09-02,001602,WHEAT-SRW - CHICAGO BOARD OF TRADE,comm,110751.0,77511.0,470707.0
CIT,combined,2025-09-02,001602,WHEAT-SRW - CHICAGO BOARD OF TRADE,noncomm,75646.0,168518.0,470707.0
CIT,combined,2025-09-02,001602,WHEAT-SRW - CHICAGO BOARD OF TRADE,nonrept,35775.0,34371.0,470707.0
CIT,combined,2025-09-02,002602,CORN - CHICAGO BOARD OF TRADE,cit,441423.0,134240.0,1895198.0
CIT,combined,2025-09-02,002602,CORN - CHICAGO BOARD OF TRADE,comm,626763.0,673720.0,1895198.0
CIT,combined,2025-09-02,002602,CORN - CHICAGO BOARD OF TRADE,noncomm,147532.0,364528.0,1895198.0
CIT,combined,2025-09-02,002602,CORN - CHICAGO BOARD OF TRADE,nonrept,162837.0,206068.0,1895198.0
CIT,combined,2025-09-02,005602,SOYBEANS - CHICAGO BOARD OF TRADE,cit,223978.0,48769.0,1074829.0
CIT,combined,2025-09-02,005602,SOYBEANS - CHICAGO BOARD OF TRADE,comm,428989.0,533774.0,1074829.0
CIT,combined,2025-09-02,005602,SOYBEANS - CHICAGO BOARD OF TRADE,noncomm,72112.0,124922.0,1074829.0
CIT,combined,2025-09-02,005602,SOYBEANS - CHICAGO BOARD OF TRADE,nonrept,55903.0,73516.0,1074829.0
CIT,combined,2025-09-02,057642,LIVE CATTLE - CHICAGO MERCANTILE EXCHANGE,cit,104197.0,8513.0,571295.0
CIT,combined,2025-09-02,057642,LIVE CATTLE - CHICAGO MERCANTILE EXCHANGE,comm,102391.0,262718.0,571295.0
CIT,combined,2025-09-02,057642,LIVE CATTLE - CHICAGO MERCANTILE EXCHANGE,noncomm,133988.0,37156.0,571295.0
CIT,combined,2025-09-02,057642,LIVE CATTLE - CHICAGO MERCANTILE EXCHANGE,nonrept,32672.0,64861.0,571295.0
CIT,combined,2025-09-02,073732,COCOA - ICE FUTURES U.S.,cit,24517.0,7262.0,108081.0
CIT,combined,2025-09-02,073732,COCOA - ICE FUTURES U.S.,comm,33630.0,52229.0,108081.0
CIT,combined,2025-09-02,073732,COCOA - ICE FUTURES U.S.,noncomm,13327.0,15947.0,108081.0
CIT,combined,2025-09-02,073732,COCOA - ICE FUTURES U.S.,nonrept,11346.0,7382.0,108081.0
CIT,combined,2025-09-02,080732,SUGAR NO. 11 - ICE FUTURES U.S.,cit,255253.0,68259.0,1082736.0
CIT,combined,2025-09-02,080732,SUGAR NO. 11 - ICE FUTURES U.S.,comm,407743.0,444978.0,1082736.0
CIT,combined,2025-09-02,080732,SUGAR NO. 11 - ICE FUTURES U.S.,noncomm,97171.0,245556.0,1082736.0
CIT,combined,2025-09-02,080732,SUGAR NO. 11 - ICE FUTURES U.S.,nonrept,73535.0,74909.0,1082736.0
CIT,combined,2025-09-02,083731,COFFEE C - ICE FUTURES U.S.,cit,46682.0,6660.0,218829.0
CIT,combined,2025-09-02,083731,COFFEE C - ICE FUTURES U.S.,comm,51966.0,113637.0,218829.0
CIT,combined,2025-09-02,083731,COFFEE C - ICE FUTURES U.S.,noncomm,32971.0,13524.0,218829.0
CIT,combined,2025-09-02,083731,COFFEE C - ICE FUTURES U.S.,nonrept,9520.0,7319.0,218829.0
CIT,combined,2025-09-09,001602,WHEAT-SRW - CHICAGO BOARD OF TRADE,cit,119557.0,64206.0,497433.0
CIT,combined,2025-09-09,001602,WHEAT-SRW - CHICAGO BOARD OF TRADE,comm,123049.0,80415.0,497433.0
CIT,combined,2025-09-09,001602,WHEAT-SRW - CHICAGO BOARD OF TRADE,noncomm,78105.0,177809.0,497433.0
CIT,combined,2025-09-09,001602,WHEAT-SRW - CHICAGO BOARD OF TRADE,nonrept,36249.0,34529.0,497433.0
CIT,combined,2025-09-09,002602,CORN - CHICAGO BOARD OF TRADE,cit,445173.0,135584.0,1931195.0
CIT,combined,2025-09-09,002602,CORN - CHICAGO BOARD OF TRADE,comm,633632.0,669384.0,1931195.0
CIT,combined,2025-09-09,002602,CORN - CHICAGO BOARD OF TRADE,noncomm,120925.0,356224.0,1931195.0
CIT,combined,2025-09-09,002602,CORN - CHICAGO BOARD OF TRADE,nonrept,170093.0,208631.0,1931195.0
CIT,combined,2025-09-09,005602,SOYBEANS - CHICAGO BOARD OF TRADE,cit,225606.0,52059.0,1085745.0
CIT,combined,2025-09-09,005602,SOYBEANS - CHICAGO BOARD OF TRADE,comm,451648.0,537414.0,1085745.0
CIT,combined,2025-09-09,005602,SOYBEANS - CHICAGO BOARD OF TRADE,noncomm,62249.0,133561.0,1085745.0
CIT,combined,2025-09-09,005602,SOYBEANS - CHICAGO BOARD OF TRADE,nonrept,56520.0,72990.0,1085745.0
CIT,combined,2025-09-09,057642,LIVE CATTLE - CHICAGO MERCANTILE EXCHANGE,cit,103271.0,8253.0,547703.0
CIT,combined,2025-09-09,057642,LIVE CATTLE - CHICAGO MERCANTILE EXCHANGE,comm,99690.0,259181.0,547703.0
CIT,combined,2025-09-09,057642,LIVE CATTLE - CHICAGO MERCANTILE EXCHANGE,noncomm,128872.0,32330.0,547703.0
CIT,combined,2025-09-09,057642,LIVE CATTLE - CHICAGO MERCANTILE EXCHANGE,nonrept,33681.0,65749.0,547703.0
CIT,combined,2025-09-09,073732,COCOA - ICE FUTURES U.S.,cit,25495.0,7885.0,111777.0
CIT,combined,2025-09-09,073732,COCOA - ICE FUTURES U.S.,comm,34967.0,53810.0,111777.0
CIT,combined,2025-09-09,073732,COCOA - ICE FUTURES U.S.,noncomm,13240.0,15750.0,111777.0
CIT,combined,2025-09-09,073732,COCOA - ICE FUTURES U.S.,nonrept,11403.0,7660.0,111777.0
CIT,combined,2025-09-09,080732,SUGAR NO. 11 - ICE FUTURES U.S.,cit,250660.0,77659.0,1107568.0
CIT,combined,2025-09-09,080732,SUGAR NO. 11 - ICE FUTURES U.S.,comm,438693.0,429086.0,1107568.0
CIT,combined,2025-09-09,080732,SUGAR NO. 11 - ICE FUTURES U.S.,noncomm,83063.0,266590.0,1107568.0
CIT,combined,2025-09-09,080732,SUGAR NO. 11 - ICE FUTURES U.S.,nonrept,81627.0,80708.0,1107568.0
CIT,combined,2025-09-09,083731,COFFEE C - ICE FUTURES U.S.,cit,47218.0,7052.0,227030.0
CIT,combined,2025-09-09,083731,COFFEE C - ICE FUTURES U.S.,comm,54781.0,119545.0,227030.0
CIT,combined,2025-09-09,083731,COFFEE C - ICE FUTURES U.S.,noncomm,35268.0,12729.0,227030.0
CIT,combined,2025-09-09,083731,COFFEE C - ICE FUTURES U.S.,nonrept,9583.0,7524.0,227030.0
CIT,combined,2025-09-16,001602,WHEAT-SRW - CHICAGO BOARD OF TRADE,cit,124281.0,63407.0,508551.0
CIT,combined,2025-09-16,001602,WHEAT-SRW - CHICAGO BOARD OF TRADE,comm,115671.0,84706.0,508551.0
CIT,combined,2025-09-16,001602,WHEAT-SRW - CHICAGO BOARD OF TRADE,noncomm,76900.0,169068.0,508551.0
CIT,combined,2025-09-16,001602,WHEAT-SRW - CHICAGO BOARD OF TRADE,nonrept,34166.0,33837.0,508551.0
CIT,combined,2025-09-16,002602,CORN - CHICAGO BOARD OF TRADE,cit,440848.0,141227.0,2015915.0
CIT,combined,2025-09-16,002602,CORN - CHICAGO BOARD OF TRADE,comm,634403.0,690558.0,2015915.0
CIT,combined,2025-09-16,002602,CORN - CHICAGO BOARD OF TRADE,noncomm,126418.0,333832.0,2015915.0
CIT,combined,2025-09-16,002602,CORN - CHICAGO BOARD OF TRADE,nonrept,169765.0,205819.0,2015915.0
CIT,combined,2025-09-16,005602,SOYBEANS - CHICAGO BOARD OF TRADE,cit,234677.0,57139.0,1121447.0
CIT,combined,2025-09-16,005602,SOYBEANS - CHICAGO BOARD OF TRADE,comm,449424.0,555258.0,1121447.0
CIT,combined,2025-09-16,005602,SOYBEANS - CHICAGO BOARD OF TRADE,noncomm,72017.0,129157.0,1121447.0
CIT,combined,2025-09-16,005602,SOYBEANS - CHICAGO BOARD OF TRADE,nonrept,60666.0,75231.0,1121447.0
CIT,combined,2025-09-16,057642,LIVE CATTLE - CHICAGO MERCANTILE EXCHANGE,cit,103300.0,8494.0,552234.0
CIT,combined,2025-09-16,057642,LIVE CATTLE - CHICAGO MERCANTILE EXCHANGE,comm,106227.0,260714.0,552234.0
CIT,combined,2025-09-16,057642,LIVE CATTLE - CHICAGO MERCANTILE EXCHANGE,noncomm,123875.0,34043.0,552234.0
CIT,combined,2025-09-16,057642,LIVE CATTLE - CHICAGO MERCANTILE EXCHANGE,nonrept,36667.0,66818.0,552234.0
CIT,combined,2025-09-16,073732,COCOA - ICE FUTURES U.S.,cit,25851.0,8236.0,114583.0
CIT,combined,2025-09-16,073732,COCOA - ICE FUTURES U.S.,comm,35662.0,56369.0,114583.0
CIT,combined,2025-09-16,073732,COCOA - ICE FUTURES U.S.,noncomm,13536.0,13479.0,114583.0
CIT,combined,2025-09-16,073732,COCOA - ICE FUTURES U.S.,nonrept,11150.0,8115.0,114583.0
CIT,combined,2025-09-16,080732,SUGAR NO. 11 - ICE FUTURES U.S.,cit,250277.0,68390.0,1021095.0
CIT,combined,2025-09-16,080732,SUGAR NO. 11 - ICE FUTURES U.S.,comm,400330.0,431166.0,1021095.0
CIT,combined,2025-09-16,080732,SUGAR NO. 11 - ICE FUTURES U.S.,noncomm,88393.0,234489.0,1021095.0
CIT,combined,2025-09-16,080732,SUGAR NO. 11 - ICE FUTURES U.S.,nonrept,77416.0,82371.0,1021095.0
CIT,combined,2025-09-16,083731,COFFEE C - ICE FUTURES U.S.,cit,49593.0,7881.0,227186.0
CIT,combined,2025-09-16,083731,COFFEE C - ICE FUTURES U.S.,comm,50964.0,121598.0,227186.0
CIT,combined,2025-09-16,083731,COFFEE C - ICE FUTURES U.S.,noncomm,38017.0,12352.0,227186.0
CIT,combined,2025-09-16,083731,COFFEE C - ICE FUTURES U.S.,nonrept,10063.0,6805.0,227186.0
CIT,combined,2025-09-23,001602,WHEAT-SRW - CHICAGO BOARD OF TRADE,cit,122962.0,67112.0,517858.0
CIT,combined,2025-09-23,001602,WHEAT-SRW - CHICAGO BOARD OF TRADE,comm,118173.0,76845.0,517858.0
CIT,combined,2025-09-23,001602,WHEAT-SRW - CHICAGO BOARD OF TRADE,noncomm,80944.0,180608.0,517858.0
CIT,combined,2025-09-23,001602,WHEAT-SRW - CHICAGO BOARD OF TRADE,nonrept,35636.0,33151.0,517858.0
CIT,combined,2025-09-23,002602,CORN - CHICAGO BOARD OF TRADE,cit,424074.0,138032.0,2040300.0
CIT,combined,2025-09-23,002602,CORN - CHICAGO BOARD OF TRADE,comm,662037.0,703875.0,2040300.0
CIT,combined,2025-09-23,002602,CORN - CHICAGO BOARD OF TRADE,noncomm,125371.0,337184.0,2040300.0
CIT,combined,2025-09-23,002602,CORN - CHICAGO BOARD OF TRADE,nonrept,175821.0,208211.0,2040300.0
CIT,combined,2025-09-23,005602,SOYBEANS - CHICAGO BOARD OF TRADE,cit,232854.0,59973.0,1211371.0
CIT,combined,2025-09-23,005602,SOYBEANS - CHICAGO BOARD OF TRADE,comm,494541.0,562881.0,1211371.0
CIT,combined,2025-09-23,005602,SOYBEANS - CHICAGO BOARD OF TRADE,noncomm,62458.0,149945.0,1211371.0
CIT,combined,2025-09-23,005602,SOYBEANS - CHICAGO BOARD OF TRADE,nonrept,64016.0,81070.0,1211371.0
CIT,combined,2025-09-23,057642,LIVE CATTLE - CHICAGO MERCANTILE EXCHANGE,cit,102143.0,7864.0,549364.0
CIT,combined,2025-09-23,057642,LIVE CATTLE - CHICAGO MERCANTILE EXCHANGE,comm,107421.0,262475.0,549364.0
CIT,combined,2025-09-23,057642,LIVE CATTLE - CHICAGO MERCANTILE EXCHANGE,noncomm,124509.0,32681.0,549364.0
CIT,combined,2025-09-23,057642,LIVE CATTLE - CHICAGO MERCANTILE EXCHANGE,nonrept,34647.0,65700.0,549364.0
CIT,combined,2025-09-23,073732,COCOA - ICE FUTURES U.S.,cit,24879.0,9859.0,122853.0
CIT,combined,2025-09-23,073732,COCOA - ICE FUTURES U.S.,comm,41236.0,58772.0,122853.0
CIT,combined,2025-09-23,073732,COCOA - ICE FUTURES U.S.,noncomm,14963.0,14698.0,122853.0
CIT,combined,2025-09-23,073732,COCOA - ICE FUTURES U.S.,nonrept,11464.0,9213.0,122853.0
CIT,combined,2025-09-23,080732,SUGAR NO. 11 - ICE FUTURES U.S.,cit,234348.0,66010.0,1012265.0
CIT,combined,2025-09-23,080732,SUGAR NO. 11 - ICE FUTURES U.S.,comm,425572.0,424037.0,1012265.0
CIT,combined,2025-09-23,080732,SUGAR NO. 11 - ICE FUTURES U.S.,noncomm,79257.0,247614.0,1012265.0
CIT,combined,2025-09-23,080732,SUGAR NO. 11 - ICE FUTURES U.S.,nonrept,78123.0,79640.0,1012265.0
CIT,combined,2025-09-23,083731,COFFEE C - ICE FUTURES U.S.,cit,45863.0,8327.0,223356.0
CIT,combined,2025-09-23,083731,COFFEE C - ICE FUTURES U.S.,comm,51409.0,114492.0,223356.0
CIT,combined,2025-09-23,083731,COFFEE C - ICE FUTURES U.S.,noncomm,37418.0,14688.0,223356.0
CIT,combined,2025-09-23,083731,COFFEE C - ICE FUTURES U.S.,nonrept,9039.0,6221.0,223356.0
CIT,combined,2025-09-30,001602,WHEAT-SRW - CHICAGO BOARD OF TRADE,cit,126054.0,69709.0,523597.0
CIT,combined,2025-09-30,001602,WHEAT-SRW - CHICAGO BOARD OF TRADE,comm,111810.0,75091.0,523597.0
CIT,combined,2025-09-30,001602,WHEAT-SRW - CHICAGO BOARD OF TRADE,noncomm,79548.0,176382.0,523597.0
CIT,combined,2025-09-30,001602,WHEAT-SRW - CHICAGO BOARD OF TRADE,nonrept,37910.0,34140.0,523597.0
CIT,combined,2025-09-30,002602,CORN - CHICAGO BOARD OF TRADE,cit,400167.0,130471.0,1983374.0
CIT,combined,2025-09-30,002602,CORN - CHICAGO BOARD OF TRADE,comm,672178.0,670044.0,1983374.0
CIT,combined,2025-09-30,002602,CORN - CHICAGO BOARD OF TRADE,noncomm,120052.0,362783.0,1983374.0
CIT,combined,2025-09-30,002602,CORN - CHICAGO BOARD OF TRADE,nonrept,183651.0,212750.0,1983374.0
CIT,combined,2025-09-30,005602,SOYBEANS - CHICAGO BOARD OF TRADE,cit,224137.0,57611.0,1159546.0
CIT,combined,2025-09-30,005602,SOYBEANS - CHICAGO BOARD OF TRADE,comm,473842.0,530959.0,1159546.0
CIT,combined,2025-09-30,005602,SOYBEANS - CHICAGO BOARD OF TRADE,noncomm,66656.0,159499.0,1159546.0
CIT,combined,2025-09-30,005602,SOYBEANS - CHICAGO BOARD OF TRADE,nonrept,66360.0,82926.0,1159546.0
CIT,combined,2025-09-30,057642,LIVE CATTLE - CHICAGO MERCANTILE EXCHANGE,cit,103539.0,7814.0,539732.0
CIT,combined,2025-09-30,057642,LIVE CATTLE - CHICAGO MERCANTILE EXCHANGE,comm,108886.0,255066.0,539732.0
CIT,combined,2025-09-30,057642,LIVE CATTLE - CHICAGO MERCANTILE EXCHANGE,noncomm,119416.0,35467.0,539732.0
CIT,combined,2025-09-30,057642,LIVE CATTLE - CHICAGO MERCANTILE EXCHANGE,nonrept,30928.0,64423.0,539732.0
CIT,combined,2025-09-30,073732,COCOA - ICE FUTURES U.S.,cit,26198.0,11528.0,134587.0
CIT,combined,2025-09-30,073732,COCOA - ICE FUTURES U.S.,comm,47334.0,62869.0,134587.0
CIT,combined,2025-09-30,073732,COCOA - ICE FUTURES U.S.,noncomm,15475.0,15577.0,134587.0
CIT,combined,2025-09-30,073732,COCOA - ICE FUTURES U.S.,nonrept,11194.0,10228.0,134587.0
CIT,combined,2025-09-30,080732,SUGAR NO. 11 - ICE FUTURES U.S.,cit,234508.0,71290.0,982005.0
CIT,combined,2025-09-30,080732,SUGAR NO. 11 - ICE FUTURES U.S.,comm,390054.0,414279.0,982005.0
CIT,combined,2025-09-30,080732,SUGAR NO. 11 - ICE FUTURES U.S.,noncomm,95318.0,234045.0,982005.0
CIT,combined,2025-09-30,080732,SUGAR NO. 11 - ICE FUTURES U.S.,nonrept,68050.0,68315.0,982005.0
CIT,combined,2025-09-30,083731,COFFEE C - ICE FUTURES U.S.,cit,46453.0,8558.0,218937.0
CIT,combined,2025-09-30,083731,COFFEE C - ICE FUTURES U.S.,comm,50170.0,113779.0,218937.0
CIT,combined,2025-09-30,083731,COFFEE C - ICE FUTURES U.S.,noncomm,36502.0,13237.0,218937.0
CIT,combined,2025-09-30,083731,COFFEE C - ICE FUTURES U.S.,nonrept,9322.0,6873.0,218937.0
CIT,combined,2025-10-07,001602,WHEAT-SRW - CHICAGO BOARD OF TRADE,cit,131742.0,74684.0,548818.0
CIT,combined,2025-10-07,001602,WHEAT-SRW - CHICAGO BOARD OF TRADE,comm,118189.0,84808.0,548818.0
CIT,combined,2025-10-07,001602,WHEAT-SRW - CHICAGO BOARD OF TRADE,noncomm,82696.0,175684.0,548818.0
CIT,combined,2025-10-07,001602,WHEAT-SRW - CHICAGO BOARD OF TRADE,nonrept,38010.0,35461.0,548818.0
CIT,combined,2025-10-07,002602,CORN - CHICAGO BOARD OF TRADE,cit,406725.0,148452.0,2052178.0
CIT,combined,2025-10-07,002602,CORN - CHICAGO BOARD OF TRADE,comm,710757.0,698287.0,2052178.0
CIT,combined,2025-10-07,002602,CORN - CHICAGO BOARD OF TRADE,noncomm,106839.0,349896.0,2052178.0
CIT,combined,2025-10-07,002602,CORN - CHICAGO BOARD OF TRADE,nonrept,182341.0,210026.0,2052178.0
CIT,combined,2025-10-07,005602,SOYBEANS - CHICAGO BOARD OF TRADE,cit,226752.0,56829.0,1168217.0
CIT,combined,2025-10-07,005602,SOYBEANS - CHICAGO BOARD OF TRADE,comm,462608.0,561371.0,1168217.0
CIT,combined,2025-10-07,005602,SOYBEANS - CHICAGO BOARD OF TRADE,noncomm,83601.0,134487.0,1168217.0
CIT,combined,2025-10-07,005602,SOYBEANS - CHICAGO BOARD OF TRADE,nonrept,63432.0,83706.0,1168217.0
CIT,combined,2025-10-07,057642,LIVE CATTLE - CHICAGO MERCANTILE EXCHANGE,cit,101498.0,8201.0,492113.0
CIT,combined,2025-10-07,057642,LIVE CATTLE - CHICAGO MERCANTILE EXCHANGE,comm,89108.0,236232.0,492113.0
CIT,combined,2025-10-07,057642,LIVE CATTLE - CHICAGO MERCANTILE EXCHANGE,noncomm,122134.0,36462.0,492113.0
CIT,combined,2025-10-07,057642,LIVE CATTLE - CHICAGO MERCANTILE EXCHANGE,nonrept,32454.0,64299.0,492113.0
CIT,combined,2025-10-07,073732,COCOA - ICE FUTURES U.S.,cit,30511.0,14117.0,150788.0
CIT,combined,2025-10-07,073732,COCOA - ICE FUTURES U.S.,comm,50093.0,67489.0,150788.0
CIT,combined,2025-10-07,073732,COCOA - ICE FUTURES U.S.,noncomm,16293.0,15414.0,150788.0
CIT,combined,2025-10-07,073732,COCOA - ICE FUTURES U.S.,nonrept,10541.0,10419.0,150788.0
CIT,combined,2025-10-07,080732,SUGAR NO. 11 - ICE FUTURES U.S.,cit,238334.0,74119.0,961639.0
CIT,combined,2025-10-07,080732,SUGAR NO. 11 - ICE FUTURES U.S.,comm,359697.0,388060.0,961639.0
CIT,combined,2025-10-07,080732,SUGAR NO. 11 - ICE FUTURES U.S.,noncomm,91888.0,234477.0,961639.0
CIT,combined,2025-10-07,080732,SUGAR NO. 11 - ICE FUTURES U.S.,nonrept,72612.0,65876.0,961639.0
CIT,combined,2025-10-07,083731,COFFEE C - ICE FUTURES U.S.,cit,46991.0,9218.0,220299.0
CIT,combined,2025-10-07,083731,COFFEE C - ICE FUTURES U.S.,comm,49609.0,114783.0,220299.0
CIT,combined,2025-10-07,083731,COFFEE C - ICE FUTURES U.S.,noncomm,38238.0,13245.0,220299.0
CIT,combined,2025-10-07,083731,COFFEE C - ICE FUTURES U.S.,nonrept,9524.0,7116.0,220299.0
CIT,combined,2025-10-14,001602,WHEAT-SRW - CHICAGO BOARD OF TRADE,cit,138897.0,82230.0,603197.0
CIT,combined,2025-10-14,001602,WHEAT-SRW - CHICAGO BOARD OF TRADE,comm,135083.0,89141.0,603197.0
CIT,combined,2025-10-14,001602,WHEAT-SRW - CHICAGO BOARD OF TRADE,noncomm,89483.0,196630.0,603197.0
CIT,combined,2025-10-14,001602,WHEAT-SRW - CHICAGO BOARD OF TRADE,nonrept,40680.0,36141.0,603197.0
CIT,combined,2025-10-14,002602,CORN - CHICAGO BOARD OF TRADE,cit,430641.0,169792.0,2139687.0
CIT,combined,2025-10-14,002602,CORN - CHICAGO BOARD OF TRADE,comm,748022.0,694983.0,2139687.0
CIT,combined,2025-10-14,002602,CORN - CHICAGO BOARD OF TRADE,noncomm,96828.0,387861.0,2139687.0
CIT,combined,2025-10-14,002602,CORN - CHICAGO BOARD OF TRADE,nonrept,186509.0,209364.0,2139687.0
CIT,combined,2025-10-14,005602,SOYBEANS - CHICAGO BOARD OF TRADE,cit,218524.0,52274.0,1232606.0
CIT,combined,2025-10-14,005602,SOYBEANS - CHICAGO BOARD OF TRADE,comm,479741.0,576045.0,1232606.0
CIT,combined,2025-10-14,005602,SOYBEANS - CHICAGO BOARD OF TRADE,noncomm,87812.0,136467.0,1232606.0
CIT,combined,2025-10-14,005602,SOYBEANS - CHICAGO BOARD OF TRADE,nonrept,65307.0,86598.0,1232606.0
CIT,combined,2025-10-14,057642,LIVE CATTLE - CHICAGO MERCANTILE EXCHANGE,cit,100827.0,8218.0,502856.0
CIT,combined,2025-10-14,057642,LIVE CATTLE - CHICAGO MERCANTILE EXCHANGE,comm,89765.0,247556.0,502856.0
CIT,combined,2025-10-14,057642,LIVE CATTLE - CHICAGO MERCANTILE EXCHANGE,noncomm,127370.0,31315.0,502856.0
CIT,combined,2025-10-14,057642,LIVE CATTLE - CHICAGO MERCANTILE EXCHANGE,nonrept,31082.0,61955.0,502856.0
CIT,combined,2025-10-14,073732,COCOA - ICE FUTURES U.S.,cit,30199.0,14150.0,152160.0
CIT,combined,2025-10-14,073732,COCOA - ICE FUTURES U.S.,comm,52127.0,65374.0,152160.0
CIT,combined,2025-10-14,073732,COCOA - ICE FUTURES U.S.,noncomm,15950.0,18439.0,152160.0
CIT,combined,2025-10-14,073732,COCOA - ICE FUTURES U.S.,nonrept,11063.0,11377.0,152160.0
CIT,combined,2025-10-14,080732,SUGAR NO. 11 - ICE FUTURES U.S.,cit,243367.0,73493.0,1005143.0
CIT,combined,2025-10-14,080732,SUGAR NO. 11 - ICE FUTURES U.S.,comm,393027.0,388436.0,1005143.0
CIT,combined,2025-10-14,080732,SUGAR NO. 11 - ICE FUTURES U.S.,noncomm,88438.0,258118.0,1005143.0
CIT,combined,2025-10-14,080732,SUGAR NO. 11 - ICE FUTURES U.S.,nonrept,66845.0,71631.0,1005143.0
CIT,combined,2025-10-14,083731,COFFEE C - ICE FUTURES U.S.,cit,48534.0,10091.0,225162.0
CIT,combined,2025-10-14,083731,COFFEE C - ICE FUTURES U.S.,comm,49350.0,118705.0,225162.0
CIT,combined,2025-10-14,083731,COFFEE C - ICE FUTURES U.S.,noncomm,41582.0,13425.0,225162.0
CIT,combined,2025-10-14,083731,COFFEE C - ICE FUTURES U.S.,nonrept,10121.0,7366.0,225162.0
CIT,combined,2025-10-21,001602,WHEAT-SRW - CHICAGO BOARD OF TRADE,cit,142893.0,84905.0,603136.0
CIT,combined,2025-10-21,001602,WHEAT-SRW - CHICAGO BOARD OF TRADE,comm,134857.0,90760.0,603136.0
CIT,combined,2025-10-21,001602,WHEAT-SRW - CHICAGO BOARD OF TRADE,noncomm,88016.0,193572.0,603136.0
CIT,combined,2025-10-21,001602,WHEAT-SRW - CHICAGO BOARD OF TRADE,nonrept,40611.0,37141.0,603136.0
CIT,combined,2025-10-21,002602,CORN - CHICAGO BOARD OF TRADE,cit,435769.0,175645.0,2139902.0
CIT,combined,2025-10-21,002602,CORN - CHICAGO BOARD OF TRADE,comm,745334.0,733417.0,2139902.0
CIT,combined,2025-10-21,002602,CORN - CHICAGO BOARD OF TRADE,noncomm,86429.0,345582.0,2139902.0
CIT,combined,2025-10-21,002602,CORN - CHICAGO BOARD OF TRADE,nonrept,193338.0,206224.0,2139902.0
CIT,combined,2025-10-21,005602,SOYBEANS - CHICAGO BOARD OF TRADE,cit,219669.0,58400.0,1203348.0
CIT,combined,2025-10-21,005602,SOYBEANS - CHICAGO BOARD OF TRADE,comm,455834.0,585110.0,1203348.0
CIT,combined,2025-10-21,005602,SOYBEANS - CHICAGO BOARD OF TRADE,noncomm,96871.0,112223.0,1203348.0
CIT,combined,2025-10-21,005602,SOYBEANS - CHICAGO BOARD OF TRADE,nonrept,64361.0,81002.0,1203348.0
CIT,combined,2025-10-21,057642,LIVE CATTLE - CHICAGO MERCANTILE EXCHANGE,cit,100496.0,8989.0,508879.0
CIT,combined,2025-10-21,057642,LIVE CATTLE - CHICAGO MERCANTILE EXCHANGE,comm,92519.0,247810.0,508879.0
CIT,combined,2025-10-21,057642,LIVE CATTLE - CHICAGO MERCANTILE EXCHANGE,noncomm,126348.0,32909.0,508879.0
CIT,combined,2025-10-21,057642,LIVE CATTLE - CHICAGO MERCANTILE EXCHANGE,nonrept,31350.0,61005.0,508879.0
CIT,combined,2025-10-21,073732,COCOA - ICE FUTURES U.S.,cit,30536.0,13880.0,155730.0
CIT,combined,2025-10-21,073732,COCOA - ICE FUTURES U.S.,comm,54285.0,67311.0,155730.0
CIT,combined,2025-10-21,073732,COCOA - ICE FUTURES U.S.,noncomm,14477.0,18068.0,155730.0
CIT,combined,2025-10-21,073732,COCOA - ICE FUTURES U.S.,nonrept,11164.0,11203.0,155730.0
CIT,combined,2025-10-21,080732,SUGAR NO. 11 - ICE FUTURES U.S.,cit,252647.0,77377.0,1020385.0
CIT,combined,2025-10-21,080732,SUGAR NO. 11 - ICE FUTURES U.S.,comm,402718.0,397167.0,1020385.0
CIT,combined,2025-10-21,080732,SUGAR NO. 11 - ICE FUTURES U.S.,noncomm,78770.0,245660.0,1020385.0
CIT,combined,2025-10-21,080732,SUGAR NO. 11 - ICE FUTURES U.S.,nonrept,67240.0,81170.0,1020385.0
CIT,combined,2025-10-21,083731,COFFEE C - ICE FUTURES U.S.,cit,49532.0,9834.0,225856.0
CIT,combined,2025-10-21,083731,COFFEE C - ICE FUTURES U.S.,comm,47235.0,119230.0,225856.0
CIT,combined,2025-10-21,083731,COFFEE C - ICE FUTURES U.S.,noncomm,43018.0,13603.0,225856.0
CIT,combined,2025-10-21,083731,COFFEE C - ICE FUTURES U.S.,nonrept,10523.0,7641.0,225856.0
CIT,combined,2025-10-28,001602,WHEAT-SRW - CHICAGO BOARD OF TRADE,cit,148437.0,87554.0,578485.0
CIT,combined,2025-10-28,001602,WHEAT-SRW - CHICAGO BOARD OF TRADE,comm,126134.0,107031.0,578485.0
CIT,combined,2025-10-28,001602,WHEAT-SRW - CHICAGO BOARD OF TRADE,noncomm,89260.0,167033.0,578485.0
CIT,combined,2025-10-28,001602,WHEAT-SRW - CHICAGO BOARD OF TRADE,nonrept,34380.0,36593.0,578485.0
CIT,combined,2025-10-28,002602,CORN - CHICAGO BOARD OF TRADE,cit,454921.0,180284.0,2105097.0
CIT,combined,2025-10-28,002602,CORN - CHICAGO BOARD OF TRADE,comm,694081.0,764510.0,2105097.0
CIT,combined,2025-10-28,002602,CORN - CHICAGO BOARD OF TRADE,noncomm,103227.0,300180.0,2105097.0
CIT,combined,2025-10-28,002602,CORN - CHICAGO BOARD OF TRADE,nonrept,196829.0,204085.0,2105097.0
CIT,combined,2025-10-28,005602,SOYBEANS - CHICAGO BOARD OF TRADE,cit,235148.0,48502.0,1110340.0
CIT,combined,2025-10-28,005602,SOYBEANS - CHICAGO BOARD OF TRADE,comm,352052.0,596404.0,1110340.0
CIT,combined,2025-10-28,005602,SOYBEANS - CHICAGO BOARD OF TRADE,noncomm,156474.0,82824.0,1110340.0
CIT,combined,2025-10-28,005602,SOYBEANS - CHICAGO BOARD OF TRADE,nonrept,68400.0,84344.0,1110340.0
CIT,combined,2025-10-28,057642,LIVE CATTLE - CHICAGO MERCANTILE EXCHANGE,cit,101131.0,9871.0,528900.0
CIT,combined,2025-10-28,057642,LIVE CATTLE - CHICAGO MERCANTILE EXCHANGE,comm,101262.0,242427.0,528900.0
CIT,combined,2025-10-28,057642,LIVE CATTLE - CHICAGO MERCANTILE EXCHANGE,noncomm,111981.0,34147.0,528900.0
CIT,combined,2025-10-28,057642,LIVE CATTLE - CHICAGO MERCANTILE EXCHANGE,nonrept,32353.0,60281.0,528900.0
CIT,combined,2025-10-28,073732,COCOA - ICE FUTURES U.S.,cit,30035.0,12986.0,157367.0
CIT,combined,2025-10-28,073732,COCOA - ICE FUTURES U.S.,comm,54330.0,70568.0,157367.0
CIT,combined,2025-10-28,073732,COCOA - ICE FUTURES U.S.,noncomm,16513.0,17829.0,157367.0
CIT,combined,2025-10-28,073732,COCOA - ICE FUTURES U.S.,nonrept,10404.0,9900.0,157367.0
CIT,combined,2025-10-28,080732,SUGAR NO. 11 - ICE FUTURES U.S.,cit,255683.0,81814.0,1064597.0
CIT,combined,2025-10-28,080732,SUGAR NO. 11 - ICE FUTURES U.S.,comm,423755.0,401506.0,1064597.0
CIT,combined,2025-10-28,080732,SUGAR NO. 11 - ICE FUTURES U.S.,noncomm,78808.0,265886.0,1064597.0
CIT,combined,2025-10-28,080732,SUGAR NO. 11 - ICE FUTURES U.S.,nonrept,73480.0,82519.0,1064597.0
CIT,combined,2025-10-28,083731,COFFEE C - ICE FUTURES U.S.,cit,49775.0,9952.0,223149.0
CIT,combined,2025-10-28,083731,COFFEE C - ICE FUTURES U.S.,comm,44940.0,115013.0,223149.0
CIT,combined,2025-10-28,083731,COFFEE C - ICE FUTURES U.S.,noncomm,42860.0,14247.0,223149.0
CIT,combined,2025-10-28,083731,COFFEE C - ICE FUTURES U.S.,nonrept,9760.0,8123.0,223149.0
CIT,combined,2025-11-04,001602,WHEAT-SRW - CHICAGO BOARD OF TRADE,cit,156226.0,90963.0,585865.0
CIT,combined,2025-11-04,001602,WHEAT-SRW - CHICAGO BOARD OF TRADE,comm,132061.0,113590.0,585865.0
CIT,combined,2025-11-04,001602,WHEAT-SRW - CHICAGO BOARD OF TRADE,noncomm,67819.0,146132.0,585865.0
CIT,combined,2025-11-04,001602,WHEAT-SRW - CHICAGO BOARD OF TRADE,nonrept,32330.0,37751.0,585865.0
CIT,combined,2025-11-04,002602,CORN - CHICAGO BOARD OF TRADE,cit,464493.0,164277.0,2113071.0
CIT,combined,2025-11-04,002602,CORN - CHICAGO BOARD OF TRADE,comm,676887.0,767922.0,2113071.0
CIT,combined,2025-11-04,002602,CORN - CHICAGO BOARD OF TRADE,noncomm,107954.0,309131.0,2113071.0
CIT,combined,2025-11-04,002602,CORN - CHICAGO BOARD OF TRADE,nonrept,197078.0,205082.0,2113071.0
CIT,combined,2025-11-04,005602,SOYBEANS - CHICAGO BOARD OF TRADE,cit,251655.0,49574.0,1174017.0
CIT,combined,2025-11-04,005602,SOYBEANS - CHICAGO BOARD OF TRADE,comm,318046.0,621163.0,1174017.0
CIT,combined,2025-11-04,005602,SOYBEANS - CHICAGO BOARD OF TRADE,noncomm,192945.0,73979.0,1174017.0
CIT,combined,2025-11-04,005602,SOYBEANS - CHICAGO BOARD OF TRADE,nonrept,69420.0,87351.0,1174017.0
CIT,combined,2025-11-04,057642,LIVE CATTLE - CHICAGO MERCANTILE EXCHANGE,cit,101929.0,10131.0,525008.0
CIT,combined,2025-11-04,057642,LIVE CATTLE - CHICAGO MERCANTILE EXCHANGE,comm,93139.0,233621.0,525008.0
CIT,combined,2025-11-04,057642,LIVE CATTLE - CHICAGO MERCANTILE EXCHANGE,noncomm,104115.0,29615.0,525008.0
CIT,combined,2025-11-04,057642,LIVE CATTLE - CHICAGO MERCANTILE EXCHANGE,nonrept,33258.0,59074.0,525008.0
CIT,combined,2025-11-04,073732,COCOA - ICE FUTURES U.S.,cit,29532.0,13618.0,157289.0
CIT,combined,2025-11-04,073732,COCOA - ICE FUTURES U.S.,comm,51700.0,71006.0,157289.0
CIT,combined,2025-11-04,073732,COCOA - ICE FUTURES U.S.,noncomm,18740.0,15281.0,157289.0
CIT,combined,2025-11-04,073732,COCOA - ICE FUTURES U.S.,nonrept,10071.0,10138.0,157289.0
CIT,combined,2025-11-04,080732,SUGAR NO. 11 - ICE FUTURES U.S.,cit,268808.0,87654.0,1109740.0
CIT,combined,2025-11-04,080732,SUGAR NO. 11 - ICE FUTURES U.S.,comm,431356.0,388616.0,1109740.0
CIT,combined,2025-11-04,080732,SUGAR NO. 11 - ICE FUTURES U.S.,noncomm,77505.0,294436.0,1109740.0
CIT,combined,2025-11-04,080732,SUGAR NO. 11 - ICE FUTURES U.S.,nonrept,74968.0,81931.0,1109740.0
CIT,combined,2025-11-04,083731,COFFEE C - ICE FUTURES U.S.,cit,49414.0,9692.0,225229.0
CIT,combined,2025-11-04,083731,COFFEE C - ICE FUTURES U.S.,comm,45121.0,115870.0,225229.0
CIT,combined,2025-11-04,083731,COFFEE C - ICE FUTURES U.S.,noncomm,42380.0,13586.0,225229.0
CIT,combined,2025-11-04,083731,COFFEE C - ICE FUTURES U.S.,nonrept,9987.0,7754.0,225229.0
CIT,combined,2025-11-10,001602,WHEAT-SRW - CHICAGO BOARD OF TRADE,cit,143678.0,83337.0,538342.0
CIT,combined,2025-11-10,001602,WHEAT-SRW - CHICAGO BOARD OF TRADE,comm,112402.0,105165.0,538342.0
CIT,combined,2025-11-10,001602,WHEAT-SRW - CHICAGO BOARD OF TRADE,noncomm,63419.0,124302.0,538342.0
CIT,combined,2025-11-10,001602,WHEAT-SRW - CHICAGO BOARD OF TRADE,nonrept,32203.0,38897.0,538342.0
CIT,combined,2025-11-10,002602,CORN - CHICAGO BOARD OF TRADE,cit,462122.0,159489.0,2097408.0
CIT,combined,2025-11-10,002602,CORN - CHICAGO BOARD OF TRADE,comm,633830.0,763130.0,2097408.0
CIT,combined,2025-11-10,002602,CORN - CHICAGO BOARD OF TRADE,noncomm,135231.0,297354.0,2097408.0
CIT,combined,2025-11-10,002602,CORN - CHICAGO BOARD OF TRADE,nonrept,197542.0,208751.0,2097408.0
CIT,combined,2025-11-10,005602,SOYBEANS - CHICAGO BOARD OF TRADE,cit,263880.0,52910.0,1230936.0
CIT,combined,2025-11-10,005602,SOYBEANS - CHICAGO BOARD OF TRADE,comm,317898.0,645512.0,1230936.0
CIT,combined,2025-11-10,005602,SOYBEANS - CHICAGO BOARD OF TRADE,noncomm,206987.0,73157.0,1230936.0
CIT,combined,2025-11-10,005602,SOYBEANS - CHICAGO BOARD OF TRADE,nonrept,69938.0,87124.0,1230936.0
CIT,combined,2025-11-10,057642,LIVE CATTLE - CHICAGO MERCANTILE EXCHANGE,cit,102432.0,10929.0,502426.0
CIT,combined,2025-11-10,057642,LIVE CATTLE - CHICAGO MERCANTILE EXCHANGE,comm,82652.0,218538.0,502426.0
CIT,combined,2025-11-10,057642,LIVE CATTLE - CHICAGO MERCANTILE EXCHANGE,noncomm,98871.0,31114.0,502426.0
CIT,combined,2025-11-10,057642,LIVE CATTLE - CHICAGO MERCANTILE EXCHANGE,nonrept,33776.0,57150.0,502426.0
CIT,combined,2025-11-10,073732,COCOA - ICE FUTURES U.S.,cit,27403.0,12761.0,155124.0
CIT,combined,2025-11-10,073732,COCOA - ICE FUTURES U.S.,comm,52237.0,68245.0,155124.0
CIT,combined,2025-11-10,073732,COCOA - ICE FUTURES U.S.,noncomm,19092.0,16993.0,155124.0
CIT,combined,2025-11-10,073732,COCOA - ICE FUTURES U.S.,nonrept,9763.0,10495.0,155124.0
CIT,combined,2025-11-10,080732,SUGAR NO. 11 - ICE FUTURES U.S.,cit,265741.0,93248.0,1124833.0
CIT,combined,2025-11-10,080732,SUGAR NO. 11 - ICE FUTURES U.S.,comm,427187.0,379812.0,1124833.0
CIT,combined,2025-11-10,080732,SUGAR NO. 11 - ICE FUTURES U.S.,noncomm,76997.0,290767.0,1124833.0
CIT,combined,2025-11-10,080732,SUGAR NO. 11 - ICE FUTURES U.S.,nonrept,83623.0,89722.0,1124833.0
CIT,combined,2025-11-10,083731,COFFEE C - ICE FUTURES U.S.,cit,47751.0,8237.0,227080.0
CIT,combined,2025-11-10,083731,COFFEE C - ICE FUTURES U.S.,comm,45710.0,116727.0,227080.0
CIT,combined,2025-11-10,083731,COFFEE C - ICE FUTURES U.S.,noncomm,43414.0,14395.0,227080.0
CIT,combined,2025-11-10,083731,COFFEE C - ICE FUTURES U.S.,nonrept,10527.0,8044.0,227080.0
CIT,combined,2025-11-18,001602,WHEAT-SRW - CHICAGO BOARD OF TRADE,cit,135769.0,72647.0,505511.0
CIT,combined,2025-11-18,001602,WHEAT-SRW - CHICAGO BOARD OF TRADE,comm,107804.0,108741.0,505511.0
CIT,combined,2025-11-18,001602,WHEAT-SRW - CHICAGO BOARD OF TRADE,noncomm,55504.0,111290.0,505511.0
CIT,combined,2025-11-18,001602,WHEAT-SRW - CHICAGO BOARD OF TRADE,nonrept,30965.0,37363.0,505511.0
CIT,combined,2025-11-18,002602,CORN - CHICAGO BOARD OF TRADE,cit,475973.0,159913.0,2136630.0
CIT,combined,2025-11-18,002602,CORN - CHICAGO BOARD OF TRADE,comm,607751.0,819936.0,2136630.0
CIT,combined,2025-11-18,002602,CORN - CHICAGO BOARD OF TRADE,noncomm,176724.0,256202.0,2136630.0
CIT,combined,2025-11-18,002602,CORN - CHICAGO BOARD OF TRADE,nonrept,191403.0,215800.0,2136630.0
CIT,combined,2025-11-18,005602,SOYBEANS - CHICAGO BOARD OF TRADE,cit,257842.0,52570.0,1286961.0
CIT,combined,2025-11-18,005602,SOYBEANS - CHICAGO BOARD OF TRADE,comm,340087.0,687697.0,1286961.0
CIT,combined,2025-11-18,005602,SOYBEANS - CHICAGO BOARD OF TRADE,noncomm,230747.0,67031.0,1286961.0
CIT,combined,2025-11-18,005602,SOYBEANS - CHICAGO BOARD OF TRADE,nonrept,67313.0,88690.0,1286961.0
CIT,combined,2025-11-18,057642,LIVE CATTLE - CHICAGO MERCANTILE EXCHANGE,cit,101330.0,8515.0,510628.0
CIT,combined,2025-11-18,057642,LIVE CATTLE - CHICAGO MERCANTILE EXCHANGE,comm,88015.0,219720.0,510628.0
CIT,combined,2025-11-18,057642,LIVE CATTLE - CHICAGO MERCANTILE EXCHANGE,noncomm,90986.0,29743.0,510628.0
CIT,combined,2025-11-18,057642,LIVE CATTLE - CHICAGO MERCANTILE EXCHANGE,nonrept,33351.0,55705.0,510628.0
CIT,combined,2025-11-18,073732,COCOA - ICE FUTURES U.S.,cit,23555.0,11354.0,147561.0
CIT,combined,2025-11-18,073732,COCOA - ICE FUTURES U.S.,comm,51644.0,56946.0,147561.0
CIT,combined,2025-11-18,073732,COCOA - ICE FUTURES U.S.,noncomm,18188.0,24660.0,147561.0
CIT,combined,2025-11-18,073732,COCOA - ICE FUTURES U.S.,nonrept,10440.0,10866.0,147561.0
CIT,combined,2025-11-18,080732,SUGAR NO. 11 - ICE FUTURES U.S.,cit,268568.0,98637.0,1114344.0
CIT,combined,2025-11-18,080732,SUGAR NO. 11 - ICE FUTURES U.S.,comm,411270.0,374183.0,1114344.0
CIT,combined,2025-11-18,080732,SUGAR NO. 11 - ICE FUTURES U.S.,noncomm,69565.0,271475.0,1114344.0
CIT,combined,2025-11-18,080732,SUGAR NO. 11 - ICE FUTURES U.S.,nonrept,83097.0,88206.0,1114344.0
CIT,combined,2025-11-18,083731,COFFEE C - ICE FUTURES U.S.,cit,43499.0,6325.0,186600.0
CIT,combined,2025-11-18,083731,COFFEE C - ICE FUTURES U.S.,comm,35293.0,98672.0,186600.0
CIT,combined,2025-11-18,083731,COFFEE C - ICE FUTURES U.S.,noncomm,41518.0,16899.0,186600.0
CIT,combined,2025-11-18,083731,COFFEE C - ICE FUTURES U.S.,nonrept,9136.0,7550.0,186600.0
CIT,combined,2025-11-25,001602,WHEAT-SRW - CHICAGO BOARD OF TRADE,cit,130749.0,68954.0,456613.0
CIT,combined,2025-11-25,001602,WHEAT-SRW - CHICAGO BOARD OF TRADE,comm,101133.0,98853.0,456613.0
CIT,combined,2025-11-25,001602,WHEAT-SRW - CHICAGO BOARD OF TRADE,noncomm,54033.0,112640.0,456613.0
CIT,combined,2025-11-25,001602,WHEAT-SRW - CHICAGO BOARD OF TRADE,nonrept,29532.0,35000.0,456613.0
CIT,combined,2025-11-25,002602,CORN - CHICAGO BOARD OF TRADE,cit,433779.0,106288.0,1841219.0
CIT,combined,2025-11-25,002602,CORN - CHICAGO BOARD OF TRADE,comm,545804.0,717963.0,1841219.0
CIT,combined,2025-11-25,002602,CORN - CHICAGO BOARD OF TRADE,noncomm,155108.0,293770.0,1841219.0
CIT,combined,2025-11-25,002602,CORN - CHICAGO BOARD OF TRADE,nonrept,179245.0,195915.0,1841219.0
CIT,combined,2025-11-25,005602,SOYBEANS - CHICAGO BOARD OF TRADE,cit,245931.0,44142.0,1189294.0
CIT,combined,2025-11-25,005602,SOYBEANS - CHICAGO BOARD OF TRADE,comm,331789.0,674029.0,1189294.0
CIT,combined,2025-11-25,005602,SOYBEANS - CHICAGO BOARD OF TRADE,noncomm,217730.0,58491.0,1189294.0
CIT,combined,2025-11-25,005602,SOYBEANS - CHICAGO BOARD OF TRADE,nonrept,67856.0,86643.0,1189294.0
CIT,combined,2025-11-25,057642,LIVE CATTLE - CHICAGO MERCANTILE EXCHANGE,cit,101317.0,8702.0,544815.0
CIT,combined,2025-11-25,057642,LIVE CATTLE - CHICAGO MERCANTILE EXCHANGE,comm,100265.0,230760.0,544815.0
CIT,combined,2025-11-25,057642,LIVE CATTLE - CHICAGO MERCANTILE EXCHANGE,noncomm,88768.0,29761.0,544815.0
CIT,combined,2025-11-25,057642,LIVE CATTLE - CHICAGO MERCANTILE EXCHANGE,nonrept,34114.0,55241.0,544815.0
CIT,combined,2025-11-25,073732,COCOA - ICE FUTURES U.S.,cit,23316.0,12678.0,155286.0
CIT,combined,2025-11-25,073732,COCOA - ICE FUTURES U.S.,comm,52510.0,53186.0,155286.0
CIT,combined,2025-11-25,073732,COCOA - ICE FUTURES U.S.,noncomm,18982.0,27253.0,155286.0
CIT,combined,2025-11-25,073732,COCOA - ICE FUTURES U.S.,nonrept,9077.0,10768.0,155286.0
CIT,combined,2025-11-25,080732,SUGAR NO. 11 - ICE FUTURES U.S.,cit,268411.0,99654.0,1119501.0
CIT,combined,2025-11-25,080732,SUGAR NO. 11 - ICE FUTURES U.S.,comm,413899.0,371610.0,1119501.0
CIT,combined,2025-11-25,080732,SUGAR NO. 11 - ICE FUTURES U.S.,noncomm,69061.0,278112.0,1119501.0
CIT,combined,2025-11-25,080732,SUGAR NO. 11 - ICE FUTURES U.S.,nonrept,86119.0,88114.0,1119501.0
CIT,combined,2025-11-25,083731,COFFEE C - ICE FUTURES U.S.,cit,43001.0,6737.0,190855.0
CIT,combined,2025-11-25,083731,COFFEE C - ICE FUTURES U.S.,comm,38995.0,99523.0,190855.0
CIT,combined,2025-11-25,083731,COFFEE C - ICE FUTURES U.S.,noncomm,40606.0,17781.0,190855.0
CIT,combined,2025-11-25,083731,COFFEE C - ICE FUTURES U.S.,nonrept,8846.0,7408.0,190855.0
CIT,combined,2025-12-02,001602,WHEAT-SRW - CHICAGO BOARD OF TRADE,cit,133172.0,68128.0,462206.0
CIT,combined,2025-12-02,001602,WHEAT-SRW - CHICAGO BOARD OF TRADE,comm,87822.0,98117.0,462206.0
CIT,combined,2025-12-02,001602,WHEAT-SRW - CHICAGO BOARD OF TRADE,noncomm,63035.0,114063.0,462206.0
CIT,combined,2025-12-02,001602,WHEAT-SRW - CHICAGO BOARD OF TRADE,nonrept,28778.0,32498.0,462206.0
CIT,combined,2025-12-02,002602,CORN - CHICAGO BOARD OF TRADE,cit,443529.0,113278.0,1838317.0
CIT,combined,2025-12-02,002602,CORN - CHICAGO BOARD OF TRADE,comm,528409.0,738328.0,1838317.0
CIT,combined,2025-12-02,002602,CORN - CHICAGO BOARD OF TRADE,noncomm,161396.0,272493.0,1838317.0
CIT,combined,2025-12-02,002602,CORN - CHICAGO BOARD OF TRADE,nonrept,178323.0,187559.0,1838317.0
CIT,combined,2025-12-02,005602,SOYBEANS - CHICAGO BOARD OF TRADE,cit,243446.0,45004.0,1194302.0
CIT,combined,2025-12-02,005602,SOYBEANS - CHICAGO BOARD OF TRADE,comm,341802.0,683295.0,1194302.0
CIT,combined,2025-12-02,005602,SOYBEANS - CHICAGO BOARD OF TRADE,noncomm,224124.0,62758.0,1194302.0
CIT,combined,2025-12-02,005602,SOYBEANS - CHICAGO BOARD OF TRADE,nonrept,68141.0,86457.0,1194302.0
CIT,combined,2025-12-02,057642,LIVE CATTLE - CHICAGO MERCANTILE EXCHANGE,cit,99723.0,7832.0,512216.0
CIT,combined,2025-12-02,057642,LIVE CATTLE - CHICAGO MERCANTILE EXCHANGE,comm,100045.0,221996.0,512216.0
CIT,combined,2025-12-02,057642,LIVE CATTLE - CHICAGO MERCANTILE EXCHANGE,noncomm,79028.0,29146.0,512216.0
CIT,combined,2025-12-02,057642,LIVE CATTLE - CHICAGO MERCANTILE EXCHANGE,nonrept,32647.0,52469.0,512216.0
CIT,combined,2025-12-02,073732,COCOA - ICE FUTURES U.S.,cit,22577.0,12403.0,154270.0
CIT,combined,2025-12-02,073732,COCOA - ICE FUTURES U.S.,comm,53860.0,52595.0,154270.0
CIT,combined,2025-12-02,073732,COCOA - ICE FUTURES U.S.,noncomm,18736.0,27747.0,154270.0
CIT,combined,2025-12-02,073732,COCOA - ICE FUTURES U.S.,nonrept,8814.0,11243.0,154270.0
CIT,combined,2025-12-02,080732,SUGAR NO. 11 - ICE FUTURES U.S.,cit,270357.0,101155.0,1126784.0
CIT,combined,2025-12-02,080732,SUGAR NO. 11 - ICE FUTURES U.S.,comm,416364.0,389110.0,1126784.0
CIT,combined,2025-12-02,080732,SUGAR NO. 11 - ICE FUTURES U.S.,noncomm,71275.0,265479.0,1126784.0
CIT,combined,2025-12-02,080732,SUGAR NO. 11 - ICE FUTURES U.S.,nonrept,85940.0,88193.0,1126784.0
CIT,combined,2025-12-02,083731,COFFEE C - ICE FUTURES U.S.,cit,42551.0,6937.0,188517.0
CIT,combined,2025-12-02,083731,COFFEE C - ICE FUTURES U.S.,comm,38358.0,98267.0,188517.0
CIT,combined,2025-12-02,083731,COFFEE C - ICE FUTURES U.S.,noncomm,40893.0,18215.0,188517.0
CIT,combined,2025-12-02,083731,COFFEE C - ICE FUTURES U.S.,nonrept,9057.0,7439.0,188517.0
CIT,combined,2025-12-09,001602,WHEAT-SRW - CHICAGO BOARD OF TRADE,cit,133542.0,70142.0,482671.0
CIT,combined,2025-12-09,001602,WHEAT-SRW - CHICAGO BOARD OF TRADE,comm,91892.0,97586.0,482671.0
CIT,combined,2025-12-09,001602,WHEAT-SRW - CHICAGO BOARD OF TRADE,noncomm,69765.0,124523.0,482671.0
CIT,combined,2025-12-09,001602,WHEAT-SRW - CHICAGO BOARD OF TRADE,nonrept,28994.0,31941.0,482671.0
CIT,combined,2025-12-09,002602,CORN - CHICAGO BOARD OF TRADE,cit,442105.0,112663.0,1860019.0
CIT,combined,2025-12-09,002602,CORN - CHICAGO BOARD OF TRADE,comm,557023.0,746845.0,1860019.0
CIT,combined,2025-12-09,002602,CORN - CHICAGO BOARD OF TRADE,noncomm,150548.0,286904.0,1860019.0
CIT,combined,2025-12-09,002602,CORN - CHICAGO BOARD OF TRADE,nonrept,181683.0,184947.0,1860019.0
CIT,combined,2025-12-09,005602,SOYBEANS - CHICAGO BOARD OF TRADE,cit,240533.0,40441.0,1192964.0
CIT,combined,2025-12-09,005602,SOYBEANS - CHICAGO BOARD OF TRADE,comm,360443.0,661910.0,1192964.0
CIT,combined,2025-12-09,005602,SOYBEANS - CHICAGO BOARD OF TRADE,noncomm,199165.0,75325.0,1192964.0
CIT,combined,2025-12-09,005602,SOYBEANS - CHICAGO BOARD OF TRADE,nonrept,65050.0,87514.0,1192964.0
CIT,combined,2025-12-09,057642,LIVE CATTLE - CHICAGO MERCANTILE EXCHANGE,cit,99197.0,5422.0,443041.0
CIT,combined,2025-12-09,057642,LIVE CATTLE - CHICAGO MERCANTILE EXCHANGE,comm,84974.0,211850.0,443041.0
CIT,combined,2025-12-09,057642,LIVE CATTLE - CHICAGO MERCANTILE EXCHANGE,noncomm,83212.0,28444.0,443041.0
CIT,combined,2025-12-09,057642,LIVE CATTLE - CHICAGO MERCANTILE EXCHANGE,nonrept,28851.0,50517.0,443041.0
CIT,combined,2025-12-09,073732,COCOA - ICE FUTURES U.S.,cit,22633.0,11893.0,156575.0
CIT,combined,2025-12-09,073732,COCOA - ICE FUTURES U.S.,comm,52025.0,54895.0,156575.0
CIT,combined,2025-12-09,073732,COCOA - ICE FUTURES U.S.,noncomm,22239.0,27925.0,156575.0
CIT,combined,2025-12-09,073732,COCOA - ICE FUTURES U.S.,nonrept,9036.0,11218.0,156575.0
CIT,combined,2025-12-09,080732,SUGAR NO. 11 - ICE FUTURES U.S.,cit,268284.0,99758.0,1114061.0
CIT,combined,2025-12-09,080732,SUGAR NO. 11 - ICE FUTURES U.S.,comm,407649.0,383726.0,1114061.0
CIT,combined,2025-12-09,080732,SUGAR NO. 11 - ICE FUTURES U.S.,noncomm,78500.0,266718.0,1114061.0
CIT,combined,2025-12-09,080732,SUGAR NO. 11 - ICE FUTURES U.S.,nonrept,84772.0,89003.0,1114061.0
CIT,combined,2025-12-09,083731,COFFEE C - ICE FUTURES U.S.,cit,42725.0,7120.0,194281.0
CIT,combined,2025-12-09,083731,COFFEE C - ICE FUTURES U.S.,comm,40821.0,100514.0,194281.0
CIT,combined,2025-12-09,083731,COFFEE C - ICE FUTURES U.S.,noncomm,40602.0,17802.0,194281.0
CIT,combined,2025-12-09,083731,COFFEE C - ICE FUTURES U.S.,nonrept,8470.0,7183.0,194281.0
CIT,combined,2025-12-16,001602,WHEAT-SRW - CHICAGO BOARD OF TRADE,cit,140383.0,75740.0,541890.0
CIT,combined,2025-12-16,001602,WHEAT-SRW - CHICAGO BOARD OF TRADE,comm,116103.0,106605.0,541890.0
CIT,combined,2025-12-16,001602,WHEAT-SRW - CHICAGO BOARD OF TRADE,noncomm,77342.0,151393.0,541890.0
CIT,combined,2025-12-16,001602,WHEAT-SRW - CHICAGO BOARD OF TRADE,nonrept,32510.0,32600.0,541890.0
CIT,combined,2025-12-16,002602,CORN - CHICAGO BOARD OF TRADE,cit,433220.0,110426.0,1916455.0
CIT,combined,2025-12-16,002602,CORN - CHICAGO BOARD OF TRADE,comm,602173.0,727145.0,1916455.0
CIT,combined,2025-12-16,002602,CORN - CHICAGO BOARD OF TRADE,noncomm,142844.0,328954.0,1916455.0
CIT,combined,2025-12-16,002602,CORN - CHICAGO BOARD OF TRADE,nonrept,180833.0,192545.0,1916455.0
CIT,combined,2025-12-16,005602,SOYBEANS - CHICAGO BOARD OF TRADE,cit,237179.0,41010.0,1161576.0
CIT,combined,2025-12-16,005602,SOYBEANS - CHICAGO BOARD OF TRADE,comm,355266.0,625543.0,1161576.0
CIT,combined,2025-12-16,005602,SOYBEANS - CHICAGO BOARD OF TRADE,noncomm,166147.0,74063.0,1161576.0
CIT,combined,2025-12-16,005602,SOYBEANS - CHICAGO BOARD OF TRADE,nonrept,65714.0,83689.0,1161576.0
CIT,combined,2025-12-16,057642,LIVE CATTLE - CHICAGO MERCANTILE EXCHANGE,cit,99808.0,5564.0,446928.0
CIT,combined,2025-12-16,057642,LIVE CATTLE - CHICAGO MERCANTILE EXCHANGE,comm,82424.0,213077.0,446928.0
CIT,combined,2025-12-16,057642,LIVE CATTLE - CHICAGO MERCANTILE EXCHANGE,noncomm,87280.0,30061.0,446928.0
CIT,combined,2025-12-16,057642,LIVE CATTLE - CHICAGO MERCANTILE EXCHANGE,nonrept,29606.0,50416.0,446928.0
CIT,combined,2025-12-16,073732,COCOA - ICE FUTURES U.S.,cit,22480.0,11249.0,153399.0
CIT,combined,2025-12-16,073732,COCOA - ICE FUTURES U.S.,comm,51506.0,58915.0,153399.0
CIT,combined,2025-12-16,073732,COCOA - ICE FUTURES U.S.,noncomm,24247.0,25303.0,153399.0
CIT,combined,2025-12-16,073732,COCOA - ICE FUTURES U.S.,nonrept,7680.0,10445.0,153399.0
CIT,combined,2025-12-16,080732,SUGAR NO. 11 - ICE FUTURES U.S.,cit,273529.0,100839.0,1088161.0
CIT,combined,2025-12-16,080732,SUGAR NO. 11 - ICE FUTURES U.S.,comm,397691.0,386199.0,1088161.0
CIT,combined,2025-12-16,080732,SUGAR NO. 11 - ICE FUTURES U.S.,noncomm,78221.0,255472.0,1088161.0
CIT,combined,2025-12-16,080732,SUGAR NO. 11 - ICE FUTURES U.S.,nonrept,80840.0,87771.0,1088161.0
CIT,combined,2025-12-16,083731,COFFEE C - ICE FUTURES U.S.,cit,43195.0,7576.0,192007.0
CIT,combined,2025-12-16,083731,COFFEE C - ICE FUTURES U.S.,comm,41846.0,96906.0,192007.0
CIT,combined,2025-12-16,083731,COFFEE C - ICE FUTURES U.S.,noncomm,38332.0,19462.0,192007.0
CIT,combined,2025-12-16,083731,COFFEE C - ICE FUTURES U.S.,nonrept,8134.0,7563.0,192007.0
CIT,combined,2025-12-23,001602,WHEAT-SRW - CHICAGO BOARD OF TRADE,cit,142760.0,77344.0,557480.0
CIT,combined,2025-12-23,001602,WHEAT-SRW - CHICAGO BOARD OF TRADE,comm,128365.0,98388.0,557480.0
CIT,combined,2025-12-23,001602,WHEAT-SRW - CHICAGO BOARD OF TRADE,noncomm,75538.0,172022.0,557480.0
CIT,combined,2025-12-23,001602,WHEAT-SRW - CHICAGO BOARD OF TRADE,nonrept,33183.0,32092.0,557480.0
CIT,combined,2025-12-23,002602,CORN - CHICAGO BOARD OF TRADE,cit,427653.0,121016.0,1938042.0
CIT,combined,2025-12-23,002602,CORN - CHICAGO BOARD OF TRADE,comm,603249.0,779470.0,1938042.0
CIT,combined,2025-12-23,002602,CORN - CHICAGO BOARD OF TRADE,noncomm,140247.0,268724.0,1938042.0
CIT,combined,2025-12-23,002602,CORN - CHICAGO BOARD OF TRADE,nonrept,189572.0,191511.0,1938042.0
CIT,combined,2025-12-23,005602,SOYBEANS - CHICAGO BOARD OF TRADE,cit,227541.0,40609.0,1116964.0
CIT,combined,2025-12-23,005602,SOYBEANS - CHICAGO BOARD OF TRADE,comm,340997.0,581133.0,1116964.0
CIT,combined,2025-12-23,005602,SOYBEANS - CHICAGO BOARD OF TRADE,noncomm,133409.0,73534.0,1116964.0
CIT,combined,2025-12-23,005602,SOYBEANS - CHICAGO BOARD OF TRADE,nonrept,69975.0,76648.0,1116964.0
CIT,combined,2025-12-23,057642,LIVE CATTLE - CHICAGO MERCANTILE EXCHANGE,cit,101387.0,5757.0,453449.0
CIT,combined,2025-12-23,057642,LIVE CATTLE - CHICAGO MERCANTILE EXCHANGE,comm,81934.0,216906.0,453449.0
CIT,combined,2025-12-23,057642,LIVE CATTLE - CHICAGO MERCANTILE EXCHANGE,noncomm,89678.0,29069.0,453449.0
CIT,combined,2025-12-23,057642,LIVE CATTLE - CHICAGO MERCANTILE EXCHANGE,nonrept,29870.0,51138.0,453449.0
CIT,combined,2025-12-23,073732,COCOA - ICE FUTURES U.S.,cit,21720.0,11407.0,157724.0
CIT,combined,2025-12-23,073732,COCOA - ICE FUTURES U.S.,comm,51860.0,59578.0,157724.0
CIT,combined,2025-12-23,073732,COCOA - ICE FUTURES U.S.,noncomm,27068.0,27802.0,157724.0
CIT,combined,2025-12-23,073732,COCOA - ICE FUTURES U.S.,nonrept,8873.0,10733.0,157724.0
CIT,combined,2025-12-23,080732,SUGAR NO. 11 - ICE FUTURES U.S.,cit,272733.0,102941.0,1089237.0
CIT,combined,2025-12-23,080732,SUGAR NO. 11 - ICE FUTURES U.S.,comm,392748.0,394241.0,1089237.0
CIT,combined,2025-12-23,080732,SUGAR NO. 11 - ICE FUTURES U.S.,noncomm,83057.0,248661.0,1089237.0
CIT,combined,2025-12-23,080732,SUGAR NO. 11 - ICE FUTURES U.S.,nonrept,78016.0,80710.0,1089237.0
CIT,combined,2025-12-23,083731,COFFEE C - ICE FUTURES U.S.,cit,42077.0,7968.0,194499.0
CIT,combined,2025-12-23,083731,COFFEE C - ICE FUTURES U.S.,comm,50182.0,99154.0,194499.0
CIT,combined,2025-12-23,083731,COFFEE C - ICE FUTURES U.S.,noncomm,33579.0,19838.0,194499.0
CIT,combined,2025-12-23,083731,COFFEE C - ICE FUTURES U.S.,nonrept,8119.0,6997.0,194499.0
CIT,combined,2025-12-30,001602,WHEAT-SRW - CHICAGO BOARD OF TRADE,cit,139364.0,78559.0,544590.0
CIT,combined,2025-12-30,001602,WHEAT-SRW - CHICAGO BOARD OF TRADE,comm,121570.0,90315.0,544590.0
CIT,combined,2025-12-30,001602,WHEAT-SRW - CHICAGO BOARD OF TRADE,noncomm,79099.0,174087.0,544590.0
CIT,combined,2025-12-30,001602,WHEAT-SRW - CHICAGO BOARD OF TRADE,nonrept,32844.0,29918.0,544590.0
CIT,combined,2025-12-30,002602,CORN - CHICAGO BOARD OF TRADE,cit,422473.0,124465.0,1910488.0
CIT,combined,2025-12-30,002602,CORN - CHICAGO BOARD OF TRADE,comm,607045.0,765746.0,1910488.0
CIT,combined,2025-12-30,002602,CORN - CHICAGO BOARD OF TRADE,noncomm,152628.0,281489.0,1910488.0
CIT,combined,2025-12-30,002602,CORN - CHICAGO BOARD OF TRADE,nonrept,186980.0,197425.0,1910488.0
CIT,combined,2025-12-30,005602,SOYBEANS - CHICAGO BOARD OF TRADE,cit,220272.0,29673.0,938577.0
CIT,combined,2025-12-30,005602,SOYBEANS - CHICAGO BOARD OF TRADE,comm,298307.0,515896.0,938577.0
CIT,combined,2025-12-30,005602,SOYBEANS - CHICAGO BOARD OF TRADE,noncomm,113870.0,77836.0,938577.0
CIT,combined,2025-12-30,005602,SOYBEANS - CHICAGO BOARD OF TRADE,nonrept,65009.0,74054.0,938577.0
CIT,combined,2025-12-30,057642,LIVE CATTLE - CHICAGO MERCANTILE EXCHANGE,cit,101901.0,5998.0,454866.0
CIT,combined,2025-12-30,057642,LIVE CATTLE - CHICAGO MERCANTILE EXCHANGE,comm,81472.0,215853.0,454866.0
CIT,combined,2025-12-30,057642,LIVE CATTLE - CHICAGO MERCANTILE EXCHANGE,noncomm,89453.0,29930.0,454866.0
CIT,combined,2025-12-30,057642,LIVE CATTLE - CHICAGO MERCANTILE EXCHANGE,nonrept,27939.0,48984.0,454866.0
CIT,combined,2025-12-30,073732,COCOA - ICE FUTURES U.S.,cit,22885.0,10527.0,158522.0
CIT,combined,2025-12-30,073732,COCOA - ICE FUTURES U.S.,comm,50471.0,61209.0,158522.0
CIT,combined,2025-12-30,073732,COCOA - ICE FUTURES U.S.,noncomm,26963.0,27700.0,158522.0
CIT,combined,2025-12-30,073732,COCOA - ICE FUTURES U.S.,nonrept,8672.0,9555.0,158522.0
CIT,combined,2025-12-30,080732,SUGAR NO. 11 - ICE FUTURES U.S.,cit,271649.0,94316.0,1078540.0
CIT,combined,2025-12-30,080732,SUGAR NO. 11 - ICE FUTURES U.S.,comm,384215.0,396999.0,1078540.0
CIT,combined,2025-12-30,080732,SUGAR NO. 11 - ICE FUTURES U.S.,noncomm,79438.0,238540.0,1078540.0
CIT,combined,2025-12-30,080732,SUGAR NO. 11 - ICE FUTURES U.S.,nonrept,80106.0,85555.0,1078540.0
CIT,combined,2025-12-30,083731,COFFEE C - ICE FUTURES U.S.,cit,42362.0,8176.0,196037.0
CIT,combined,2025-12-30,083731,COFFEE C - ICE FUTURES U.S.,comm,49990.0,100337.0,196037.0
CIT,combined,2025-12-30,083731,COFFEE C - ICE FUTURES U.S.,noncomm,33774.0,18682.0,196037.0
CIT,combined,2025-12-30,083731,COFFEE C - ICE FUTURES U.S.,nonrept,8041.0,6972.0,196037.0
CIT,combined,2026-01-06,001602,WHEAT-SRW - CHICAGO BOARD OF TRADE,cit,143775.0,82577.0,561426.0
CIT,combined,2026-01-06,001602,WHEAT-SRW - CHICAGO BOARD OF TRADE,comm,128101.0,84524.0,561426.0
CIT,combined,2026-01-06,001602,WHEAT-SRW - CHICAGO BOARD OF TRADE,noncomm,75870.0,185520.0,561426.0
CIT,combined,2026-01-06,001602,WHEAT-SRW - CHICAGO BOARD OF TRADE,nonrept,36353.0,31479.0,561426.0
CIT,combined,2026-01-06,002602,CORN - CHICAGO BOARD OF TRADE,cit,421547.0,125040.0,1915459.0
CIT,combined,2026-01-06,002602,CORN - CHICAGO BOARD OF TRADE,comm,599793.0,772593.0,1915459.0
CIT,combined,2026-01-06,002602,CORN - CHICAGO BOARD OF TRADE,noncomm,160071.0,286185.0,1915459.0
CIT,combined,2026-01-06,002602,CORN - CHICAGO BOARD OF TRADE,nonrept,193506.0,191099.0,1915459.0
CIT,combined,2026-01-06,005602,SOYBEANS - CHICAGO BOARD OF TRADE,cit,222308.0,36532.0,961910.0
CIT,combined,2026-01-06,005602,SOYBEANS - CHICAGO BOARD OF TRADE,comm,309106.0,503053.0,961910.0
CIT,combined,2026-01-06,005602,SOYBEANS - CHICAGO BOARD OF TRADE,noncomm,107411.0,85512.0,961910.0
CIT,combined,2026-01-06,005602,SOYBEANS - CHICAGO BOARD OF TRADE,nonrept,63124.0,76851.0,961910.0
CIT,combined,2026-01-06,057642,LIVE CATTLE - CHICAGO MERCANTILE EXCHANGE,cit,103689.0,6456.0,445732.0
CIT,combined,2026-01-06,057642,LIVE CATTLE - CHICAGO MERCANTILE EXCHANGE,comm,77019.0,215609.0,445732.0
CIT,combined,2026-01-06,057642,LIVE CATTLE - CHICAGO MERCANTILE EXCHANGE,noncomm,90128.0,28664.0,445732.0
CIT,combined,2026-01-06,057642,LIVE CATTLE - CHICAGO MERCANTILE EXCHANGE,nonrept,29381.0,49488.0,445732.0
CIT,combined,2026-01-06,073732,COCOA - ICE FUTURES U.S.,cit,24045.0,10804.0,162817.0
CIT,combined,2026-01-06,073732,COCOA - ICE FUTURES U.S.,comm,51758.0,64140.0,162817.0
CIT,combined,2026-01-06,073732,COCOA - ICE FUTURES U.S.,noncomm,26932.0,27316.0,162817.0
CIT,combined,2026-01-06,073732,COCOA - ICE FUTURES U.S.,nonrept,9128.0,9604.0,162817.0
CIT,combined,2026-01-06,080732,SUGAR NO. 11 - ICE FUTURES U.S.,cit,275982.0,96054.0,1101827.0
CIT,combined,2026-01-06,080732,SUGAR NO. 11 - ICE FUTURES U.S.,comm,395973.0,400952.0,1101827.0
CIT,combined,2026-01-06,080732,SUGAR NO. 11 - ICE FUTURES U.S.,noncomm,74373.0,245129.0,1101827.0
CIT,combined,2026-01-06,080732,SUGAR NO. 11 - ICE FUTURES U.S.,nonrept,78687.0,82881.0,1101827.0
CIT,combined,2026-01-06,083731,COFFEE C - ICE FUTURES U.S.,cit,43490.0,8602.0,203506.0
CIT,combined,2026-01-06,083731,COFFEE C - ICE FUTURES U.S.,comm,51811.0,107381.0,203506.0
CIT,combined,2026-01-06,083731,COFFEE C - ICE FUTURES U.S.,noncomm,37358.0,17562.0,203506.0
CIT,combined,2026-01-06,083731,COFFEE C - ICE FUTURES U.S.,nonrept,8075.0,7188.0,203506.0
CIT,combined,2026-01-13,001602,WHEAT-SRW - CHICAGO BOARD OF TRADE,cit,152641.0,83626.0,576837.0
CIT,combined,2026-01-13,001602,WHEAT-SRW - CHICAGO BOARD OF TRADE,comm,126567.0,93071.0,576837.0
CIT,combined,2026-01-13,001602,WHEAT-SRW - CHICAGO BOARD OF TRADE,noncomm,77001.0,182577.0,576837.0
CIT,combined,2026-01-13,001602,WHEAT-SRW - CHICAGO BOARD OF TRADE,nonrept,34107.0,31042.0,576837.0
CIT,combined,2026-01-13,002602,CORN - CHICAGO BOARD OF TRADE,cit,441781.0,125016.0,2035735.0
CIT,combined,2026-01-13,002602,CORN - CHICAGO BOARD OF TRADE,comm,671098.0,771268.0,2035735.0
CIT,combined,2026-01-13,002602,CORN - CHICAGO BOARD OF TRADE,noncomm,142980.0,344315.0,2035735.0
CIT,combined,2026-01-13,002602,CORN - CHICAGO BOARD OF TRADE,nonrept,184962.0,200221.0,2035735.0
CIT,combined,2026-01-13,005602,SOYBEANS - CHICAGO BOARD OF TRADE,cit,225855.0,44940.0,1018811.0
CIT,combined,2026-01-13,005602,SOYBEANS - CHICAGO BOARD OF TRADE,comm,347646.0,490886.0,1018811.0
CIT,combined,2026-01-13,005602,SOYBEANS - CHICAGO BOARD OF TRADE,noncomm,91452.0,107840.0,1018811.0
CIT,combined,2026-01-13,005602,SOYBEANS - CHICAGO BOARD OF TRADE,nonrept,60217.0,81504.0,1018811.0
CIT,combined,2026-01-13,057642,LIVE CATTLE - CHICAGO MERCANTILE EXCHANGE,cit,103554.0,6815.0,445879.0
CIT,combined,2026-01-13,057642,LIVE CATTLE - CHICAGO MERCANTILE EXCHANGE,comm,74847.0,222151.0,445879.0
CIT,combined,2026-01-13,057642,LIVE CATTLE - CHICAGO MERCANTILE EXCHANGE,noncomm,94170.0,22901.0,445879.0
CIT,combined,2026-01-13,057642,LIVE CATTLE - CHICAGO MERCANTILE EXCHANGE,nonrept,30579.0,51283.0,445879.0
CIT,combined,2026-01-13,073732,COCOA - ICE FUTURES U.S.,cit,38697.0,11045.0,176859.0
CIT,combined,2026-01-13,073732,COCOA - ICE FUTURES U.S.,comm,52045.0,62135.0,176859.0
CIT,combined,2026-01-13,073732,COCOA - ICE FUTURES U.S.,noncomm,13813.0,28805.0,176859.0
CIT,combined,2026-01-13,073732,COCOA - ICE FUTURES U.S.,nonrept,9887.0,12457.0,176859.0
CIT,combined,2026-01-13,080732,SUGAR NO. 11 - ICE FUTURES U.S.,cit,307375.0,98795.0,1130938.0
CIT,combined,2026-01-13,080732,SUGAR NO. 11 - ICE FUTURES U.S.,comm,395407.0,413777.0,1130938.0
CIT,combined,2026-01-13,080732,SUGAR NO. 11 - ICE FUTURES U.S.,noncomm,66744.0,247932.0,1130938.0
CIT,combined,2026-01-13,080732,SUGAR NO. 11 - ICE FUTURES U.S.,nonrept,73790.0,82812.0,1130938.0
CIT,combined,2026-01-13,083731,COFFEE C - ICE FUTURES U.S.,cit,44541.0,8603.0,201537.0
CIT,combined,2026-01-13,083731,COFFEE C - ICE FUTURES U.S.,comm,52527.0,109619.0,201537.0
CIT,combined,2026-01-13,083731,COFFEE C - ICE FUTURES U.S.,noncomm,37538.0,17595.0,201537.0
CIT,combined,2026-01-13,083731,COFFEE C - ICE FUTURES U.S.,nonrept,8178.0,6967.0,201537.0
CIT,combined,2026-01-20,001602,WHEAT-SRW - CHICAGO BOARD OF TRADE,cit,154636.0,86534.0,584981.0
CIT,combined,2026-01-20,001602,WHEAT-SRW - CHICAGO BOARD OF TRADE,comm,131736.0,94531.0,584981.0
CIT,combined,2026-01-20,001602,WHEAT-SRW - CHICAGO BOARD OF TRADE,noncomm,74462.0,184657.0,584981.0
CIT,combined,2026-01-20,001602,WHEAT-SRW - CHICAGO BOARD OF TRADE,nonrept,36184.0,31294.0,584981.0
CIT,combined,2026-01-20,002602,CORN - CHICAGO BOARD OF TRADE,cit,445286.0,135284.0,2088297.0
CIT,combined,2026-01-20,002602,CORN - CHICAGO BOARD OF TRADE,comm,673331.0,765973.0,2088297.0
CIT,combined,2026-01-20,002602,CORN - CHICAGO BOARD OF TRADE,noncomm,145875.0,349309.0,2088297.0
CIT,combined,2026-01-20,002602,CORN - CHICAGO BOARD OF TRADE,nonrept,184959.0,198886.0,2088297.0
CIT,combined,2026-01-20,005602,SOYBEANS - CHICAGO BOARD OF TRADE,cit,220642.0,49700.0,1038385.0
CIT,combined,2026-01-20,005602,SOYBEANS - CHICAGO BOARD OF TRADE,comm,365689.0,498078.0,1038385.0
CIT,combined,2026-01-20,005602,SOYBEANS - CHICAGO BOARD OF TRADE,noncomm,85208.0,104370.0,1038385.0
CIT,combined,2026-01-20,005602,SOYBEANS - CHICAGO BOARD OF TRADE,nonrept,60745.0,80137.0,1038385.0
CIT,combined,2026-01-20,057642,LIVE CATTLE - CHICAGO MERCANTILE EXCHANGE,cit,104895.0,7100.0,453665.0
CIT,combined,2026-01-20,057642,LIVE CATTLE - CHICAGO MERCANTILE EXCHANGE,comm,78660.0,226320.0,453665.0
CIT,combined,2026-01-20,057642,LIVE CATTLE - CHICAGO MERCANTILE EXCHANGE,noncomm,94530.0,24114.0,453665.0
CIT,combined,2026-01-20,057642,LIVE CATTLE - CHICAGO MERCANTILE EXCHANGE,nonrept,31567.0,52118.0,453665.0
CIT,combined,2026-01-20,073732,COCOA - ICE FUTURES U.S.,cit,46195.0,13227.0,199088.0
CIT,combined,2026-01-20,073732,COCOA - ICE FUTURES U.S.,comm,56990.0,65411.0,199088.0
CIT,combined,2026-01-20,073732,COCOA - ICE FUTURES U.S.,noncomm,12673.0,36548.0,199088.0
CIT,combined,2026-01-20,073732,COCOA - ICE FUTURES U.S.,nonrept,9822.0,10493.0,199088.0
CIT,combined,2026-01-20,080732,SUGAR NO. 11 - ICE FUTURES U.S.,cit,318979.0,101126.0,1144934.0
CIT,combined,2026-01-20,080732,SUGAR NO. 11 - ICE FUTURES U.S.,comm,404541.0,419227.0,1144934.0
CIT,combined,2026-01-20,080732,SUGAR NO. 11 - ICE FUTURES U.S.,noncomm,65124.0,257084.0,1144934.0
CIT,combined,2026-01-20,080732,SUGAR NO. 11 - ICE FUTURES U.S.,nonrept,72282.0,83490.0,1144934.0
CIT,combined,2026-01-20,083731,COFFEE C - ICE FUTURES U.S.,cit,44556.0,9008.0,202366.0
CIT,combined,2026-01-20,083731,COFFEE C - ICE FUTURES U.S.,comm,52556.0,105584.0,202366.0
CIT,combined,2026-01-20,083731,COFFEE C - ICE FUTURES U.S.,noncomm,36327.0,19098.0,202366.0
CIT,combined,2026-01-20,083731,COFFEE C - ICE FUTURES U.S.,nonrept,7834.0,7583.0,202366.0
CIT,combined,2026-01-27,001602,WHEAT-SRW - CHICAGO BOARD OF TRADE,cit,157233.0,92276.0,597251.0
CIT,combined,2026-01-27,001602,WHEAT-SRW - CHICAGO BOARD OF TRADE,comm,127881.0,100098.0,597251.0
CIT,combined,2026-01-27,001602,WHEAT-SRW - CHICAGO BOARD OF TRADE,noncomm,69192.0,165571.0,597251.0
CIT,combined,2026-01-27,001602,WHEAT-SRW - CHICAGO BOARD OF TRADE,nonrept,36163.0,32524.0,597251.0
CIT,combined,2026-01-27,002602,CORN - CHICAGO BOARD OF TRADE,cit,430942.0,132656.0,2092648.0
CIT,combined,2026-01-27,002602,CORN - CHICAGO BOARD OF TRADE,comm,656819.0,766246.0,2092648.0
CIT,combined,2026-01-27,002602,CORN - CHICAGO BOARD OF TRADE,noncomm,163620.0,335886.0,2092648.0
CIT,combined,2026-01-27,002602,CORN - CHICAGO BOARD OF TRADE,nonrept,183105.0,199699.0,2092648.0
CIT,combined,2026-01-27,005602,SOYBEANS - CHICAGO BOARD OF TRADE,cit,218795.0,49572.0,1047723.0
CIT,combined,2026-01-27,005602,SOYBEANS - CHICAGO BOARD OF TRADE,comm,372135.0,512401.0,1047723.0
CIT,combined,2026-01-27,005602,SOYBEANS - CHICAGO BOARD OF TRADE,noncomm,94936.0,103451.0,1047723.0
CIT,combined,2026-01-27,005602,SOYBEANS - CHICAGO BOARD OF TRADE,nonrept,61229.0,81670.0,1047723.0
CIT,combined,2026-01-27,057642,LIVE CATTLE - CHICAGO MERCANTILE EXCHANGE,cit,102355.0,7146.0,454434.0
CIT,combined,2026-01-27,057642,LIVE CATTLE - CHICAGO MERCANTILE EXCHANGE,comm,78866.0,226447.0,454434.0
CIT,combined,2026-01-27,057642,LIVE CATTLE - CHICAGO MERCANTILE EXCHANGE,noncomm,95576.0,23268.0,454434.0
CIT,combined,2026-01-27,057642,LIVE CATTLE - CHICAGO MERCANTILE EXCHANGE,nonrept,32026.0,51963.0,454434.0
CIT,combined,2026-01-27,073732,COCOA - ICE FUTURES U.S.,cit,48409.0,13828.0,214424.0
CIT,combined,2026-01-27,073732,COCOA - ICE FUTURES U.S.,comm,60014.0,71026.0,214424.0
CIT,combined,2026-01-27,073732,COCOA - ICE FUTURES U.S.,noncomm,13252.0,36336.0,214424.0
CIT,combined,2026-01-27,073732,COCOA - ICE FUTURES U.S.,nonrept,10551.0,11035.0,214424.0
CIT,combined,2026-01-27,080732,SUGAR NO. 11 - ICE FUTURES U.S.,cit,314128.0,102266.0,1179469.0
CIT,combined,2026-01-27,080732,SUGAR NO. 11 - ICE FUTURES U.S.,comm,408603.0,438336.0,1179469.0
CIT,combined,2026-01-27,080732,SUGAR NO. 11 - ICE FUTURES U.S.,noncomm,76662.0,250405.0,1179469.0
CIT,combined,2026-01-27,080732,SUGAR NO. 11 - ICE FUTURES U.S.,nonrept,79595.0,87980.0,1179469.0
CIT,combined,2026-01-27,083731,COFFEE C - ICE FUTURES U.S.,cit,43804.0,8555.0,206991.0
CIT,combined,2026-01-27,083731,COFFEE C - ICE FUTURES U.S.,comm,54113.0,110097.0,206991.0
CIT,combined,2026-01-27,083731,COFFEE C - ICE FUTURES U.S.,noncomm,38242.0,18730.0,206991.0
CIT,combined,2026-01-27,083731,COFFEE C - ICE FUTURES U.S.,nonrept,7965.0,6743.0,206991.0
CIT,combined,2026-02-03,001602,WHEAT-SRW - CHICAGO BOARD OF TRADE,cit,165714.0,100644.0,612046.0
CIT,combined,2026-02-03,001602,WHEAT-SRW - CHICAGO BOARD OF TRADE,comm,123920.0,102505.0,612046.0
CIT,combined,2026-02-03,001602,WHEAT-SRW - CHICAGO BOARD OF TRADE,noncomm,71300.0,157206.0,612046.0
CIT,combined,2026-02-03,001602,WHEAT-SRW - CHICAGO BOARD OF TRADE,nonrept,35197.0,35776.0,612046.0
CIT,combined,2026-02-03,002602,CORN - CHICAGO BOARD OF TRADE,cit,442524.0,131516.0,2142087.0
CIT,combined,2026-02-03,002602,CORN - CHICAGO BOARD OF TRADE,comm,664766.0,775297.0,2142087.0
CIT,combined,2026-02-03,002602,CORN - CHICAGO BOARD OF TRADE,noncomm,153164.0,339234.0,2142087.0
CIT,combined,2026-02-03,002602,CORN - CHICAGO BOARD OF TRADE,nonrept,185353.0,199759.0,2142087.0
CIT,combined,2026-02-03,005602,SOYBEANS - CHICAGO BOARD OF TRADE,cit,221630.0,49111.0,1084818.0
CIT,combined,2026-02-03,005602,SOYBEANS - CHICAGO BOARD OF TRADE,comm,385761.0,533315.0,1084818.0
CIT,combined,2026-02-03,005602,SOYBEANS - CHICAGO BOARD OF TRADE,noncomm,104602.0,108026.0,1084818.0
CIT,combined,2026-02-03,005602,SOYBEANS - CHICAGO BOARD OF TRADE,nonrept,59864.0,81404.0,1084818.0
CIT,combined,2026-02-03,057642,LIVE CATTLE - CHICAGO MERCANTILE EXCHANGE,cit,98789.0,6695.0,464755.0
CIT,combined,2026-02-03,057642,LIVE CATTLE - CHICAGO MERCANTILE EXCHANGE,comm,78274.0,231997.0,464755.0
CIT,combined,2026-02-03,057642,LIVE CATTLE - CHICAGO MERCANTILE EXCHANGE,noncomm,101836.0,19836.0,464755.0
CIT,combined,2026-02-03,057642,LIVE CATTLE - CHICAGO MERCANTILE EXCHANGE,nonrept,30834.0,51204.0,464755.0
CIT,combined,2026-02-03,073732,COCOA - ICE FUTURES U.S.,cit,52317.0,14264.0,229531.0
CIT,combined,2026-02-03,073732,COCOA - ICE FUTURES U.S.,comm,63713.0,77183.0,229531.0
CIT,combined,2026-02-03,073732,COCOA - ICE FUTURES U.S.,noncomm,13339.0,38736.0,229531.0
CIT,combined,2026-02-03,073732,COCOA - ICE FUTURES U.S.,nonrept,10621.0,9808.0,229531.0
CIT,combined,2026-02-03,080732,SUGAR NO. 11 - ICE FUTURES U.S.,cit,320854.0,109663.0,1243607.0
CIT,combined,2026-02-03,080732,SUGAR NO. 11 - ICE FUTURES U.S.,comm,448235.0,420195.0,1243607.0
CIT,combined,2026-02-03,080732,SUGAR NO. 11 - ICE FUTURES U.S.,noncomm,75745.0,290223.0,1243607.0
CIT,combined,2026-02-03,080732,SUGAR NO. 11 - ICE FUTURES U.S.,nonrept,81735.0,106489.0,1243607.0
CIT,combined,2026-02-03,083731,COFFEE C - ICE FUTURES U.S.,cit,42718.0,9610.0,226490.0
CIT,combined,2026-02-03,083731,COFFEE C - ICE FUTURES U.S.,comm,66877.0,107767.0,226490.0
CIT,combined,2026-02-03,083731,COFFEE C - ICE FUTURES U.S.,noncomm,31440.0,24109.0,226490.0
CIT,combined,2026-02-03,083731,COFFEE C - ICE FUTURES U.S.,nonrept,9324.0,8874.0,226490.0
CIT,combined,2026-02-10,001602,WHEAT-SRW - CHICAGO BOARD OF TRADE,cit,156512.0,84952.0,590543.0
CIT,combined,2026-02-10,001602,WHEAT-SRW - CHICAGO BOARD OF TRADE,comm,121321.0,104201.0,590543.0
CIT,combined,2026-02-10,001602,WHEAT-SRW - CHICAGO BOARD OF TRADE,noncomm,75222.0,164282.0,590543.0
CIT,combined,2026-02-10,001602,WHEAT-SRW - CHICAGO BOARD OF TRADE,nonrept,37185.0,36805.0,590543.0
CIT,combined,2026-02-10,002602,CORN - CHICAGO BOARD OF TRADE,cit,450175.0,127101.0,2158210.0
CIT,combined,2026-02-10,002602,CORN - CHICAGO BOARD OF TRADE,comm,695054.0,832347.0,2158210.0
CIT,combined,2026-02-10,002602,CORN - CHICAGO BOARD OF TRADE,noncomm,155402.0,324089.0,2158210.0
CIT,combined,2026-02-10,002602,CORN - CHICAGO BOARD OF TRADE,nonrept,189597.0,206692.0,2158210.0
CIT,combined,2026-02-10,005602,SOYBEANS - CHICAGO BOARD OF TRADE,cit,230878.0,47339.0,1207201.0
CIT,combined,2026-02-10,005602,SOYBEANS - CHICAGO BOARD OF TRADE,comm,399377.0,631379.0,1207201.0
CIT,combined,2026-02-10,005602,SOYBEANS - CHICAGO BOARD OF TRADE,noncomm,152038.0,75611.0,1207201.0
CIT,combined,2026-02-10,005602,SOYBEANS - CHICAGO BOARD OF TRADE,nonrept,63008.0,90973.0,1207201.0
CIT,combined,2026-02-10,057642,LIVE CATTLE - CHICAGO MERCANTILE EXCHANGE,cit,97174.0,5810.0,427229.0
CIT,combined,2026-02-10,057642,LIVE CATTLE - CHICAGO MERCANTILE EXCHANGE,comm,74528.0,220291.0,427229.0
CIT,combined,2026-02-10,057642,LIVE CATTLE - CHICAGO MERCANTILE EXCHANGE,noncomm,97870.0,23456.0,427229.0
CIT,combined,2026-02-10,057642,LIVE CATTLE - CHICAGO MERCANTILE EXCHANGE,nonrept,30599.0,50614.0,427229.0
CIT,combined,2026-02-10,073732,COCOA - ICE FUTURES U.S.,cit,50207.0,13093.0,239572.0
CIT,combined,2026-02-10,073732,COCOA - ICE FUTURES U.S.,comm,69480.0,81253.0,239572.0
CIT,combined,2026-02-10,073732,COCOA - ICE FUTURES U.S.,noncomm,12332.0,39242.0,239572.0
CIT,combined,2026-02-10,073732,COCOA - ICE FUTURES U.S.,nonrept,11757.0,10189.0,239572.0
CIT,combined,2026-02-10,080732,SUGAR NO. 11 - ICE FUTURES U.S.,cit,320888.0,113615.0,1288048.0
CIT,combined,2026-02-10,080732,SUGAR NO. 11 - ICE FUTURES U.S.,comm,469904.0,425733.0,1288048.0
CIT,combined,2026-02-10,080732,SUGAR NO. 11 - ICE FUTURES U.S.,noncomm,90421.0,319983.0,1288048.0
CIT,combined,2026-02-10,080732,SUGAR NO. 11 - ICE FUTURES U.S.,nonrept,89089.0,110970.0,1288048.0
CIT,combined,2026-02-10,083731,COFFEE C - ICE FUTURES U.S.,cit,40032.0,9385.0,226115.0
CIT,combined,2026-02-10,083731,COFFEE C - ICE FUTURES U.S.,comm,67303.0,101250.0,226115.0
CIT,combined,2026-02-10,083731,COFFEE C - ICE FUTURES U.S.,noncomm,30294.0,27428.0,226115.0
CIT,combined,2026-02-10,083731,COFFEE C - ICE FUTURES U.S.,nonrept,8936.0,8503.0,226115.0
CIT,combined,2026-02-17,001602,WHEAT-SRW - CHICAGO BOARD OF TRADE,cit,149431.0,73905.0,544127.0
CIT,combined,2026-02-17,001602,WHEAT-SRW - CHICAGO BOARD OF TRADE,comm,105303.0,100488.0,544127.0
CIT,combined,2026-02-17,001602,WHEAT-SRW - CHICAGO BOARD OF TRADE,noncomm,69664.0,147384.0,544127.0
CIT,combined,2026-02-17,001602,WHEAT-SRW - CHICAGO BOARD OF TRADE,nonrept,35760.0,38381.0,544127.0
CIT,combined,2026-02-17,002602,CORN - CHICAGO BOARD OF TRADE,cit,458177.0,137064.0,2203979.0
CIT,combined,2026-02-17,002602,CORN - CHICAGO BOARD OF TRADE,comm,708450.0,854491.0,2203979.0
CIT,combined,2026-02-17,002602,CORN - CHICAGO BOARD OF TRADE,noncomm,157628.0,313385.0,2203979.0
CIT,combined,2026-02-17,002602,CORN - CHICAGO BOARD OF TRADE,nonrept,186666.0,205981.0,2203979.0
CIT,combined,2026-02-17,005602,SOYBEANS - CHICAGO BOARD OF TRADE,cit,241243.0,50135.0,1281116.0
CIT,combined,2026-02-17,005602,SOYBEANS - CHICAGO BOARD OF TRADE,comm,401519.0,672574.0,1281116.0
CIT,combined,2026-02-17,005602,SOYBEANS - CHICAGO BOARD OF TRADE,noncomm,182502.0,67262.0,1281116.0
CIT,combined,2026-02-17,005602,SOYBEANS - CHICAGO BOARD OF TRADE,nonrept,59826.0,95120.0,1281116.0
CIT,combined,2026-02-17,057642,LIVE CATTLE - CHICAGO MERCANTILE EXCHANGE,cit,97994.0,7584.0,435731.0
CIT,combined,2026-02-17,057642,LIVE CATTLE - CHICAGO MERCANTILE EXCHANGE,comm,69840.0,222866.0,435731.0
CIT,combined,2026-02-17,057642,LIVE CATTLE - CHICAGO MERCANTILE EXCHANGE,noncomm,106808.0,22945.0,435731.0
CIT,combined,2026-02-17,057642,LIVE CATTLE - CHICAGO MERCANTILE EXCHANGE,nonrept,30027.0,51274.0,435731.0
CIT,combined,2026-02-17,073732,COCOA - ICE FUTURES U.S.,cit,46751.0,10692.0,215270.0
CIT,combined,2026-02-17,073732,COCOA - ICE FUTURES U.S.,comm,60989.0,73032.0,215270.0
CIT,combined,2026-02-17,073732,COCOA - ICE FUTURES U.S.,noncomm,13698.0,38241.0,215270.0
CIT,combined,2026-02-17,073732,COCOA - ICE FUTURES U.S.,nonrept,11792.0,11265.0,215270.0
CIT,combined,2026-02-17,080732,SUGAR NO. 11 - ICE FUTURES U.S.,cit,317345.0,108256.0,1247362.0
CIT,combined,2026-02-17,080732,SUGAR NO. 11 - ICE FUTURES U.S.,comm,458699.0,401965.0,1247362.0
CIT,combined,2026-02-17,080732,SUGAR NO. 11 - ICE FUTURES U.S.,noncomm,93797.0,348911.0,1247362.0
CIT,combined,2026-02-17,080732,SUGAR NO. 11 - ICE FUTURES U.S.,nonrept,85333.0,96043.0,1247362.0
CIT,combined,2026-02-17,083731,COFFEE C - ICE FUTURES U.S.,cit,38507.0,9692.0,192439.0
CIT,combined,2026-02-17,083731,COFFEE C - ICE FUTURES U.S.,comm,52376.0,83077.0,192439.0
CIT,combined,2026-02-17,083731,COFFEE C - ICE FUTURES U.S.,noncomm,30934.0,28671.0,192439.0
CIT,combined,2026-02-17,083731,COFFEE C - ICE FUTURES U.S.,nonrept,7919.0,8296.0,192439.0
CIT,combined,2026-02-24,001602,WHEAT-SRW - CHICAGO BOARD OF TRADE,cit,150197.0,56073.0,516198.0
CIT,combined,2026-02-24,001602,WHEAT-SRW - CHICAGO BOARD OF TRADE,comm,85241.0,123619.0,516198.0
CIT,combined,2026-02-24,001602,WHEAT-SRW - CHICAGO BOARD OF TRADE,noncomm,78968.0,130094.0,516198.0
CIT,combined,2026-02-24,001602,WHEAT-SRW - CHICAGO BOARD OF TRADE,nonrept,33877.0,38497.0,516198.0
CIT,combined,2026-02-24,002602,CORN - CHICAGO BOARD OF TRADE,cit,434140.0,110216.0,1995866.0
CIT,combined,2026-02-24,002602,CORN - CHICAGO BOARD OF TRADE,comm,644890.0,818655.0,1995866.0
CIT,combined,2026-02-24,002602,CORN - CHICAGO BOARD OF TRADE,noncomm,163132.0,293149.0,1995866.0
CIT,combined,2026-02-24,002602,CORN - CHICAGO BOARD OF TRADE,nonrept,179156.0,199297.0,1995866.0
CIT,combined,2026-02-24,005602,SOYBEANS - CHICAGO BOARD OF TRADE,cit,238007.0,38200.0,1190468.0
CIT,combined,2026-02-24,005602,SOYBEANS - CHICAGO BOARD OF TRADE,comm,358935.0,644349.0,1190468.0
CIT,combined,2026-02-24,005602,SOYBEANS - CHICAGO BOARD OF TRADE,noncomm,185865.0,61450.0,1190468.0
CIT,combined,2026-02-24,005602,SOYBEANS - CHICAGO BOARD OF TRADE,nonrept,57566.0,96375.0,1190468.0
CIT,combined,2026-02-24,057642,LIVE CATTLE - CHICAGO MERCANTILE EXCHANGE,cit,100155.0,8496.0,452607.0
CIT,combined,2026-02-24,057642,LIVE CATTLE - CHICAGO MERCANTILE EXCHANGE,comm,68204.0,221489.0,452607.0
CIT,combined,2026-02-24,057642,LIVE CATTLE - CHICAGO MERCANTILE EXCHANGE,noncomm,108212.0,23742.0,452607.0
CIT,combined,2026-02-24,057642,LIVE CATTLE - CHICAGO MERCANTILE EXCHANGE,nonrept,30905.0,53750.0,452607.0
CIT,combined,2026-02-24,073732,COCOA - ICE FUTURES U.S.,cit,47913.0,11934.0,241934.0
CIT,combined,2026-02-24,073732,COCOA - ICE FUTURES U.S.,comm,65611.0,81758.0,241934.0
CIT,combined,2026-02-24,073732,COCOA - ICE FUTURES U.S.,noncomm,18289.0,39413.0,241934.0
CIT,combined,2026-02-24,073732,COCOA - ICE FUTURES U.S.,nonrept,11653.0,10360.0,241934.0
CIT,combined,2026-02-24,080732,SUGAR NO. 11 - ICE FUTURES U.S.,cit,317831.0,112781.0,1203496.0
CIT,combined,2026-02-24,080732,SUGAR NO. 11 - ICE FUTURES U.S.,comm,418275.0,365462.0,1203496.0
CIT,combined,2026-02-24,080732,SUGAR NO. 11 - ICE FUTURES U.S.,noncomm,103983.0,349846.0,1203496.0
CIT,combined,2026-02-24,080732,SUGAR NO. 11 - ICE FUTURES U.S.,nonrept,78811.0,90811.0,1203496.0
CIT,combined,2026-02-24,083731,COFFEE C - ICE FUTURES U.S.,cit,37225.0,10564.0,202235.0
CIT,combined,2026-02-24,083731,COFFEE C - ICE FUTURES U.S.,comm,56329.0,86475.0,202235.0
CIT,combined,2026-02-24,083731,COFFEE C - ICE FUTURES U.S.,noncomm,31514.0,28028.0,202235.0
CIT,combined,2026-02-24,083731,COFFEE C - ICE FUTURES U.S.,nonrept,7743.0,7743.0,202235.0
CIT,combined,2026-03-03,001602,WHEAT-SRW - CHICAGO BOARD OF TRADE,cit,153510.0,57506.0,515115.0
CIT,combined,2026-03-03,001602,WHEAT-SRW - CHICAGO BOARD OF TRADE,comm,82669.0,117608.0,515115.0
CIT,combined,2026-03-03,001602,WHEAT-SRW - CHICAGO BOARD OF TRADE,noncomm,63691.0,122995.0,515115.0
CIT,combined,2026-03-03,001602,WHEAT-SRW - CHICAGO BOARD OF TRADE,nonrept,35672.0,37433.0,515115.0
CIT,combined,2026-03-03,002602,CORN - CHICAGO BOARD OF TRADE,cit,448586.0,108155.0,2018287.0
CIT,combined,2026-03-03,002602,CORN - CHICAGO BOARD OF TRADE,comm,614349.0,870153.0,2018287.0
CIT,combined,2026-03-03,002602,CORN - CHICAGO BOARD OF TRADE,noncomm,186455.0,241940.0,2018287.0
CIT,combined,2026-03-03,002602,CORN - CHICAGO BOARD OF TRADE,nonrept,175364.0,204505.0,2018287.0
CIT,combined,2026-03-03,005602,SOYBEANS - CHICAGO BOARD OF TRADE,cit,256979.0,41609.0,1241062.0
CIT,combined,2026-03-03,005602,SOYBEANS - CHICAGO BOARD OF TRADE,comm,352596.0,653651.0,1241062.0
CIT,combined,2026-03-03,005602,SOYBEANS - CHICAGO BOARD OF TRADE,noncomm,196689.0,73225.0,1241062.0
CIT,combined,2026-03-03,005602,SOYBEANS - CHICAGO BOARD OF TRADE,nonrept,55516.0,93297.0,1241062.0
CIT,combined,2026-03-03,057642,LIVE CATTLE - CHICAGO MERCANTILE EXCHANGE,cit,99364.0,10129.0,459972.0
CIT,combined,2026-03-03,057642,LIVE CATTLE - CHICAGO MERCANTILE EXCHANGE,comm,74407.0,217988.0,459972.0
CIT,combined,2026-03-03,057642,LIVE CATTLE - CHICAGO MERCANTILE EXCHANGE,noncomm,101941.0,25975.0,459972.0
CIT,combined,2026-03-03,057642,LIVE CATTLE - CHICAGO MERCANTILE EXCHANGE,nonrept,30895.0,52514.0,459972.0
CIT,combined,2026-03-03,073732,COCOA - ICE FUTURES U.S.,cit,50564.0,12831.0,255382.0
CIT,combined,2026-03-03,073732,COCOA - ICE FUTURES U.S.,comm,72888.0,84270.0,255382.0
CIT,combined,2026-03-03,073732,COCOA - ICE FUTURES U.S.,noncomm,19831.0,47764.0,255382.0
CIT,combined,2026-03-03,073732,COCOA - ICE FUTURES U.S.,nonrept,11292.0,9711.0,255382.0
CIT,combined,2026-03-03,080732,SUGAR NO. 11 - ICE FUTURES U.S.,cit,312424.0,121456.0,1204635.0
CIT,combined,2026-03-03,080732,SUGAR NO. 11 - ICE FUTURES U.S.,comm,401703.0,351294.0,1204635.0
CIT,combined,2026-03-03,080732,SUGAR NO. 11 - ICE FUTURES U.S.,noncomm,115323.0,353136.0,1204635.0
CIT,combined,2026-03-03,080732,SUGAR NO. 11 - ICE FUTURES U.S.,nonrept,79197.0,82761.0,1204635.0
CIT,combined,2026-03-03,083731,COFFEE C - ICE FUTURES U.S.,cit,39037.0,11603.0,208591.0
CIT,combined,2026-03-03,083731,COFFEE C - ICE FUTURES U.S.,comm,58606.0,89424.0,208591.0
CIT,combined,2026-03-03,083731,COFFEE C - ICE FUTURES U.S.,noncomm,30249.0,26753.0,208591.0
CIT,combined,2026-03-03,083731,COFFEE C - ICE FUTURES U.S.,nonrept,7455.0,7568.0,208591.0
CIT,combined,2026-03-10,001602,WHEAT-SRW - CHICAGO BOARD OF TRADE,cit,157860.0,59834.0,562155.0
CIT,combined,2026-03-10,001602,WHEAT-SRW - CHICAGO BOARD OF TRADE,comm,101055.0,132915.0,562155.0
CIT,combined,2026-03-10,001602,WHEAT-SRW - CHICAGO BOARD OF TRADE,noncomm,65196.0,130800.0,562155.0
CIT,combined,2026-03-10,001602,WHEAT-SRW - CHICAGO BOARD OF TRADE,nonrept,35774.0,36335.0,562155.0
CIT,combined,2026-03-10,002602,CORN - CHICAGO BOARD OF TRADE,cit,489861.0,104954.0,2219481.0
CIT,combined,2026-03-10,002602,CORN - CHICAGO BOARD OF TRADE,comm,639456.0,1039142.0,2219481.0
CIT,combined,2026-03-10,002602,CORN - CHICAGO BOARD OF TRADE,noncomm,260898.0,194997.0,2219481.0
CIT,combined,2026-03-10,002602,CORN - CHICAGO BOARD OF TRADE,nonrept,182682.0,233804.0,2219481.0
CIT,combined,2026-03-10,005602,SOYBEANS - CHICAGO BOARD OF TRADE,cit,262489.0,43092.0,1306197.0
CIT,combined,2026-03-10,005602,SOYBEANS - CHICAGO BOARD OF TRADE,comm,374219.0,688976.0,1306197.0
CIT,combined,2026-03-10,005602,SOYBEANS - CHICAGO BOARD OF TRADE,noncomm,205356.0,69706.0,1306197.0
CIT,combined,2026-03-10,005602,SOYBEANS - CHICAGO BOARD OF TRADE,nonrept,54630.0,94921.0,1306197.0
CIT,combined,2026-03-10,057642,LIVE CATTLE - CHICAGO MERCANTILE EXCHANGE,cit,92513.0,8413.0,450974.0
CIT,combined,2026-03-10,057642,LIVE CATTLE - CHICAGO MERCANTILE EXCHANGE,comm,81904.0,218631.0,450974.0
CIT,combined,2026-03-10,057642,LIVE CATTLE - CHICAGO MERCANTILE EXCHANGE,noncomm,95293.0,21033.0,450974.0
CIT,combined,2026-03-10,057642,LIVE CATTLE - CHICAGO MERCANTILE EXCHANGE,nonrept,32685.0,54319.0,450974.0
CIT,combined,2026-03-10,073732,COCOA - ICE FUTURES U.S.,cit,49834.0,10219.0,254334.0
CIT,combined,2026-03-10,073732,COCOA - ICE FUTURES U.S.,comm,74663.0,83014.0,254334.0
CIT,combined,2026-03-10,073732,COCOA - ICE FUTURES U.S.,noncomm,17315.0,50687.0,254334.0
CIT,combined,2026-03-10,073732,COCOA - ICE FUTURES U.S.,nonrept,12408.0,10300.0,254334.0
CIT,combined,2026-03-10,080732,SUGAR NO. 11 - ICE FUTURES U.S.,cit,312488.0,108140.0,1203317.0
CIT,combined,2026-03-10,080732,SUGAR NO. 11 - ICE FUTURES U.S.,comm,385293.0,381756.0,1203317.0
CIT,combined,2026-03-10,080732,SUGAR NO. 11 - ICE FUTURES U.S.,noncomm,118042.0,331136.0,1203317.0
CIT,combined,2026-03-10,080732,SUGAR NO. 11 - ICE FUTURES U.S.,nonrept,87367.0,82159.0,1203317.0
CIT,combined,2026-03-10,083731,COFFEE C - ICE FUTURES U.S.,cit,37891.0,11227.0,206159.0
CIT,combined,2026-03-10,083731,COFFEE C - ICE FUTURES U.S.,comm,59581.0,94021.0,206159.0
CIT,combined,2026-03-10,083731,COFFEE C - ICE FUTURES U.S.,noncomm,30912.0,23216.0,206159.0
CIT,combined,2026-03-10,083731,COFFEE C - ICE FUTURES U.S.,nonrept,8119.0,8039.0,206159.0
CIT,combined,2026-03-17,001602,WHEAT-SRW - CHICAGO BOARD OF TRADE,cit,163826.0,60205.0,580836.0
CIT,combined,2026-03-17,001602,WHEAT-SRW - CHICAGO BOARD OF TRADE,comm,101388.0,137598.0,580836.0
CIT,combined,2026-03-17,001602,WHEAT-SRW - CHICAGO BOARD OF TRADE,noncomm,69235.0,137202.0,580836.0
CIT,combined,2026-03-17,001602,WHEAT-SRW - CHICAGO BOARD OF TRADE,nonrept,36855.0,36299.0,580836.0
CIT,combined,2026-03-17,002602,CORN - CHICAGO BOARD OF TRADE,cit,505790.0,109180.0,2322043.0
CIT,combined,2026-03-17,002602,CORN - CHICAGO BOARD OF TRADE,comm,654224.0,1095198.0,2322043.0
CIT,combined,2026-03-17,002602,CORN - CHICAGO BOARD OF TRADE,noncomm,263991.0,159743.0,2322043.0
CIT,combined,2026-03-17,002602,CORN - CHICAGO BOARD OF TRADE,nonrept,186639.0,246523.0,2322043.0
CIT,combined,2026-03-17,005602,SOYBEANS - CHICAGO BOARD OF TRADE,cit,257418.0,42906.0,1286114.0
CIT,combined,2026-03-17,005602,SOYBEANS - CHICAGO BOARD OF TRADE,comm,388120.0,685215.0,1286114.0
CIT,combined,2026-03-17,005602,SOYBEANS - CHICAGO BOARD OF TRADE,noncomm,187969.0,68640.0,1286114.0
CIT,combined,2026-03-17,005602,SOYBEANS - CHICAGO BOARD OF TRADE,nonrept,57372.0,94118.0,1286114.0
CIT,combined,2026-03-17,057642,LIVE CATTLE - CHICAGO MERCANTILE EXCHANGE,cit,89953.0,9077.0,444606.0
CIT,combined,2026-03-17,057642,LIVE CATTLE - CHICAGO MERCANTILE EXCHANGE,comm,79296.0,214190.0,444606.0
CIT,combined,2026-03-17,057642,LIVE CATTLE - CHICAGO MERCANTILE EXCHANGE,noncomm,94975.0,20262.0,444606.0
CIT,combined,2026-03-17,057642,LIVE CATTLE - CHICAGO MERCANTILE EXCHANGE,nonrept,32597.0,53293.0,444606.0
CIT,combined,2026-03-17,073732,COCOA - ICE FUTURES U.S.,cit,50407.0,10087.0,246189.0
CIT,combined,2026-03-17,073732,COCOA - ICE FUTURES U.S.,comm,73582.0,83228.0,246189.0
CIT,combined,2026-03-17,073732,COCOA - ICE FUTURES U.S.,noncomm,15995.0,47402.0,246189.0
CIT,combined,2026-03-17,073732,COCOA - ICE FUTURES U.S.,nonrept,11215.0,10484.0,246189.0
CIT,combined,2026-03-17,080732,SUGAR NO. 11 - ICE FUTURES U.S.,cit,307301.0,99904.0,1173307.0
CIT,combined,2026-03-17,080732,SUGAR NO. 11 - ICE FUTURES U.S.,comm,387371.0,388966.0,1173307.0
CIT,combined,2026-03-17,080732,SUGAR NO. 11 - ICE FUTURES U.S.,noncomm,112453.0,328890.0,1173307.0
CIT,combined,2026-03-17,080732,SUGAR NO. 11 - ICE FUTURES U.S.,nonrept,89948.0,79314.0,1173307.0
CIT,combined,2026-03-17,083731,COFFEE C - ICE FUTURES U.S.,cit,37213.0,10745.0,210669.0
CIT,combined,2026-03-17,083731,COFFEE C - ICE FUTURES U.S.,comm,59191.0,96521.0,210669.0
CIT,combined,2026-03-17,083731,COFFEE C - ICE FUTURES U.S.,noncomm,32889.0,22288.0,210669.0
CIT,combined,2026-03-17,083731,COFFEE C - ICE FUTURES U.S.,nonrept,8280.0,8019.0,210669.0
CIT,combined,2026-03-24,001602,WHEAT-SRW - CHICAGO BOARD OF TRADE,cit,168468.0,64455.0,595809.0
CIT,combined,2026-03-24,001602,WHEAT-SRW - CHICAGO BOARD OF TRADE,comm,109553.0,148193.0,595809.0
CIT,combined,2026-03-24,001602,WHEAT-SRW - CHICAGO BOARD OF TRADE,noncomm,70194.0,136297.0,595809.0
CIT,combined,2026-03-24,001602,WHEAT-SRW - CHICAGO BOARD OF TRADE,nonrept,35804.0,35072.0,595809.0
CIT,combined,2026-03-24,002602,CORN - CHICAGO BOARD OF TRADE,cit,518210.0,121784.0,2395789.0
CIT,combined,2026-03-24,002602,CORN - CHICAGO BOARD OF TRADE,comm,660905.0,1153594.0,2395789.0
CIT,combined,2026-03-24,002602,CORN - CHICAGO BOARD OF TRADE,noncomm,283574.0,124593.0,2395789.0
CIT,combined,2026-03-24,002602,CORN - CHICAGO BOARD OF TRADE,nonrept,189119.0,251837.0,2395789.0
CIT,combined,2026-03-24,005602,SOYBEANS - CHICAGO BOARD OF TRADE,cit,255695.0,40478.0,1255147.0
CIT,combined,2026-03-24,005602,SOYBEANS - CHICAGO BOARD OF TRADE,comm,399709.0,684811.0,1255147.0
CIT,combined,2026-03-24,005602,SOYBEANS - CHICAGO BOARD OF TRADE,noncomm,173983.0,65187.0,1255147.0
CIT,combined,2026-03-24,005602,SOYBEANS - CHICAGO BOARD OF TRADE,nonrept,57801.0,96713.0,1255147.0
CIT,combined,2026-03-24,057642,LIVE CATTLE - CHICAGO MERCANTILE EXCHANGE,cit,86502.0,9294.0,443751.0
CIT,combined,2026-03-24,057642,LIVE CATTLE - CHICAGO MERCANTILE EXCHANGE,comm,77197.0,215465.0,443751.0
CIT,combined,2026-03-24,057642,LIVE CATTLE - CHICAGO MERCANTILE EXCHANGE,noncomm,101839.0,20174.0,443751.0
CIT,combined,2026-03-24,057642,LIVE CATTLE - CHICAGO MERCANTILE EXCHANGE,nonrept,32609.0,53214.0,443751.0
CIT,combined,2026-03-24,073732,COCOA - ICE FUTURES U.S.,cit,51565.0,12428.0,251484.0
CIT,combined,2026-03-24,073732,COCOA - ICE FUTURES U.S.,comm,76558.0,84094.0,251484.0
CIT,combined,2026-03-24,073732,COCOA - ICE FUTURES U.S.,noncomm,17499.0,49702.0,251484.0
CIT,combined,2026-03-24,073732,COCOA - ICE FUTURES U.S.,nonrept,10396.0,9795.0,251484.0
CIT,combined,2026-03-24,080732,SUGAR NO. 11 - ICE FUTURES U.S.,cit,307048.0,68241.0,1155009.0
CIT,combined,2026-03-24,080732,SUGAR NO. 11 - ICE FUTURES U.S.,comm,346781.0,482497.0,1155009.0
CIT,combined,2026-03-24,080732,SUGAR NO. 11 - ICE FUTURES U.S.,noncomm,128725.0,254874.0,1155009.0
CIT,combined,2026-03-24,080732,SUGAR NO. 11 - ICE FUTURES U.S.,nonrept,97360.0,74302.0,1155009.0
CIT,combined,2026-03-24,083731,COFFEE C - ICE FUTURES U.S.,cit,37141.0,10017.0,217788.0
CIT,combined,2026-03-24,083731,COFFEE C - ICE FUTURES U.S.,comm,56962.0,100673.0,217788.0
CIT,combined,2026-03-24,083731,COFFEE C - ICE FUTURES U.S.,noncomm,34838.0,18897.0,217788.0
CIT,combined,2026-03-24,083731,COFFEE C - ICE FUTURES U.S.,nonrept,10051.0,9406.0,217788.0
CIT,combined,2026-03-31,001602,WHEAT-SRW - CHICAGO BOARD OF TRADE,cit,166891.0,57513.0,593425.0
CIT,combined,2026-03-31,001602,WHEAT-SRW - CHICAGO BOARD OF TRADE,comm,102644.0,154985.0,593425.0
CIT,combined,2026-03-31,001602,WHEAT-SRW - CHICAGO BOARD OF TRADE,noncomm,78048.0,136913.0,593425.0
CIT,combined,2026-03-31,001602,WHEAT-SRW - CHICAGO BOARD OF TRADE,nonrept,37573.0,35745.0,593425.0
CIT,combined,2026-03-31,002602,CORN - CHICAGO BOARD OF TRADE,cit,501282.0,113419.0,2367004.0
CIT,combined,2026-03-31,002602,CORN - CHICAGO BOARD OF TRADE,comm,662175.0,1118340.0,2367004.0
CIT,combined,2026-03-31,002602,CORN - CHICAGO BOARD OF TRADE,noncomm,279106.0,146151.0,2367004.0
CIT,combined,2026-03-31,002602,CORN - CHICAGO BOARD OF TRADE,nonrept,190978.0,255632.0,2367004.0
CIT,combined,2026-03-31,005602,SOYBEANS - CHICAGO BOARD OF TRADE,cit,256152.0,36478.0,1239712.0
CIT,combined,2026-03-31,005602,SOYBEANS - CHICAGO BOARD OF TRADE,comm,395086.0,696599.0,1239712.0
CIT,combined,2026-03-31,005602,SOYBEANS - CHICAGO BOARD OF TRADE,noncomm,183990.0,62942.0,1239712.0
CIT,combined,2026-03-31,005602,SOYBEANS - CHICAGO BOARD OF TRADE,nonrept,58384.0,97593.0,1239712.0
CIT,combined,2026-03-31,057642,LIVE CATTLE - CHICAGO MERCANTILE EXCHANGE,cit,86822.0,9941.0,450603.0
CIT,combined,2026-03-31,057642,LIVE CATTLE - CHICAGO MERCANTILE EXCHANGE,comm,72284.0,224096.0,450603.0
CIT,combined,2026-03-31,057642,LIVE CATTLE - CHICAGO MERCANTILE EXCHANGE,noncomm,113808.0,16074.0,450603.0
CIT,combined,2026-03-31,057642,LIVE CATTLE - CHICAGO MERCANTILE EXCHANGE,nonrept,32916.0,55718.0,450603.0
CIT,combined,2026-03-31,073732,COCOA - ICE FUTURES U.S.,cit,53192.0,14727.0,259317.0
CIT,combined,2026-03-31,073732,COCOA - ICE FUTURES U.S.,comm,79028.0,86805.0,259317.0
CIT,combined,2026-03-31,073732,COCOA - ICE FUTURES U.S.,noncomm,18167.0,51514.0,259317.0
CIT,combined,2026-03-31,073732,COCOA - ICE FUTURES U.S.,nonrept,12256.0,9598.0,259317.0
CIT,combined,2026-03-31,080732,SUGAR NO. 11 - ICE FUTURES U.S.,cit,299685.0,62183.0,1133934.0
CIT,combined,2026-03-31,080732,SUGAR NO. 11 - ICE FUTURES U.S.,comm,349844.0,506674.0,1133934.0
CIT,combined,2026-03-31,080732,SUGAR NO. 11 - ICE FUTURES U.S.,noncomm,112654.0,211708.0,1133934.0
CIT,combined,2026-03-31,080732,SUGAR NO. 11 - ICE FUTURES U.S.,nonrept,102501.0,84119.0,1133934.0
CIT,combined,2026-03-31,083731,COFFEE C - ICE FUTURES U.S.,cit,36088.0,10433.0,217567.0
CIT,combined,2026-03-31,083731,COFFEE C - ICE FUTURES U.S.,comm,56934.0,101350.0,217567.0
CIT,combined,2026-03-31,083731,COFFEE C - ICE FUTURES U.S.,noncomm,35174.0,17161.0,217567.0
CIT,combined,2026-03-31,083731,COFFEE C - ICE FUTURES U.S.,nonrept,9595.0,8848.0,217567.0
CIT,combined,2026-04-07,001602,WHEAT-SRW - CHICAGO BOARD OF TRADE,cit,161588.0,55517.0,605755.0
CIT,combined,2026-04-07,001602,WHEAT-SRW - CHICAGO BOARD OF TRADE,comm,116038.0,159242.0,605755.0
CIT,combined,2026-04-07,001602,WHEAT-SRW - CHICAGO BOARD OF TRADE,noncomm,78178.0,142240.0,605755.0
CIT,combined,2026-04-07,001602,WHEAT-SRW - CHICAGO BOARD OF TRADE,nonrept,36707.0,35513.0,605755.0
CIT,combined,2026-04-07,002602,CORN - CHICAGO BOARD OF TRADE,cit,497171.0,114631.0,2350220.0
CIT,combined,2026-04-07,002602,CORN - CHICAGO BOARD OF TRADE,comm,655491.0,1063734.0,2350220.0
CIT,combined,2026-04-07,002602,CORN - CHICAGO BOARD OF TRADE,noncomm,250273.0,160785.0,2350220.0
CIT,combined,2026-04-07,002602,CORN - CHICAGO BOARD OF TRADE,nonrept,187892.0,251677.0,2350220.0
CIT,combined,2026-04-07,005602,SOYBEANS - CHICAGO BOARD OF TRADE,cit,258226.0,36044.0,1263287.0
CIT,combined,2026-04-07,005602,SOYBEANS - CHICAGO BOARD OF TRADE,comm,409716.0,691756.0,1263287.0
CIT,combined,2026-04-07,005602,SOYBEANS - CHICAGO BOARD OF TRADE,noncomm,175107.0,77830.0,1263287.0
CIT,combined,2026-04-07,005602,SOYBEANS - CHICAGO BOARD OF TRADE,nonrept,58532.0,95952.0,1263287.0
CIT,combined,2026-04-07,057642,LIVE CATTLE - CHICAGO MERCANTILE EXCHANGE,cit,88746.0,9845.0,440941.0
CIT,combined,2026-04-07,057642,LIVE CATTLE - CHICAGO MERCANTILE EXCHANGE,comm,66387.0,227549.0,440941.0
CIT,combined,2026-04-07,057642,LIVE CATTLE - CHICAGO MERCANTILE EXCHANGE,noncomm,122399.0,15424.0,440941.0
CIT,combined,2026-04-07,057642,LIVE CATTLE - CHICAGO MERCANTILE EXCHANGE,nonrept,32733.0,57445.0,440941.0
CIT,combined,2026-04-07,073732,COCOA - ICE FUTURES U.S.,cit,54345.0,15339.0,263756.0
CIT,combined,2026-04-07,073732,COCOA - ICE FUTURES U.S.,comm,81932.0,87116.0,263756.0
CIT,combined,2026-04-07,073732,COCOA - ICE FUTURES U.S.,noncomm,20118.0,54091.0,263756.0
CIT,combined,2026-04-07,073732,COCOA - ICE FUTURES U.S.,nonrept,11382.0,11230.0,263756.0
CIT,combined,2026-04-07,080732,SUGAR NO. 11 - ICE FUTURES U.S.,cit,295639.0,56587.0,1120593.0
CIT,combined,2026-04-07,080732,SUGAR NO. 11 - ICE FUTURES U.S.,comm,353354.0,491402.0,1120593.0
CIT,combined,2026-04-07,080732,SUGAR NO. 11 - ICE FUTURES U.S.,noncomm,112163.0,218655.0,1120593.0
CIT,combined,2026-04-07,080732,SUGAR NO. 11 - ICE FUTURES U.S.,nonrept,92173.0,86685.0,1120593.0
CIT,combined,2026-04-07,083731,COFFEE C - ICE FUTURES U.S.,cit,36620.0,10731.0,219400.0
CIT,combined,2026-04-07,083731,COFFEE C - ICE FUTURES U.S.,comm,57621.0,98819.0,219400.0
CIT,combined,2026-04-07,083731,COFFEE C - ICE FUTURES U.S.,noncomm,34894.0,19528.0,219400.0
CIT,combined,2026-04-07,083731,COFFEE C - ICE FUTURES U.S.,nonrept,9522.0,9579.0,219400.0
CIT,combined,2026-04-14,001602,WHEAT-SRW - CHICAGO BOARD OF TRADE,cit,148648.0,54029.0,565279.0
CIT,combined,2026-04-14,001602,WHEAT-SRW - CHICAGO BOARD OF TRADE,comm,105114.0,149286.0,565279.0
CIT,combined,2026-04-14,001602,WHEAT-SRW - CHICAGO BOARD OF TRADE,noncomm,75063.0,127828.0,565279.0
CIT,combined,2026-04-14,001602,WHEAT-SRW - CHICAGO BOARD OF TRADE,nonrept,38022.0,35705.0,565279.0
CIT,combined,2026-04-14,002602,CORN - CHICAGO BOARD OF TRADE,cit,468349.0,120288.0,2357628.0
CIT,combined,2026-04-14,002602,CORN - CHICAGO BOARD OF TRADE,comm,675565.0,1040041.0,2357628.0
CIT,combined,2026-04-14,002602,CORN - CHICAGO BOARD OF TRADE,noncomm,272055.0,203444.0,2357628.0
CIT,combined,2026-04-14,002602,CORN - CHICAGO BOARD OF TRADE,nonrept,198846.0,251043.0,2357628.0
CIT,combined,2026-04-14,005602,SOYBEANS - CHICAGO BOARD OF TRADE,cit,248540.0,36723.0,1271026.0
CIT,combined,2026-04-14,005602,SOYBEANS - CHICAGO BOARD OF TRADE,comm,424377.0,699783.0,1271026.0
CIT,combined,2026-04-14,005602,SOYBEANS - CHICAGO BOARD OF TRADE,noncomm,170073.0,71442.0,1271026.0
CIT,combined,2026-04-14,005602,SOYBEANS - CHICAGO BOARD OF TRADE,nonrept,62392.0,97433.0,1271026.0
CIT,combined,2026-04-14,057642,LIVE CATTLE - CHICAGO MERCANTILE EXCHANGE,cit,88927.0,10304.0,447345.0
CIT,combined,2026-04-14,057642,LIVE CATTLE - CHICAGO MERCANTILE EXCHANGE,comm,66064.0,232537.0,447345.0
CIT,combined,2026-04-14,057642,LIVE CATTLE - CHICAGO MERCANTILE EXCHANGE,noncomm,125639.0,14301.0,447345.0
CIT,combined,2026-04-14,057642,LIVE CATTLE - CHICAGO MERCANTILE EXCHANGE,nonrept,33078.0,56567.0,447345.0
CIT,combined,2026-04-14,073732,COCOA - ICE FUTURES U.S.,cit,53622.0,12045.0,234377.0
CIT,combined,2026-04-14,073732,COCOA - ICE FUTURES U.S.,comm,76524.0,83896.0,234377.0
CIT,combined,2026-04-14,073732,COCOA - ICE FUTURES U.S.,noncomm,19779.0,55259.0,234377.0
CIT,combined,2026-04-14,073732,COCOA - ICE FUTURES U.S.,nonrept,11732.0,10456.0,234377.0
CIT,combined,2026-04-14,080732,SUGAR NO. 11 - ICE FUTURES U.S.,cit,277613.0,62597.0,1146235.0
CIT,combined,2026-04-14,080732,SUGAR NO. 11 - ICE FUTURES U.S.,comm,415094.0,482896.0,1146235.0
CIT,combined,2026-04-14,080732,SUGAR NO. 11 - ICE FUTURES U.S.,noncomm,109272.0,260628.0,1146235.0
CIT,combined,2026-04-14,080732,SUGAR NO. 11 - ICE FUTURES U.S.,nonrept,96020.0,91878.0,1146235.0
CIT,combined,2026-04-14,083731,COFFEE C - ICE FUTURES U.S.,cit,37632.0,10970.0,199432.0
CIT,combined,2026-04-14,083731,COFFEE C - ICE FUTURES U.S.,comm,49453.0,93055.0,199432.0
CIT,combined,2026-04-14,083731,COFFEE C - ICE FUTURES U.S.,noncomm,37301.0,19303.0,199432.0
CIT,combined,2026-04-14,083731,COFFEE C - ICE FUTURES U.S.,nonrept,8004.0,9062.0,199432.0
CIT,combined,2026-04-21,001602,WHEAT-SRW - CHICAGO BOARD OF TRADE,cit,151790.0,51883.0,557267.0
CIT,combined,2026-04-21,001602,WHEAT-SRW - CHICAGO BOARD OF TRADE,comm,98356.0,138710.0,557267.0
CIT,combined,2026-04-21,001602,WHEAT-SRW - CHICAGO BOARD OF TRADE,noncomm,66827.0,127849.0,557267.0
CIT,combined,2026-04-21,001602,WHEAT-SRW - CHICAGO BOARD OF TRADE,nonrept,36564.0,35096.0,557267.0
CIT,combined,2026-04-21,002602,CORN - CHICAGO BOARD OF TRADE,cit,483285.0,115855.0,2380698.0
CIT,combined,2026-04-21,002602,CORN - CHICAGO BOARD OF TRADE,comm,663854.0,1045153.0,2380698.0
CIT,combined,2026-04-21,002602,CORN - CHICAGO BOARD OF TRADE,noncomm,280765.0,210021.0,2380698.0
CIT,combined,2026-04-21,002602,CORN - CHICAGO BOARD OF TRADE,nonrept,193271.0,250147.0,2380698.0
CIT,combined,2026-04-21,005602,SOYBEANS - CHICAGO BOARD OF TRADE,cit,246834.0,39081.0,1256878.0
CIT,combined,2026-04-21,005602,SOYBEANS - CHICAGO BOARD OF TRADE,comm,399617.0,690667.0,1256878.0
CIT,combined,2026-04-21,005602,SOYBEANS - CHICAGO BOARD OF TRADE,noncomm,182341.0,65287.0,1256878.0
CIT,combined,2026-04-21,005602,SOYBEANS - CHICAGO BOARD OF TRADE,nonrept,60770.0,94529.0,1256878.0
CIT,combined,2026-04-21,057642,LIVE CATTLE - CHICAGO MERCANTILE EXCHANGE,cit,89801.0,10299.0,453174.0
CIT,combined,2026-04-21,057642,LIVE CATTLE - CHICAGO MERCANTILE EXCHANGE,comm,67840.0,229094.0,453174.0
CIT,combined,2026-04-21,057642,LIVE CATTLE - CHICAGO MERCANTILE EXCHANGE,noncomm,124269.0,17114.0,453174.0
CIT,combined,2026-04-21,057642,LIVE CATTLE - CHICAGO MERCANTILE EXCHANGE,nonrept,30198.0,55601.0,453174.0
CIT,combined,2026-04-21,073732,COCOA - ICE FUTURES U.S.,cit,53457.0,14756.0,234039.0
CIT,combined,2026-04-21,073732,COCOA - ICE FUTURES U.S.,comm,77448.0,84889.0,234039.0
CIT,combined,2026-04-21,073732,COCOA - ICE FUTURES U.S.,noncomm,21388.0,54545.0,234039.0
CIT,combined,2026-04-21,073732,COCOA - ICE FUTURES U.S.,nonrept,11560.0,9662.0,234039.0
CIT,combined,2026-04-21,080732,SUGAR NO. 11 - ICE FUTURES U.S.,cit,279584.0,88376.0,1158960.0
CIT,combined,2026-04-21,080732,SUGAR NO. 11 - ICE FUTURES U.S.,comm,410406.0,445477.0,1158960.0
CIT,combined,2026-04-21,080732,SUGAR NO. 11 - ICE FUTURES U.S.,noncomm,119759.0,282450.0,1158960.0
CIT,combined,2026-04-21,080732,SUGAR NO. 11 - ICE FUTURES U.S.,nonrept,94579.0,88026.0,1158960.0
CIT,combined,2026-04-21,083731,COFFEE C - ICE FUTURES U.S.,cit,37332.0,11180.0,196764.0
CIT,combined,2026-04-21,083731,COFFEE C - ICE FUTURES U.S.,comm,48731.0,88028.0,196764.0
CIT,combined,2026-04-21,083731,COFFEE C - ICE FUTURES U.S.,noncomm,36575.0,22551.0,196764.0
CIT,combined,2026-04-21,083731,COFFEE C - ICE FUTURES U.S.,nonrept,7047.0,7927.0,196764.0
CIT,combined,2026-04-28,001602,WHEAT-SRW - CHICAGO BOARD OF TRADE,cit,146173.0,49494.0,520928.0
CIT,combined,2026-04-28,001602,WHEAT-SRW - CHICAGO BOARD OF TRADE,comm,75233.0,135274.0,520928.0
CIT,combined,2026-04-28,001602,WHEAT-SRW - CHICAGO BOARD OF TRADE,noncomm,78657.0,117192.0,520928.0
CIT,combined,2026-04-28,001602,WHEAT-SRW - CHICAGO BOARD OF TRADE,nonrept,38441.0,36543.0,520928.0
CIT,combined,2026-04-28,002602,CORN - CHICAGO BOARD OF TRADE,cit,497410.0,96485.0,2330624.0
CIT,combined,2026-04-28,002602,CORN - CHICAGO BOARD OF TRADE,comm,633512.0,1102488.0,2330624.0
CIT,combined,2026-04-28,002602,CORN - CHICAGO BOARD OF TRADE,noncomm,315012.0,186024.0,2330624.0
CIT,combined,2026-04-28,002602,CORN - CHICAGO BOARD OF TRADE,nonrept,187228.0,248165.0,2330624.0
CIT,combined,2026-04-28,005602,SOYBEANS - CHICAGO BOARD OF TRADE,cit,239812.0,30611.0,1096353.0
CIT,combined,2026-04-28,005602,SOYBEANS - CHICAGO BOARD OF TRADE,comm,339715.0,627373.0,1096353.0
CIT,combined,2026-04-28,005602,SOYBEANS - CHICAGO BOARD OF TRADE,noncomm,170017.0,58410.0,1096353.0
CIT,combined,2026-04-28,005602,SOYBEANS - CHICAGO BOARD OF TRADE,nonrept,58209.0,91358.0,1096353.0
CIT,combined,2026-04-28,057642,LIVE CATTLE - CHICAGO MERCANTILE EXCHANGE,cit,90384.0,11449.0,473739.0
CIT,combined,2026-04-28,057642,LIVE CATTLE - CHICAGO MERCANTILE EXCHANGE,comm,71828.0,239527.0,473739.0
CIT,combined,2026-04-28,057642,LIVE CATTLE - CHICAGO MERCANTILE EXCHANGE,noncomm,126726.0,14525.0,473739.0
CIT,combined,2026-04-28,057642,LIVE CATTLE - CHICAGO MERCANTILE EXCHANGE,nonrept,31302.0,54739.0,473739.0
CIT,combined,2026-04-28,073732,COCOA - ICE FUTURES U.S.,cit,53961.0,15332.0,237661.0
CIT,combined,2026-04-28,073732,COCOA - ICE FUTURES U.S.,comm,78397.0,82366.0,237661.0
CIT,combined,2026-04-28,073732,COCOA - ICE FUTURES U.S.,noncomm,20278.0,56629.0,237661.0
CIT,combined,2026-04-28,073732,COCOA - ICE FUTURES U.S.,nonrept,11442.0,9750.0,237661.0
CIT,combined,2026-04-28,080732,SUGAR NO. 11 - ICE FUTURES U.S.,cit,278381.0,94030.0,1153429.0
CIT,combined,2026-04-28,080732,SUGAR NO. 11 - ICE FUTURES U.S.,comm,373362.0,429208.0,1153429.0
CIT,combined,2026-04-28,080732,SUGAR NO. 11 - ICE FUTURES U.S.,noncomm,151780.0,293413.0,1153429.0
CIT,combined,2026-04-28,080732,SUGAR NO. 11 - ICE FUTURES U.S.,nonrept,97129.0,83999.0,1153429.0
CIT,combined,2026-04-28,083731,COFFEE C - ICE FUTURES U.S.,cit,38143.0,9402.0,205885.0
CIT,combined,2026-04-28,083731,COFFEE C - ICE FUTURES U.S.,comm,49668.0,94793.0,205885.0
CIT,combined,2026-04-28,083731,COFFEE C - ICE FUTURES U.S.,noncomm,38955.0,22329.0,205885.0
CIT,combined,2026-04-28,083731,COFFEE C - ICE FUTURES U.S.,nonrept,7710.0,7951.0,205885.0
CIT,combined,2026-05-05,001602,WHEAT-SRW - CHICAGO BOARD OF TRADE,cit,150329.0,54058.0,540497.0
CIT,combined,2026-05-05,001602,WHEAT-SRW - CHICAGO BOARD OF TRADE,comm,84853.0,135872.0,540497.0
CIT,combined,2026-05-05,001602,WHEAT-SRW - CHICAGO BOARD OF TRADE,noncomm,76404.0,130256.0,540497.0
CIT,combined,2026-05-05,001602,WHEAT-SRW - CHICAGO BOARD OF TRADE,nonrept,41613.0,33013.0,540497.0
CIT,combined,2026-05-05,002602,CORN - CHICAGO BOARD OF TRADE,cit,552323.0,110485.0,2515587.0
CIT,combined,2026-05-05,002602,CORN - CHICAGO BOARD OF TRADE,comm,640085.0,1219130.0,2515587.0
CIT,combined,2026-05-05,002602,CORN - CHICAGO BOARD OF TRADE,noncomm,371648.0,165089.0,2515587.0
CIT,combined,2026-05-05,002602,CORN - CHICAGO BOARD OF TRADE,nonrept,187329.0,256683.0,2515587.0
CIT,combined,2026-05-05,005602,SOYBEANS - CHICAGO BOARD OF TRADE,cit,258832.0,37170.0,1192969.0
CIT,combined,2026-05-05,005602,SOYBEANS - CHICAGO BOARD OF TRADE,comm,347477.0,679198.0,1192969.0
CIT,combined,2026-05-05,005602,SOYBEANS - CHICAGO BOARD OF TRADE,noncomm,205441.0,62196.0,1192969.0
CIT,combined,2026-05-05,005602,SOYBEANS - CHICAGO BOARD OF TRADE,nonrept,60246.0,93433.0,1192969.0
CIT,combined,2026-05-05,057642,LIVE CATTLE - CHICAGO MERCANTILE EXCHANGE,cit,90191.0,12090.0,474894.0
CIT,combined,2026-05-05,057642,LIVE CATTLE - CHICAGO MERCANTILE EXCHANGE,comm,65964.0,237169.0,474894.0
CIT,combined,2026-05-05,057642,LIVE CATTLE - CHICAGO MERCANTILE EXCHANGE,noncomm,133897.0,16297.0,474894.0
CIT,combined,2026-05-05,057642,LIVE CATTLE - CHICAGO MERCANTILE EXCHANGE,nonrept,30301.0,54796.0,474894.0
CIT,combined,2026-05-05,073732,COCOA - ICE FUTURES U.S.,cit,55272.0,16913.0,253222.0
CIT,combined,2026-05-05,073732,COCOA - ICE FUTURES U.S.,comm,79356.0,87235.0,253222.0
CIT,combined,2026-05-05,073732,COCOA - ICE FUTURES U.S.,noncomm,22655.0,55323.0,253222.0
CIT,combined,2026-05-05,073732,COCOA - ICE FUTURES U.S.,nonrept,11965.0,9778.0,253222.0
CIT,combined,2026-05-05,080732,SUGAR NO. 11 - ICE FUTURES U.S.,cit,319756.0,99190.0,1191826.0
CIT,combined,2026-05-05,080732,SUGAR NO. 11 - ICE FUTURES U.S.,comm,340516.0,473793.0,1191826.0
CIT,combined,2026-05-05,080732,SUGAR NO. 11 - ICE FUTURES U.S.,noncomm,162914.0,265362.0,1191826.0
CIT,combined,2026-05-05,080732,SUGAR NO. 11 - ICE FUTURES U.S.,nonrept,93325.0,78166.0,1191826.0
CIT,combined,2026-05-05,083731,COFFEE C - ICE FUTURES U.S.,cit,37957.0,8714.0,213086.0
CIT,combined,2026-05-05,083731,COFFEE C - ICE FUTURES U.S.,comm,50350.0,98055.0,213086.0
CIT,combined,2026-05-05,083731,COFFEE C - ICE FUTURES U.S.,noncomm,41018.0,22747.0,213086.0
CIT,combined,2026-05-05,083731,COFFEE C - ICE FUTURES U.S.,nonrept,8246.0,8054.0,213086.0
CIT,combined,2026-05-12,001602,WHEAT-SRW - CHICAGO BOARD OF TRADE,cit,162530.0,60734.0,586697.0
CIT,combined,2026-05-12,001602,WHEAT-SRW - CHICAGO BOARD OF TRADE,comm,103149.0,146805.0,586697.0
CIT,combined,2026-05-12,001602,WHEAT-SRW - CHICAGO BOARD OF TRADE,noncomm,73250.0,133005.0,586697.0
CIT,combined,2026-05-12,001602,WHEAT-SRW - CHICAGO BOARD OF TRADE,nonrept,43146.0,41532.0,586697.0
CIT,combined,2026-05-12,002602,CORN - CHICAGO BOARD OF TRADE,cit,548684.0,109746.0,2533115.0
CIT,combined,2026-05-12,002602,CORN - CHICAGO BOARD OF TRADE,comm,632566.0,1105234.0,2533115.0
CIT,combined,2026-05-12,002602,CORN - CHICAGO BOARD OF TRADE,noncomm,348601.0,185844.0,2533115.0
CIT,combined,2026-05-12,002602,CORN - CHICAGO BOARD OF TRADE,nonrept,206034.0,335061.0,2533115.0
CIT,combined,2026-05-12,005602,SOYBEANS - CHICAGO BOARD OF TRADE,cit,278347.0,47255.0,1236781.0
CIT,combined,2026-05-12,005602,SOYBEANS - CHICAGO BOARD OF TRADE,comm,359416.0,681521.0,1236781.0
CIT,combined,2026-05-12,005602,SOYBEANS - CHICAGO BOARD OF TRADE,noncomm,190178.0,57968.0,1236781.0
CIT,combined,2026-05-12,005602,SOYBEANS - CHICAGO BOARD OF TRADE,nonrept,70456.0,111654.0,1236781.0
CIT,combined,2026-05-12,057642,LIVE CATTLE - CHICAGO MERCANTILE EXCHANGE,cit,89453.0,11794.0,480057.0
CIT,combined,2026-05-12,057642,LIVE CATTLE - CHICAGO MERCANTILE EXCHANGE,comm,64740.0,220439.0,480057.0
CIT,combined,2026-05-12,057642,LIVE CATTLE - CHICAGO MERCANTILE EXCHANGE,noncomm,125443.0,20467.0,480057.0
CIT,combined,2026-05-12,057642,LIVE CATTLE - CHICAGO MERCANTILE EXCHANGE,nonrept,39189.0,66125.0,480057.0
CIT,combined,2026-05-12,073732,COCOA - ICE FUTURES U.S.,cit,53296.0,14877.0,251422.0
CIT,combined,2026-05-12,073732,COCOA - ICE FUTURES U.S.,comm,78069.0,93203.0,251422.0
CIT,combined,2026-05-12,073732,COCOA - ICE FUTURES U.S.,noncomm,26440.0,50992.0,251422.0
CIT,combined,2026-05-12,073732,COCOA - ICE FUTURES U.S.,nonrept,11372.0,10105.0,251422.0
CIT,combined,2026-05-12,080732,SUGAR NO. 11 - ICE FUTURES U.S.,cit,323331.0,95981.0,1183981.0
CIT,combined,2026-05-12,080732,SUGAR NO. 11 - ICE FUTURES U.S.,comm,340826.0,475186.0,1183981.0
CIT,combined,2026-05-12,080732,SUGAR NO. 11 - ICE FUTURES U.S.,noncomm,140444.0,249529.0,1183981.0
CIT,combined,2026-05-12,080732,SUGAR NO. 11 - ICE FUTURES U.S.,nonrept,99856.0,83761.0,1183981.0
CIT,combined,2026-05-12,083731,COFFEE C - ICE FUTURES U.S.,cit,37972.0,9843.0,220013.0
CIT,combined,2026-05-12,083731,COFFEE C - ICE FUTURES U.S.,comm,56627.0,96718.0,220013.0
CIT,combined,2026-05-12,083731,COFFEE C - ICE FUTURES U.S.,noncomm,39252.0,26694.0,220013.0
CIT,combined,2026-05-12,083731,COFFEE C - ICE FUTURES U.S.,nonrept,8635.0,9232.0,220013.0
CIT,combined,2026-05-19,001602,WHEAT-SRW - CHICAGO BOARD OF TRADE,cit,174833.0,64504.0,608859.0
CIT,combined,2026-05-19,001602,WHEAT-SRW - CHICAGO BOARD OF TRADE,comm,107839.0,168073.0,608859.0
CIT,combined,2026-05-19,001602,WHEAT-SRW - CHICAGO BOARD OF TRADE,noncomm,75727.0,127216.0,608859.0
CIT,combined,2026-05-19,001602,WHEAT-SRW - CHICAGO BOARD OF TRADE,nonrept,40008.0,38614.0,608859.0
CIT,combined,2026-05-19,002602,CORN - CHICAGO BOARD OF TRADE,cit,561618.0,122046.0,2562271.0
CIT,combined,2026-05-19,002602,CORN - CHICAGO BOARD OF TRADE,comm,654762.0,1169202.0,2562271.0
CIT,combined,2026-05-19,002602,CORN - CHICAGO BOARD OF TRADE,noncomm,349086.0,200555.0,2562271.0
CIT,combined,2026-05-19,002602,CORN - CHICAGO BOARD OF TRADE,nonrept,184021.0,257683.0,2562271.0
CIT,combined,2026-05-19,005602,SOYBEANS - CHICAGO BOARD OF TRADE,cit,298430.0,51554.0,1288117.0
CIT,combined,2026-05-19,005602,SOYBEANS - CHICAGO BOARD OF TRADE,comm,405728.0,726698.0,1288117.0
CIT,combined,2026-05-19,005602,SOYBEANS - CHICAGO BOARD OF TRADE,noncomm,178248.0,70471.0,1288117.0
CIT,combined,2026-05-19,005602,SOYBEANS - CHICAGO BOARD OF TRADE,nonrept,59165.0,92847.0,1288117.0
CIT,combined,2026-05-19,057642,LIVE CATTLE - CHICAGO MERCANTILE EXCHANGE,cit,91756.0,12173.0,491560.0
CIT,combined,2026-05-19,057642,LIVE CATTLE - CHICAGO MERCANTILE EXCHANGE,comm,72722.0,232648.0,491560.0
CIT,combined,2026-05-19,057642,LIVE CATTLE - CHICAGO MERCANTILE EXCHANGE,noncomm,122023.0,19892.0,491560.0
CIT,combined,2026-05-19,057642,LIVE CATTLE - CHICAGO MERCANTILE EXCHANGE,nonrept,33250.0,55038.0,491560.0
CIT,combined,2026-05-19,073732,COCOA - ICE FUTURES U.S.,cit,55357.0,15356.0,246811.0
CIT,combined,2026-05-19,073732,COCOA - ICE FUTURES U.S.,comm,75144.0,90904.0,246811.0
CIT,combined,2026-05-19,073732,COCOA - ICE FUTURES U.S.,noncomm,24556.0,49721.0,246811.0
CIT,combined,2026-05-19,073732,COCOA - ICE FUTURES U.S.,nonrept,11156.0,10232.0,246811.0
CIT,combined,2026-05-19,080732,SUGAR NO. 11 - ICE FUTURES U.S.,cit,333401.0,93457.0,1187801.0
CIT,combined,2026-05-19,080732,SUGAR NO. 11 - ICE FUTURES U.S.,comm,340411.0,488585.0,1187801.0
CIT,combined,2026-05-19,080732,SUGAR NO. 11 - ICE FUTURES U.S.,noncomm,146943.0,251056.0,1187801.0
CIT,combined,2026-05-19,080732,SUGAR NO. 11 - ICE FUTURES U.S.,nonrept,94166.0,81823.0,1187801.0
CIT,combined,2026-05-19,083731,COFFEE C - ICE FUTURES U.S.,cit,37551.0,11393.0,234834.0
CIT,combined,2026-05-19,083731,COFFEE C - ICE FUTURES U.S.,comm,63537.0,97526.0,234834.0
CIT,combined,2026-05-19,083731,COFFEE C - ICE FUTURES U.S.,noncomm,38062.0,29508.0,234834.0
CIT,combined,2026-05-19,083731,COFFEE C - ICE FUTURES U.S.,nonrept,8485.0,9208.0,234834.0
CIT,combined,2026-05-26,001602,WHEAT-SRW - CHICAGO BOARD OF TRADE,cit,174527.0,63219.0,584337.0
CIT,combined,2026-05-26,001602,WHEAT-SRW - CHICAGO BOARD OF TRADE,comm,101349.0,156766.0,584337.0
CIT,combined,2026-05-26,001602,WHEAT-SRW - CHICAGO BOARD OF TRADE,noncomm,72701.0,130962.0,584337.0
CIT,combined,2026-05-26,001602,WHEAT-SRW - CHICAGO BOARD OF TRADE,nonrept,41452.0,39082.0,584337.0
CIT,combined,2026-05-26,002602,CORN - CHICAGO BOARD OF TRADE,cit,546736.0,114129.0,2432970.0
CIT,combined,2026-05-26,002602,CORN - CHICAGO BOARD OF TRADE,comm,654167.0,1099235.0,2432970.0
CIT,combined,2026-05-26,002602,CORN - CHICAGO BOARD OF TRADE,noncomm,296074.0,209176.0,2432970.0
CIT,combined,2026-05-26,002602,CORN - CHICAGO BOARD OF TRADE,nonrept,182791.0,257228.0,2432970.0
CIT,combined,2026-05-26,005602,SOYBEANS - CHICAGO BOARD OF TRADE,cit,302305.0,49539.0,1251755.0
CIT,combined,2026-05-26,005602,SOYBEANS - CHICAGO BOARD OF TRADE,comm,401878.0,713171.0,1251755.0
CIT,combined,2026-05-26,005602,SOYBEANS - CHICAGO BOARD OF TRADE,noncomm,166851.0,75285.0,1251755.0
CIT,combined,2026-05-26,005602,SOYBEANS - CHICAGO BOARD OF TRADE,nonrept,57858.0,90897.0,1251755.0
CIT,combined,2026-05-26,057642,LIVE CATTLE - CHICAGO MERCANTILE EXCHANGE,cit,94122.0,12589.0,484744.0
CIT,combined,2026-05-26,057642,LIVE CATTLE - CHICAGO MERCANTILE EXCHANGE,comm,77709.0,230124.0,484744.0
CIT,combined,2026-05-26,057642,LIVE CATTLE - CHICAGO MERCANTILE EXCHANGE,noncomm,111561.0,20146.0,484744.0
CIT,combined,2026-05-26,057642,LIVE CATTLE - CHICAGO MERCANTILE EXCHANGE,nonrept,32011.0,52544.0,484744.0
CIT,combined,2026-05-26,073732,COCOA - ICE FUTURES U.S.,cit,57409.0,16421.0,258176.0
CIT,combined,2026-05-26,073732,COCOA - ICE FUTURES U.S.,comm,78228.0,93812.0,258176.0
CIT,combined,2026-05-26,073732,COCOA - ICE FUTURES U.S.,noncomm,24852.0,51391.0,258176.0
CIT,combined,2026-05-26,073732,COCOA - ICE FUTURES U.S.,nonrept,10963.0,9827.0,258176.0
CIT,combined,2026-05-26,080732,SUGAR NO. 11 - ICE FUTURES U.S.,cit,340147.0,91122.0,1182651.0
CIT,combined,2026-05-26,080732,SUGAR NO. 11 - ICE FUTURES U.S.,comm,345695.0,483181.0,1182651.0
CIT,combined,2026-05-26,080732,SUGAR NO. 11 - ICE FUTURES U.S.,noncomm,136822.0,253966.0,1182651.0
CIT,combined,2026-05-26,080732,SUGAR NO. 11 - ICE FUTURES U.S.,nonrept,87087.0,81481.0,1182651.0
CIT,combined,2026-05-26,083731,COFFEE C - ICE FUTURES U.S.,cit,38287.0,12093.0,235416.0
CIT,combined,2026-05-26,083731,COFFEE C - ICE FUTURES U.S.,comm,64868.0,99439.0,235416.0
CIT,combined,2026-05-26,083731,COFFEE C - ICE FUTURES U.S.,noncomm,37241.0,28825.0,235416.0
CIT,combined,2026-05-26,083731,COFFEE C - ICE FUTURES U.S.,nonrept,8290.0,8330.0,235416.0
CIT,combined,2026-06-02,001602,WHEAT-SRW - CHICAGO BOARD OF TRADE,cit,162535.0,70100.0,580385.0
CIT,combined,2026-06-02,001602,WHEAT-SRW - CHICAGO BOARD OF TRADE,comm,115405.0,134852.0,580385.0
CIT,combined,2026-06-02,001602,WHEAT-SRW - CHICAGO BOARD OF TRADE,noncomm,62605.0,138458.0,580385.0
CIT,combined,2026-06-02,001602,WHEAT-SRW - CHICAGO BOARD OF TRADE,nonrept,44297.0,41433.0,580385.0
CIT,combined,2026-06-02,002602,CORN - CHICAGO BOARD OF TRADE,cit,518723.0,126090.0,2454804.0
CIT,combined,2026-06-02,002602,CORN - CHICAGO BOARD OF TRADE,comm,679578.0,988004.0,2454804.0
CIT,combined,2026-06-02,002602,CORN - CHICAGO BOARD OF TRADE,noncomm,240941.0,237614.0,2454804.0
CIT,combined,2026-06-02,002602,CORN - CHICAGO BOARD OF TRADE,nonrept,220738.0,308273.0,2454804.0
CIT,combined,2026-06-02,005602,SOYBEANS - CHICAGO BOARD OF TRADE,cit,303845.0,52552.0,1293079.0
CIT,combined,2026-06-02,005602,SOYBEANS - CHICAGO BOARD OF TRADE,comm,416168.0,692326.0,1293079.0
CIT,combined,2026-06-02,005602,SOYBEANS - CHICAGO BOARD OF TRADE,noncomm,147974.0,94963.0,1293079.0
CIT,combined,2026-06-02,005602,SOYBEANS - CHICAGO BOARD OF TRADE,nonrept,82349.0,110495.0,1293079.0
CIT,combined,2026-06-02,057642,LIVE CATTLE - CHICAGO MERCANTILE EXCHANGE,cit,89503.0,11484.0,482729.0
CIT,combined,2026-06-02,057642,LIVE CATTLE - CHICAGO MERCANTILE EXCHANGE,comm,76814.0,214281.0,482729.0
CIT,combined,2026-06-02,057642,LIVE CATTLE - CHICAGO MERCANTILE EXCHANGE,noncomm,108703.0,17926.0,482729.0
CIT,combined,2026-06-02,057642,LIVE CATTLE - CHICAGO MERCANTILE EXCHANGE,nonrept,42257.0,73587.0,482729.0
CIT,combined,2026-06-02,073732,COCOA - ICE FUTURES U.S.,cit,56419.0,16725.0,262323.0
CIT,combined,2026-06-02,073732,COCOA - ICE FUTURES U.S.,comm,80347.0,93288.0,262323.0
CIT,combined,2026-06-02,073732,COCOA - ICE FUTURES U.S.,noncomm,25151.0,52174.0,262323.0
CIT,combined,2026-06-02,073732,COCOA - ICE FUTURES U.S.,nonrept,10389.0,10119.0,262323.0
CIT,combined,2026-06-02,080732,SUGAR NO. 11 - ICE FUTURES U.S.,cit,325948.0,94392.0,1187070.0
CIT,combined,2026-06-02,080732,SUGAR NO. 11 - ICE FUTURES U.S.,comm,359950.0,456402.0,1187070.0
CIT,combined,2026-06-02,080732,SUGAR NO. 11 - ICE FUTURES U.S.,noncomm,130886.0,270062.0,1187070.0
CIT,combined,2026-06-02,080732,SUGAR NO. 11 - ICE FUTURES U.S.,nonrept,87988.0,83916.0,1187070.0
CIT,combined,2026-06-02,083731,COFFEE C - ICE FUTURES U.S.,cit,38032.0,13436.0,253211.0
CIT,combined,2026-06-02,083731,COFFEE C - ICE FUTURES U.S.,comm,74747.0,104533.0,253211.0
CIT,combined,2026-06-02,083731,COFFEE C - ICE FUTURES U.S.,noncomm,36880.0,31769.0,253211.0
CIT,combined,2026-06-02,083731,COFFEE C - ICE FUTURES U.S.,nonrept,10126.0,10047.0,253211.0
CIT,combined,2026-06-09,001602,WHEAT-SRW - CHICAGO BOARD OF TRADE,cit,148165.0,70179.0,562624.0
CIT,combined,2026-06-09,001602,WHEAT-SRW - CHICAGO BOARD OF TRADE,comm,132802.0,129081.0,562624.0
CIT,combined,2026-06-09,001602,WHEAT-SRW - CHICAGO BOARD OF TRADE,noncomm,60637.0,145572.0,562624.0
CIT,combined,2026-06-09,001602,WHEAT-SRW - CHICAGO BOARD OF TRADE,nonrept,40863.0,37634.0,562624.0
CIT,combined,2026-06-09,002602,CORN - CHICAGO BOARD OF TRADE,cit,503470.0,146607.0,2566213.0
CIT,combined,2026-06-09,002602,CORN - CHICAGO BOARD OF TRADE,comm,779754.0,998315.0,2566213.0
CIT,combined,2026-06-09,002602,CORN - CHICAGO BOARD OF TRADE,noncomm,224452.0,318438.0,2566213.0
CIT,combined,2026-06-09,002602,CORN - CHICAGO BOARD OF TRADE,nonrept,195296.0,239613.0,2566213.0
CIT,combined,2026-06-09,005602,SOYBEANS - CHICAGO BOARD OF TRADE,cit,285721.0,54446.0,1283568.0
CIT,combined,2026-06-09,005602,SOYBEANS - CHICAGO BOARD OF TRADE,comm,458976.0,664472.0,1283568.0
CIT,combined,2026-06-09,005602,SOYBEANS - CHICAGO BOARD OF TRADE,noncomm,121682.0,113326.0,1283568.0
CIT,combined,2026-06-09,005602,SOYBEANS - CHICAGO BOARD OF TRADE,nonrept,52103.0,86238.0,1283568.0
CIT,combined,2026-06-09,057642,LIVE CATTLE - CHICAGO MERCANTILE EXCHANGE,cit,88041.0,9037.0,424383.0
CIT,combined,2026-06-09,057642,LIVE CATTLE - CHICAGO MERCANTILE EXCHANGE,comm,70041.0,215105.0,424383.0
CIT,combined,2026-06-09,057642,LIVE CATTLE - CHICAGO MERCANTILE EXCHANGE,noncomm,102889.0,18325.0,424383.0
CIT,combined,2026-06-09,057642,LIVE CATTLE - CHICAGO MERCANTILE EXCHANGE,nonrept,30971.0,49476.0,424383.0
CIT,combined,2026-06-09,073732,COCOA - ICE FUTURES U.S.,cit,54332.0,16042.0,259304.0
CIT,combined,2026-06-09,073732,COCOA - ICE FUTURES U.S.,comm,83657.0,90086.0,259304.0
CIT,combined,2026-06-09,073732,COCOA - ICE FUTURES U.S.,noncomm,23809.0,54951.0,259304.0
CIT,combined,2026-06-09,073732,COCOA - ICE FUTURES U.S.,nonrept,11237.0,11956.0,259304.0
CIT,combined,2026-06-09,080732,SUGAR NO. 11 - ICE FUTURES U.S.,cit,312420.0,91103.0,1202562.0
CIT,combined,2026-06-09,080732,SUGAR NO. 11 - ICE FUTURES U.S.,comm,381181.0,470403.0,1202562.0
CIT,combined,2026-06-09,080732,SUGAR NO. 11 - ICE FUTURES U.S.,noncomm,142046.0,276248.0,1202562.0
CIT,combined,2026-06-09,080732,SUGAR NO. 11 - ICE FUTURES U.S.,nonrept,88154.0,86048.0,1202562.0
CIT,combined,2026-06-09,083731,COFFEE C - ICE FUTURES U.S.,cit,37759.0,13885.0,272513.0
CIT,combined,2026-06-09,083731,COFFEE C - ICE FUTURES U.S.,comm,84832.0,104847.0,272513.0
CIT,combined,2026-06-09,083731,COFFEE C - ICE FUTURES U.S.,noncomm,33381.0,36938.0,272513.0
CIT,combined,2026-06-09,083731,COFFEE C - ICE FUTURES U.S.,nonrept,9295.0,9597.0,272513.0
CIT,combined,2026-06-16,001602,WHEAT-SRW - CHICAGO BOARD OF TRADE,cit,143161.0,65524.0,554150.0
CIT,combined,2026-06-16,001602,WHEAT-SRW - CHICAGO BOARD OF TRADE,comm,123417.0,121499.0,554150.0
CIT,combined,2026-06-16,001602,WHEAT-SRW - CHICAGO BOARD OF TRADE,noncomm,63274.0,143691.0,554150.0
CIT,combined,2026-06-16,001602,WHEAT-SRW - CHICAGO BOARD OF TRADE,nonrept,39197.0,38336.0,554150.0
CIT,combined,2026-06-16,002602,CORN - CHICAGO BOARD OF TRADE,cit,515679.0,164871.0,2661920.0
CIT,combined,2026-06-16,002602,CORN - CHICAGO BOARD OF TRADE,comm,778277.0,971044.0,2661920.0
CIT,combined,2026-06-16,002602,CORN - CHICAGO BOARD OF TRADE,noncomm,224980.0,353623.0,2661920.0
CIT,combined,2026-06-16,002602,CORN - CHICAGO BOARD OF TRADE,nonrept,222435.0,251832.0,2661920.0
CIT,combined,2026-06-16,005602,SOYBEANS - CHICAGO BOARD OF TRADE,cit,282775.0,62829.0,1305487.0
CIT,combined,2026-06-16,005602,SOYBEANS - CHICAGO BOARD OF TRADE,comm,470623.0,635116.0,1305487.0
CIT,combined,2026-06-16,005602,SOYBEANS - CHICAGO BOARD OF TRADE,noncomm,103512.0,126674.0,1305487.0
CIT,combined,2026-06-16,005602,SOYBEANS - CHICAGO BOARD OF TRADE,nonrept,55216.0,87507.0,1305487.0
CIT,combined,2026-06-16,057642,LIVE CATTLE - CHICAGO MERCANTILE EXCHANGE,cit,89341.0,9081.0,431189.0
CIT,combined,2026-06-16,057642,LIVE CATTLE - CHICAGO MERCANTILE EXCHANGE,comm,64862.0,223274.0,431189.0
CIT,combined,2026-06-16,057642,LIVE CATTLE - CHICAGO MERCANTILE EXCHANGE,noncomm,114603.0,15215.0,431189.0
CIT,combined,2026-06-16,057642,LIVE CATTLE - CHICAGO MERCANTILE EXCHANGE,nonrept,28267.0,49502.0,431189.0
CIT,combined,2026-06-16,073732,COCOA - ICE FUTURES U.S.,cit,51930.0,15834.0,235318.0
CIT,combined,2026-06-16,073732,COCOA - ICE FUTURES U.S.,comm,74770.0,82529.0,235318.0
CIT,combined,2026-06-16,073732,COCOA - ICE FUTURES U.S.,noncomm,25235.0,54679.0,235318.0
CIT,combined,2026-06-16,073732,COCOA - ICE FUTURES U.S.,nonrept,10987.0,9880.0,235318.0
CIT,combined,2026-06-16,080732,SUGAR NO. 11 - ICE FUTURES U.S.,cit,300281.0,92183.0,1153487.0
CIT,combined,2026-06-16,080732,SUGAR NO. 11 - ICE FUTURES U.S.,comm,377719.0,443643.0,1153487.0
CIT,combined,2026-06-16,080732,SUGAR NO. 11 - ICE FUTURES U.S.,noncomm,144091.0,285974.0,1153487.0
CIT,combined,2026-06-16,080732,SUGAR NO. 11 - ICE FUTURES U.S.,nonrept,85309.0,85600.0,1153487.0
CIT,combined,2026-06-16,083731,COFFEE C - ICE FUTURES U.S.,cit,38058.0,11456.0,233201.0
CIT,combined,2026-06-16,083731,COFFEE C - ICE FUTURES U.S.,comm,67742.0,91163.0,233201.0
CIT,combined,2026-06-16,083731,COFFEE C - ICE FUTURES U.S.,noncomm,31047.0,33345.0,233201.0
CIT,combined,2026-06-16,083731,COFFEE C - ICE FUTURES U.S.,nonrept,7356.0,8238.0,233201.0
CIT,combined,2026-06-23,001602,WHEAT-SRW - CHICAGO BOARD OF TRADE,cit,142846.0,64952.0,534792.0
CIT,combined,2026-06-23,001602,WHEAT-SRW - CHICAGO BOARD OF TRADE,comm,115395.0,114993.0,534792.0
CIT,combined,2026-06-23,001602,WHEAT-SRW - CHICAGO BOARD OF TRADE,noncomm,61762.0,141218.0,534792.0
CIT,combined,2026-06-23,001602,WHEAT-SRW - CHICAGO BOARD OF TRADE,nonrept,37571.0,36411.0,534792.0
CIT,combined,2026-06-23,002602,CORN - CHICAGO BOARD OF TRADE,cit,507013.0,167487.0,2639787.0
CIT,combined,2026-06-23,002602,CORN - CHICAGO BOARD OF TRADE,comm,768483.0,925227.0,2639787.0
CIT,combined,2026-06-23,002602,CORN - CHICAGO BOARD OF TRADE,noncomm,238430.0,390977.0,2639787.0
CIT,combined,2026-06-23,002602,CORN - CHICAGO BOARD OF TRADE,nonrept,206070.0,236306.0,2639787.0
CIT,combined,2026-06-23,005602,SOYBEANS - CHICAGO BOARD OF TRADE,cit,282477.0,64624.0,1277543.0
CIT,combined,2026-06-23,005602,SOYBEANS - CHICAGO BOARD OF TRADE,comm,460528.0,607463.0,1277543.0
CIT,combined,2026-06-23,005602,SOYBEANS - CHICAGO BOARD OF TRADE,noncomm,89323.0,127271.0,1277543.0
CIT,combined,2026-06-23,005602,SOYBEANS - CHICAGO BOARD OF TRADE,nonrept,50652.0,83622.0,1277543.0
CIT,combined,2026-06-23,057642,LIVE CATTLE - CHICAGO MERCANTILE EXCHANGE,cit,89103.0,9271.0,433340.0
CIT,combined,2026-06-23,057642,LIVE CATTLE - CHICAGO MERCANTILE EXCHANGE,comm,63573.0,222477.0,433340.0
CIT,combined,2026-06-23,057642,LIVE CATTLE - CHICAGO MERCANTILE EXCHANGE,noncomm,117210.0,16675.0,433340.0
CIT,combined,2026-06-23,057642,LIVE CATTLE - CHICAGO MERCANTILE EXCHANGE,nonrept,30191.0,51655.0,433340.0
CIT,combined,2026-06-23,073732,COCOA - ICE FUTURES U.S.,cit,51941.0,15285.0,231281.0
CIT,combined,2026-06-23,073732,COCOA - ICE FUTURES U.S.,comm,71230.0,80238.0,231281.0
CIT,combined,2026-06-23,073732,COCOA - ICE FUTURES U.S.,noncomm,23815.0,52830.0,231281.0
CIT,combined,2026-06-23,073732,COCOA - ICE FUTURES U.S.,nonrept,10468.0,9101.0,231281.0
CIT,combined,2026-06-23,080732,SUGAR NO. 11 - ICE FUTURES U.S.,cit,289642.0,99210.0,1159845.0
CIT,combined,2026-06-23,080732,SUGAR NO. 11 - ICE FUTURES U.S.,comm,378898.0,420748.0,1159845.0
CIT,combined,2026-06-23,080732,SUGAR NO. 11 - ICE FUTURES U.S.,noncomm,147845.0,297597.0,1159845.0
CIT,combined,2026-06-23,080732,SUGAR NO. 11 - ICE FUTURES U.S.,nonrept,87370.0,86201.0,1159845.0
CIT,combined,2026-06-23,083731,COFFEE C - ICE FUTURES U.S.,cit,39615.0,12333.0,230587.0
CIT,combined,2026-06-23,083731,COFFEE C - ICE FUTURES U.S.,comm,61021.0,90801.0,230587.0
CIT,combined,2026-06-23,083731,COFFEE C - ICE FUTURES U.S.,noncomm,33782.0,31076.0,230587.0
CIT,combined,2026-06-23,083731,COFFEE C - ICE FUTURES U.S.,nonrept,7267.0,7475.0,230587.0
CIT,combined,2026-06-30,001602,WHEAT-SRW - CHICAGO BOARD OF TRADE,cit,134638.0,68676.0,478959.0
CIT,combined,2026-06-30,001602,WHEAT-SRW - CHICAGO BOARD OF TRADE,comm,112957.0,99438.0,478959.0
CIT,combined,2026-06-30,001602,WHEAT-SRW - CHICAGO BOARD OF TRADE,noncomm,62326.0,139665.0,478959.0
CIT,combined,2026-06-30,001602,WHEAT-SRW - CHICAGO BOARD OF TRADE,nonrept,33607.0,35750.0,478959.0
CIT,combined,2026-06-30,002602,CORN - CHICAGO BOARD OF TRADE,cit,449375.0,144789.0,2299954.0
CIT,combined,2026-06-30,002602,CORN - CHICAGO BOARD OF TRADE,comm,657938.0,835677.0,2299954.0
CIT,combined,2026-06-30,002602,CORN - CHICAGO BOARD OF TRADE,noncomm,262836.0,368254.0,2299954.0
CIT,combined,2026-06-30,002602,CORN - CHICAGO BOARD OF TRADE,nonrept,196563.0,217991.0,2299954.0
CIT,combined,2026-06-30,005602,SOYBEANS - CHICAGO BOARD OF TRADE,cit,243422.0,46670.0,1082050.0
CIT,combined,2026-06-30,005602,SOYBEANS - CHICAGO BOARD OF TRADE,comm,401127.0,528468.0,1082050.0
CIT,combined,2026-06-30,005602,SOYBEANS - CHICAGO BOARD OF TRADE,noncomm,86354.0,122121.0,1082050.0
CIT,combined,2026-06-30,005602,SOYBEANS - CHICAGO BOARD OF TRADE,nonrept,45492.0,79136.0,1082050.0
CIT,combined,2026-06-30,057642,LIVE CATTLE - CHICAGO MERCANTILE EXCHANGE,cit,86759.0,10891.0,430431.0
CIT,combined,2026-06-30,057642,LIVE CATTLE - CHICAGO MERCANTILE EXCHANGE,comm,64802.0,215372.0,430431.0
CIT,combined,2026-06-30,057642,LIVE CATTLE - CHICAGO MERCANTILE EXCHANGE,noncomm,110185.0,16687.0,430431.0
CIT,combined,2026-06-30,057642,LIVE CATTLE - CHICAGO MERCANTILE EXCHANGE,nonrept,28972.0,47769.0,430431.0
CIT,combined,2026-06-30,073732,COCOA - ICE FUTURES U.S.,cit,51300.0,14108.0,243087.0
CIT,combined,2026-06-30,073732,COCOA - ICE FUTURES U.S.,comm,74286.0,88042.0,243087.0
CIT,combined,2026-06-30,073732,COCOA - ICE FUTURES U.S.,noncomm,23098.0,47893.0,243087.0
CIT,combined,2026-06-30,073732,COCOA - ICE FUTURES U.S.,nonrept,10991.0,9632.0,243087.0
CIT,combined,2026-06-30,080732,SUGAR NO. 11 - ICE FUTURES U.S.,cit,287225.0,100876.0,1164400.0
CIT,combined,2026-06-30,080732,SUGAR NO. 11 - ICE FUTURES U.S.,comm,350106.0,443964.0,1164400.0
CIT,combined,2026-06-30,080732,SUGAR NO. 11 - ICE FUTURES U.S.,noncomm,186788.0,285356.0,1164400.0
CIT,combined,2026-06-30,080732,SUGAR NO. 11 - ICE FUTURES U.S.,nonrept,84526.0,78448.0,1164400.0
CIT,combined,2026-06-30,083731,COFFEE C - ICE FUTURES U.S.,cit,39984.0,10733.0,234963.0
CIT,combined,2026-06-30,083731,COFFEE C - ICE FUTURES U.S.,comm,58331.0,95789.0,234963.0
CIT,combined,2026-06-30,083731,COFFEE C - ICE FUTURES U.S.,noncomm,35317.0,27168.0,234963.0
CIT,combined,2026-06-30,083731,COFFEE C - ICE FUTURES U.S.,nonrept,7602.0,7544.0,234963.0
CIT,combined,2026-07-07,001602,WHEAT-SRW - CHICAGO BOARD OF TRADE,cit,125644.0,70562.0,491970.0
CIT,combined,2026-07-07,001602,WHEAT-SRW - CHICAGO BOARD OF TRADE,comm,118942.0,104017.0,491970.0
CIT,combined,2026-07-07,001602,WHEAT-SRW - CHICAGO BOARD OF TRADE,noncomm,66363.0,135966.0,491970.0
CIT,combined,2026-07-07,001602,WHEAT-SRW - CHICAGO BOARD OF TRADE,nonrept,36573.0,36976.0,491970.0
CIT,combined,2026-07-07,002602,CORN - CHICAGO BOARD OF TRADE,cit,438279.0,146430.0,2344882.0
CIT,combined,2026-07-07,002602,CORN - CHICAGO BOARD OF TRADE,comm,665215.0,865878.0,2344882.0
CIT,combined,2026-07-07,002602,CORN - CHICAGO BOARD OF TRADE,noncomm,257408.0,324819.0,2344882.0
CIT,combined,2026-07-07,002602,CORN - CHICAGO BOARD OF TRADE,nonrept,194733.0,218507.0,2344882.0
CIT,combined,2026-07-07,005602,SOYBEANS - CHICAGO BOARD OF TRADE,cit,231111.0,47064.0,1202753.0
CIT,combined,2026-07-07,005602,SOYBEANS - CHICAGO BOARD OF TRADE,comm,458726.0,622400.0,1202753.0
CIT,combined,2026-07-07,005602,SOYBEANS - CHICAGO BOARD OF TRADE,noncomm,116333.0,106649.0,1202753.0
CIT,combined,2026-07-07,005602,SOYBEANS - CHICAGO BOARD OF TRADE,nonrept,50113.0,80170.0,1202753.0
CIT,combined,2026-07-07,057642,LIVE CATTLE - CHICAGO MERCANTILE EXCHANGE,cit,81707.0,11721.0,423855.0
CIT,combined,2026-07-07,057642,LIVE CATTLE - CHICAGO MERCANTILE EXCHANGE,comm,71472.0,210092.0,423855.0
CIT,combined,2026-07-07,057642,LIVE CATTLE - CHICAGO MERCANTILE EXCHANGE,noncomm,106376.0,18577.0,423855.0
CIT,combined,2026-07-07,057642,LIVE CATTLE - CHICAGO MERCANTILE EXCHANGE,nonrept,28609.0,47775.0,423855.0
CIT,combined,2026-07-07,073732,COCOA - ICE FUTURES U.S.,cit,50320.0,13757.0,267273.0
CIT,combined,2026-07-07,073732,COCOA - ICE FUTURES U.S.,comm,80211.0,95840.0,267273.0
CIT,combined,2026-07-07,073732,COCOA - ICE FUTURES U.S.,noncomm,23441.0,45819.0,267273.0
CIT,combined,2026-07-07,073732,COCOA - ICE FUTURES U.S.,nonrept,11554.0,10111.0,267273.0
CIT,combined,2026-07-07,080732,SUGAR NO. 11 - ICE FUTURES U.S.,cit,304419.0,107458.0,1187827.0
CIT,combined,2026-07-07,080732,SUGAR NO. 11 - ICE FUTURES U.S.,comm,330897.0,470330.0,1187827.0
CIT,combined,2026-07-07,080732,SUGAR NO. 11 - ICE FUTURES U.S.,noncomm,198167.0,262119.0,1187827.0
CIT,combined,2026-07-07,080732,SUGAR NO. 11 - ICE FUTURES U.S.,nonrept,84036.0,77613.0,1187827.0
CIT,combined,2026-07-07,083731,COFFEE C - ICE FUTURES U.S.,cit,40945.0,7154.0,242253.0
CIT,combined,2026-07-07,083731,COFFEE C - ICE FUTURES U.S.,comm,53135.0,98856.0,242253.0
CIT,combined,2026-07-07,083731,COFFEE C - ICE FUTURES U.S.,noncomm,33722.0,23499.0,242253.0
CIT,combined,2026-07-07,083731,COFFEE C - ICE FUTURES U.S.,nonrept,8101.0,6395.0,242253.0
CIT,combined,2026-07-14,001602,WHEAT-SRW - CHICAGO BOARD OF TRADE,cit,132632.0,78248.0,528698.0
CIT,combined,2026-07-14,001602,WHEAT-SRW - CHICAGO BOARD OF TRADE,comm,122465.0,139573.0,528698.0
CIT,combined,2026-07-14,001602,WHEAT-SRW - CHICAGO BOARD OF TRADE,noncomm,72880.0,111731.0,528698.0
CIT,combined,2026-07-14,001602,WHEAT-SRW - CHICAGO BOARD OF TRADE,nonrept,38714.0,37138.0,528698.0
CIT,combined,2026-07-14,002602,CORN - CHICAGO BOARD OF TRADE,cit,436087.0,144398.0,2326231.0
CIT,combined,2026-07-14,002602,CORN - CHICAGO BOARD OF TRADE,comm,666852.0,890940.0,2326231.0
CIT,combined,2026-07-14,002602,CORN - CHICAGO BOARD OF TRADE,noncomm,252658.0,290574.0,2326231.0
CIT,combined,2026-07-14,002602,CORN - CHICAGO BOARD OF TRADE,nonrept,190357.0,220041.0,2326231.0
CIT,combined,2026-07-14,005602,SOYBEANS - CHICAGO BOARD OF TRADE,cit,220926.0,43586.0,1231185.0
CIT,combined,2026-07-14,005602,SOYBEANS - CHICAGO BOARD OF TRADE,comm,468050.0,641263.0,1231185.0
CIT,combined,2026-07-14,005602,SOYBEANS - CHICAGO BOARD OF TRADE,noncomm,121440.0,97753.0,1231185.0
CIT,combined,2026-07-14,005602,SOYBEANS - CHICAGO BOARD OF TRADE,nonrept,52654.0,80468.0,1231185.0
CIT,combined,2026-07-14,057642,LIVE CATTLE - CHICAGO MERCANTILE EXCHANGE,cit,78523.0,10438.0,432767.0
CIT,combined,2026-07-14,057642,LIVE CATTLE - CHICAGO MERCANTILE EXCHANGE,comm,88670.0,209575.0,432767.0
CIT,combined,2026-07-14,057642,LIVE CATTLE - CHICAGO MERCANTILE EXCHANGE,noncomm,88453.0,19068.0,432767.0
CIT,combined,2026-07-14,057642,LIVE CATTLE - CHICAGO MERCANTILE EXCHANGE,nonrept,32767.0,49333.0,432767.0
CIT,combined,2026-07-14,073732,COCOA - ICE FUTURES U.S.,cit,49163.0,15422.0,272953.0
CIT,combined,2026-07-14,073732,COCOA - ICE FUTURES U.S.,comm,87597.0,102106.0,272953.0
CIT,combined,2026-07-14,073732,COCOA - ICE FUTURES U.S.,noncomm,19803.0,40615.0,272953.0
CIT,combined,2026-07-14,073732,COCOA - ICE FUTURES U.S.,nonrept,10658.0,9079.0,272953.0
CIT,combined,2026-07-14,080732,SUGAR NO. 11 - ICE FUTURES U.S.,cit,302699.0,100612.0,1180502.0
CIT,combined,2026-07-14,080732,SUGAR NO. 11 - ICE FUTURES U.S.,comm,345545.0,479336.0,1180502.0
CIT,combined,2026-07-14,080732,SUGAR NO. 11 - ICE FUTURES U.S.,noncomm,201383.0,276001.0,1180502.0
CIT,combined,2026-07-14,080732,SUGAR NO. 11 - ICE FUTURES U.S.,nonrept,79621.0,73299.0,1180502.0
CIT,combined,2026-07-14,083731,COFFEE C - ICE FUTURES U.S.,cit,40168.0,6630.0,228276.0
CIT,combined,2026-07-14,083731,COFFEE C - ICE FUTURES U.S.,comm,55110.0,102586.0,228276.0
CIT,combined,2026-07-14,083731,COFFEE C - ICE FUTURES U.S.,noncomm,32131.0,19677.0,228276.0
CIT,combined,2026-07-14,083731,COFFEE C - ICE FUTURES U.S.,nonrept,7399.0,5915.0,228276.0
CIT,combined,2026-07-21,001602,WHEAT-SRW - CHICAGO BOARD OF TRADE,cit,145662.0,82667.0,578236.0
CIT,combined,2026-07-21,001602,WHEAT-SRW - CHICAGO BOARD OF TRADE,comm,127087.0,152028.0,578236.0
CIT,combined,2026-07-21,001602,WHEAT-SRW - CHICAGO BOARD OF TRADE,noncomm,60857.0,94030.0,578236.0
CIT,combined,2026-07-21,001602,WHEAT-SRW - CHICAGO BOARD OF TRADE,nonrept,37226.0,42106.0,578236.0
CIT,combined,2026-07-21,002602,CORN - CHICAGO BOARD OF TRADE,cit,479067.0,153073.0,2425879.0
CIT,combined,2026-07-21,002602,CORN - CHICAGO BOARD OF TRADE,comm,673287.0,955945.0,2425879.0
CIT,combined,2026-07-21,002602,CORN - CHICAGO BOARD OF TRADE,noncomm,248409.0,251696.0,2425879.0
CIT,combined,2026-07-21,002602,CORN - CHICAGO BOARD OF TRADE,nonrept,190296.0,230346.0,2425879.0
CIT,combined,2026-07-21,005602,SOYBEANS - CHICAGO BOARD OF TRADE,cit,237012.0,46149.0,1300374.0
CIT,combined,2026-07-21,005602,SOYBEANS - CHICAGO BOARD OF TRADE,comm,455061.0,690970.0,1300374.0
CIT,combined,2026-07-21,005602,SOYBEANS - CHICAGO BOARD OF TRADE,noncomm,149207.0,78751.0,1300374.0
CIT,combined,2026-07-21,005602,SOYBEANS - CHICAGO BOARD OF TRADE,nonrept,56182.0,81592.0,1300374.0
CIT,combined,2026-07-21,057642,LIVE CATTLE - CHICAGO MERCANTILE EXCHANGE,cit,78241.0,10757.0,443042.0
CIT,combined,2026-07-21,057642,LIVE CATTLE - CHICAGO MERCANTILE EXCHANGE,comm,99528.0,203387.0,443042.0
CIT,combined,2026-07-21,057642,LIVE CATTLE - CHICAGO MERCANTILE EXCHANGE,noncomm,70384.0,20851.0,443042.0
CIT,combined,2026-07-21,057642,LIVE CATTLE - CHICAGO MERCANTILE EXCHANGE,nonrept,34392.0,47549.0,443042.0
CIT,combined,2026-07-21,073732,COCOA - ICE FUTURES U.S.,cit,50341.0,19626.0,269255.0
CIT,combined,2026-07-21,073732,COCOA - ICE FUTURES U.S.,comm,85783.0,101600.0,269255.0
CIT,combined,2026-07-21,073732,COCOA - ICE FUTURES U.S.,noncomm,18428.0,35240.0,269255.0
CIT,combined,2026-07-21,073732,COCOA - ICE FUTURES U.S.,nonrept,10594.0,8680.0,269255.0
CIT,combined,2026-07-21,080732,SUGAR NO. 11 - ICE FUTURES U.S.,cit,318743.0,97385.0,1192719.0
CIT,combined,2026-07-21,080732,SUGAR NO. 11 - ICE FUTURES U.S.,comm,345055.0,479340.0,1192719.0
CIT,combined,2026-07-21,080732,SUGAR NO. 11 - ICE FUTURES U.S.,noncomm,182770.0,275989.0,1192719.0
CIT,combined,2026-07-21,080732,SUGAR NO. 11 - ICE FUTURES U.S.,nonrept,82404.0,76257.0,1192719.0
CIT,combined,2026-07-21,083731,COFFEE C - ICE FUTURES U.S.,cit,39842.0,5410.0,220681.0
CIT,combined,2026-07-21,083731,COFFEE C - ICE FUTURES U.S.,comm,52582.0,99328.0,220681.0
CIT,combined,2026-07-21,083731,COFFEE C - ICE FUTURES U.S.,noncomm,30074.0,19491.0,220681.0
CIT,combined,2026-07-21,083731,COFFEE C - ICE FUTURES U.S.,nonrept,7614.0,5883.0,220681.0
CIT,combined,2026-07-28,001602,WHEAT-SRW - CHICAGO BOARD OF TRADE,cit,146110.0,84381.0,566358.0
CIT,combined,2026-07-28,001602,WHEAT-SRW - CHICAGO BOARD OF TRADE,comm,116919.0,153750.0,566358.0
CIT,combined,2026-07-28,001602,WHEAT-SRW - CHICAGO BOARD OF TRADE,noncomm,66331.0,89559.0,566358.0
CIT,combined,2026-07-28,001602,WHEAT-SRW - CHICAGO BOARD OF TRADE,nonrept,37532.0,39203.0,566358.0
CIT,combined,2026-07-28,002602,CORN - CHICAGO BOARD OF TRADE,cit,495354.0,137189.0,2364856.0
CIT,combined,2026-07-28,002602,CORN - CHICAGO BOARD OF TRADE,comm,649228.0,1007983.0,2364856.0
CIT,combined,2026-07-28,002602,CORN - CHICAGO BOARD OF TRADE,noncomm,245218.0,199280.0,2364856.0
CIT,combined,2026-07-28,002602,CORN - CHICAGO BOARD OF TRADE,nonrept,189557.0,234904.0,2364856.0
CIT,combined,2026-07-28,005602,SOYBEANS - CHICAGO BOARD OF TRADE,cit,226839.0,41014.0,1239392.0
CIT,combined,2026-07-28,005602,SOYBEANS - CHICAGO BOARD OF TRADE,comm,421500.0,685019.0,1239392.0
CIT,combined,2026-07-28,005602,SOYBEANS - CHICAGO BOARD OF TRADE,noncomm,166478.0,66229.0,1239392.0
CIT,combined,2026-07-28,005602,SOYBEANS - CHICAGO BOARD OF TRADE,nonrept,56500.0,79056.0,1239392.0
CIT,combined,2026-07-28,057642,LIVE CATTLE - CHICAGO MERCANTILE EXCHANGE,cit,77978.0,10565.0,445137.0
CIT,combined,2026-07-28,057642,LIVE CATTLE - CHICAGO MERCANTILE EXCHANGE,comm,101428.0,196022.0,445137.0
CIT,combined,2026-07-28,057642,LIVE CATTLE - CHICAGO MERCANTILE EXCHANGE,noncomm,66043.0,25218.0,445137.0
CIT,combined,2026-07-28,057642,LIVE CATTLE - CHICAGO MERCANTILE EXCHANGE,nonrept,31733.0,45377.0,445137.0
CIT,combined,2026-07-28,073732,COCOA - ICE FUTURES U.S.,cit,50157.0,20509.0,262836.0
CIT,combined,2026-07-28,073732,COCOA - ICE FUTURES U.S.,comm,85623.0,97970.0,262836.0
CIT,combined,2026-07-28,073732,COCOA - ICE FUTURES U.S.,noncomm,17219.0,35733.0,262836.0
CIT,combined,2026-07-28,073732,COCOA - ICE FUTURES U.S.,nonrept,10334.0,9122.0,262836.0
CIT,combined,2026-07-28,080732,SUGAR NO. 11 - ICE FUTURES U.S.,cit,315161.0,96202.0,1203654.0
CIT,combined,2026-07-28,080732,SUGAR NO. 11 - ICE FUTURES U.S.,comm,363301.0,462579.0,1203654.0
CIT,combined,2026-07-28,080732,SUGAR NO. 11 - ICE FUTURES U.S.,noncomm,181595.0,306498.0,1203654.0
CIT,combined,2026-07-28,080732,SUGAR NO. 11 - ICE FUTURES U.S.,nonrept,81850.0,76628.0,1203654.0
CIT,combined,2026-07-28,083731,COFFEE C - ICE FUTURES U.S.,cit,41040.0,6171.0,225341.0
CIT,combined,2026-07-28,083731,COFFEE C - ICE FUTURES U.S.,comm,51237.0,99667.0,225341.0
CIT,combined,2026-07-28,083731,COFFEE C - ICE FUTURES U.S.,noncomm,30183.0,17843.0,225341.0
CIT,combined,2026-07-28,083731,COFFEE C - ICE FUTURES U.S.,nonrept,7297.0,6076.0,225341.0
CIT,combined,2026-08-04,001602,WHEAT-SRW - CHICAGO BOARD OF TRADE,cit,137359.0,75780.0,567126.0
CIT,combined,2026-08-04,001602,WHEAT-SRW - CHICAGO BOARD OF TRADE,comm,118270.0,143711.0,567126.0
CIT,combined,2026-08-04,001602,WHEAT-SRW - CHICAGO BOARD OF TRADE,noncomm,64311.0,99894.0,567126.0
CIT,combined,2026-08-04,001602,WHEAT-SRW - CHICAGO BOARD OF TRADE,nonrept,38077.0,38631.0,567126.0
CIT,combined,2026-08-04,002602,CORN - CHICAGO BOARD OF TRADE,cit,471229.0,123097.0,2332893.0
CIT,combined,2026-08-04,002602,CORN - CHICAGO BOARD OF TRADE,comm,647282.0,992815.0,2332893.0
CIT,combined,2026-08-04,002602,CORN - CHICAGO BOARD OF TRADE,noncomm,232321.0,189488.0,2332893.0
CIT,combined,2026-08-04,002602,CORN - CHICAGO BOARD OF TRADE,nonrept,183109.0,228541.0,2332893.0
CIT,combined,2026-08-04,005602,SOYBEANS - CHICAGO BOARD OF TRADE,cit,222268.0,37714.0,1194700.0
CIT,combined,2026-08-04,005602,SOYBEANS - CHICAGO BOARD OF TRADE,comm,415603.0,641845.0,1194700.0
CIT,combined,2026-08-04,005602,SOYBEANS - CHICAGO BOARD OF TRADE,noncomm,140820.0,76308.0,1194700.0
CIT,combined,2026-08-04,005602,SOYBEANS - CHICAGO BOARD OF TRADE,nonrept,55662.0,78486.0,1194700.0
CIT,combined,2026-08-04,057642,LIVE CATTLE - CHICAGO MERCANTILE EXCHANGE,cit,78302.0,10018.0,427008.0
CIT,combined,2026-08-04,057642,LIVE CATTLE - CHICAGO MERCANTILE EXCHANGE,comm,98692.0,191292.0,427008.0
CIT,combined,2026-08-04,057642,LIVE CATTLE - CHICAGO MERCANTILE EXCHANGE,noncomm,64310.0,26261.0,427008.0
CIT,combined,2026-08-04,057642,LIVE CATTLE - CHICAGO MERCANTILE EXCHANGE,nonrept,30702.0,44437.0,427008.0
CIT,combined,2026-08-04,073732,COCOA - ICE FUTURES U.S.,cit,50208.0,21574.0,277024.0
CIT,combined,2026-08-04,073732,COCOA - ICE FUTURES U.S.,comm,88488.0,103438.0,277024.0
CIT,combined,2026-08-04,073732,COCOA - ICE FUTURES U.S.,noncomm,18448.0,34043.0,277024.0
CIT,combined,2026-08-04,073732,COCOA - ICE FUTURES U.S.,nonrept,11563.0,9651.0,277024.0
CIT,combined,2026-08-04,080732,SUGAR NO. 11 - ICE FUTURES U.S.,cit,325343.0,102042.0,1252623.0
CIT,combined,2026-08-04,080732,SUGAR NO. 11 - ICE FUTURES U.S.,comm,358225.0,489695.0,1252623.0
CIT,combined,2026-08-04,080732,SUGAR NO. 11 - ICE FUTURES U.S.,noncomm,195905.0,299007.0,1252623.0
CIT,combined,2026-08-04,080732,SUGAR NO. 11 - ICE FUTURES U.S.,nonrept,86454.0,75183.0,1252623.0
CIT,combined,2026-08-04,083731,COFFEE C - ICE FUTURES U.S.,cit,40335.0,6587.0,227092.0
CIT,combined,2026-08-04,083731,COFFEE C - ICE FUTURES U.S.,comm,53995.0,100069.0,227092.0
CIT,combined,2026-08-04,083731,COFFEE C - ICE FUTURES U.S.,noncomm,28953.0,18551.0,227092.0
CIT,combined,2026-08-04,083731,COFFEE C - ICE FUTURES U.S.,nonrept,8232.0,6310.0,227092.0
CIT,combined,2026-08-11,001602,WHEAT-SRW - CHICAGO BOARD OF TRADE,cit,142641.0,73728.0,581798.0
CIT,combined,2026-08-11,001602,WHEAT-SRW - CHICAGO BOARD OF TRADE,comm,120646.0,143703.0,581798.0
CIT,combined,2026-08-11,001602,WHEAT-SRW - CHICAGO BOARD OF TRADE,noncomm,56834.0,106232.0,581798.0
CIT,combined,2026-08-11,001602,WHEAT-SRW - CHICAGO BOARD OF TRADE,nonrept,42424.0,38881.0,581798.0
CIT,combined,2026-08-11,002602,CORN - CHICAGO BOARD OF TRADE,cit,463958.0,125793.0,2268704.0
CIT,combined,2026-08-11,002602,CORN - CHICAGO BOARD OF TRADE,comm,661727.0,994130.0,2268704.0
CIT,combined,2026-08-11,002602,CORN - CHICAGO BOARD OF TRADE,noncomm,242139.0,203146.0,2268704.0
CIT,combined,2026-08-11,002602,CORN - CHICAGO BOARD OF TRADE,nonrept,184239.0,228995.0,2268704.0
CIT,combined,2026-08-11,005602,SOYBEANS - CHICAGO BOARD OF TRADE,cit,218941.0,40962.0,1203233.0
CIT,combined,2026-08-11,005602,SOYBEANS - CHICAGO BOARD OF TRADE,comm,451184.0,652122.0,1203233.0
CIT,combined,2026-08-11,005602,SOYBEANS - CHICAGO BOARD OF TRADE,noncomm,140940.0,93249.0,1203233.0
CIT,combined,2026-08-11,005602,SOYBEANS - CHICAGO BOARD OF TRADE,nonrept,52930.0,77661.0,1203233.0
CIT,combined,2026-08-11,057642,LIVE CATTLE - CHICAGO MERCANTILE EXCHANGE,cit,76665.0,6521.0,380363.0
CIT,combined,2026-08-11,057642,LIVE CATTLE - CHICAGO MERCANTILE EXCHANGE,comm,87170.0,180854.0,380363.0
CIT,combined,2026-08-11,057642,LIVE CATTLE - CHICAGO MERCANTILE EXCHANGE,noncomm,62712.0,24051.0,380363.0
CIT,combined,2026-08-11,057642,LIVE CATTLE - CHICAGO MERCANTILE EXCHANGE,nonrept,30713.0,45834.0,380363.0
CIT,combined,2026-08-11,073732,COCOA - ICE FUTURES U.S.,cit,48551.0,19612.0,258272.0
CIT,combined,2026-08-11,073732,COCOA - ICE FUTURES U.S.,comm,84270.0,97670.0,258272.0
CIT,combined,2026-08-11,073732,COCOA - ICE FUTURES U.S.,noncomm,15730.0,33618.0,258272.0
CIT,combined,2026-08-11,073732,COCOA - ICE FUTURES U.S.,nonrept,11406.0,9057.0,258272.0
CIT,combined,2026-08-11,080732,SUGAR NO. 11 - ICE FUTURES U.S.,cit,360937.0,97098.0,1424802.0
CIT,combined,2026-08-11,080732,SUGAR NO. 11 - ICE FUTURES U.S.,comm,353846.0,642741.0,1424802.0
CIT,combined,2026-08-11,080732,SUGAR NO. 11 - ICE FUTURES U.S.,noncomm,239721.0,246700.0,1424802.0
CIT,combined,2026-08-11,080732,SUGAR NO. 11 - ICE FUTURES U.S.,nonrept,102351.0,70315.0,1424802.0
CIT,combined,2026-08-11,083731,COFFEE C - ICE FUTURES U.S.,cit,40530.0,6694.0,234079.0
CIT,combined,2026-08-11,083731,COFFEE C - ICE FUTURES U.S.,comm,59109.0,106666.0,234079.0
CIT,combined,2026-08-11,083731,COFFEE C - ICE FUTURES U.S.,noncomm,28793.0,17150.0,234079.0
CIT,combined,2026-08-11,083731,COFFEE C - ICE FUTURES U.S.,nonrept,8797.0,6721.0,234079.0
CIT,combined,2026-08-18,001602,WHEAT-SRW - CHICAGO BOARD OF TRADE,cit,145210.0,65130.0,573777.0
CIT,combined,2026-08-18,001602,WHEAT-SRW - CHICAGO BOARD OF TRADE,comm,112939.0,149167.0,573777.0
CIT,combined,2026-08-18,001602,WHEAT-SRW - CHICAGO BOARD OF TRADE,noncomm,54440.0,101770.0,573777.0
CIT,combined,2026-08-18,001602,WHEAT-SRW - CHICAGO BOARD OF TRADE,nonrept,41104.0,37625.0,573777.0
CIT,combined,2026-08-18,002602,CORN - CHICAGO BOARD OF TRADE,cit,511950.0,140074.0,2395505.0
CIT,combined,2026-08-18,002602,CORN - CHICAGO BOARD OF TRADE,comm,661257.0,1063680.0,2395505.0
CIT,combined,2026-08-18,002602,CORN - CHICAGO BOARD OF TRADE,noncomm,260328.0,181769.0,2395505.0
CIT,combined,2026-08-18,002602,CORN - CHICAGO BOARD OF TRADE,nonrept,184407.0,232420.0,2395505.0
CIT,combined,2026-08-18,005602,SOYBEANS - CHICAGO BOARD OF TRADE,cit,226764.0,43172.0,1219563.0
CIT,combined,2026-08-18,005602,SOYBEANS - CHICAGO BOARD OF TRADE,comm,435629.0,681773.0,1219563.0
CIT,combined,2026-08-18,005602,SOYBEANS - CHICAGO BOARD OF TRADE,noncomm,165215.0,78726.0,1219563.0
CIT,combined,2026-08-18,005602,SOYBEANS - CHICAGO BOARD OF TRADE,nonrept,52406.0,76343.0,1219563.0
CIT,combined,2026-08-18,057642,LIVE CATTLE - CHICAGO MERCANTILE EXCHANGE,cit,76795.0,7099.0,406254.0
CIT,combined,2026-08-18,057642,LIVE CATTLE - CHICAGO MERCANTILE EXCHANGE,comm,97451.0,183183.0,406254.0
CIT,combined,2026-08-18,057642,LIVE CATTLE - CHICAGO MERCANTILE EXCHANGE,noncomm,62067.0,30209.0,406254.0
CIT,combined,2026-08-18,057642,LIVE CATTLE - CHICAGO MERCANTILE EXCHANGE,nonrept,29669.0,45493.0,406254.0
CIT,combined,2026-08-18,073732,COCOA - ICE FUTURES U.S.,cit,48759.0,19423.0,229991.0
CIT,combined,2026-08-18,073732,COCOA - ICE FUTURES U.S.,comm,78210.0,91456.0,229991.0
CIT,combined,2026-08-18,073732,COCOA - ICE FUTURES U.S.,noncomm,13882.0,33310.0,229991.0
CIT,combined,2026-08-18,073732,COCOA - ICE FUTURES U.S.,nonrept,10583.0,7245.0,229991.0
CIT,combined,2026-08-18,080732,SUGAR NO. 11 - ICE FUTURES U.S.,cit,371859.0,85654.0,1518674.0
CIT,combined,2026-08-18,080732,SUGAR NO. 11 - ICE FUTURES U.S.,comm,367189.0,731131.0,1518674.0
CIT,combined,2026-08-18,080732,SUGAR NO. 11 - ICE FUTURES U.S.,noncomm,241485.0,211421.0,1518674.0
CIT,combined,2026-08-18,080732,SUGAR NO. 11 - ICE FUTURES U.S.,nonrept,111133.0,63460.0,1518674.0
CIT,combined,2026-08-18,083731,COFFEE C - ICE FUTURES U.S.,cit,39390.0,5276.0,202264.0
CIT,combined,2026-08-18,083731,COFFEE C - ICE FUTURES U.S.,comm,49532.0,101009.0,202264.0
CIT,combined,2026-08-18,083731,COFFEE C - ICE FUTURES U.S.,noncomm,31653.0,16609.0,202264.0
CIT,combined,2026-08-18,083731,COFFEE C - ICE FUTURES U.S.,nonrept,8601.0,6282.0,202264.0
CIT,combined,2026-08-25,001602,WHEAT-SRW - CHICAGO BOARD OF TRADE,cit,137557.0,56017.0,529139.0
CIT,combined,2026-08-25,001602,WHEAT-SRW - CHICAGO BOARD OF TRADE,comm,111658.0,151710.0,529139.0
CIT,combined,2026-08-25,001602,WHEAT-SRW - CHICAGO BOARD OF TRADE,noncomm,60287.0,101890.0,529139.0
CIT,combined,2026-08-25,001602,WHEAT-SRW - CHICAGO BOARD OF TRADE,nonrept,38019.0,37903.0,529139.0
CIT,combined,2026-08-25,002602,CORN - CHICAGO BOARD OF TRADE,cit,525638.0,112019.0,2410651.0
CIT,combined,2026-08-25,002602,CORN - CHICAGO BOARD OF TRADE,comm,637373.0,1188041.0,2410651.0
CIT,combined,2026-08-25,002602,CORN - CHICAGO BOARD OF TRADE,noncomm,338095.0,141825.0,2410651.0
CIT,combined,2026-08-25,002602,CORN - CHICAGO BOARD OF TRADE,nonrept,190882.0,250104.0,2410651.0
CIT,combined,2026-08-25,005602,SOYBEANS - CHICAGO BOARD OF TRADE,cit,240994.0,40736.0,1192738.0
CIT,combined,2026-08-25,005602,SOYBEANS - CHICAGO BOARD OF TRADE,comm,411810.0,697770.0,1192738.0
CIT,combined,2026-08-25,005602,SOYBEANS - CHICAGO BOARD OF TRADE,noncomm,189523.0,79469.0,1192738.0
CIT,combined,2026-08-25,005602,SOYBEANS - CHICAGO BOARD OF TRADE,nonrept,52356.0,76708.0,1192738.0
CIT,combined,2026-08-25,057642,LIVE CATTLE - CHICAGO MERCANTILE EXCHANGE,cit,78048.0,9186.0,440731.0
CIT,combined,2026-08-25,057642,LIVE CATTLE - CHICAGO MERCANTILE EXCHANGE,comm,104807.0,185944.0,440731.0
CIT,combined,2026-08-25,057642,LIVE CATTLE - CHICAGO MERCANTILE EXCHANGE,noncomm,64448.0,38394.0,440731.0
CIT,combined,2026-08-25,057642,LIVE CATTLE - CHICAGO MERCANTILE EXCHANGE,nonrept,30937.0,44715.0,440731.0
CIT,combined,2026-08-25,073732,COCOA - ICE FUTURES U.S.,cit,49324.0,20362.0,228066.0
CIT,combined,2026-08-25,073732,COCOA - ICE FUTURES U.S.,comm,78914.0,91849.0,228066.0
CIT,combined,2026-08-25,073732,COCOA - ICE FUTURES U.S.,noncomm,13755.0,34104.0,228066.0
CIT,combined,2026-08-25,073732,COCOA - ICE FUTURES U.S.,nonrept,11953.0,7632.0,228066.0
CIT,combined,2026-08-25,080732,SUGAR NO. 11 - ICE FUTURES U.S.,cit,386015.0,78484.0,1591522.0
CIT,combined,2026-08-25,080732,SUGAR NO. 11 - ICE FUTURES U.S.,comm,353666.0,765166.0,1591522.0
CIT,combined,2026-08-25,080732,SUGAR NO. 11 - ICE FUTURES U.S.,noncomm,256468.0,200959.0,1591522.0
CIT,combined,2026-08-25,080732,SUGAR NO. 11 - ICE FUTURES U.S.,nonrept,110131.0,61670.0,1591522.0
CIT,combined,2026-08-25,083731,COFFEE C - ICE FUTURES U.S.,cit,40588.0,5585.0,203831.0
CIT,combined,2026-08-25,083731,COFFEE C - ICE FUTURES U.S.,comm,48432.0,101054.0,203831.0
CIT,combined,2026-08-25,083731,COFFEE C - ICE FUTURES U.S.,noncomm,30901.0,16407.0,203831.0
CIT,combined,2026-08-25,083731,COFFEE C - ICE FUTURES U.S.,nonrept,8706.0,5580.0,203831.0
CIT,combined,2026-09-01,001602,WHEAT-SRW - CHICAGO BOARD OF TRADE,cit,148253.0,56131.0,596572.0
CIT,combined,2026-09-01,001602,WHEAT-SRW - CHICAGO BOARD OF TRADE,comm,109458.0,180899.0,596572.0
CIT,combined,2026-09-01,001602,WHEAT-SRW - CHICAGO BOARD OF TRADE,noncomm,77931.0,97740.0,596572.0
CIT,combined,2026-09-01,001602,WHEAT-SRW - CHICAGO BOARD OF TRADE,nonrept,38499.0,39371.0,596572.0
CIT,combined,2026-09-01,002602,CORN - CHICAGO BOARD OF TRADE,cit,568755.0,144168.0,2594329.0
CIT,combined,2026-09-01,002602,CORN - CHICAGO BOARD OF TRADE,comm,631809.0,1269363.0,2594329.0
CIT,combined,2026-09-01,002602,CORN - CHICAGO BOARD OF TRADE,noncomm,374144.0,109074.0,2594329.0
CIT,combined,2026-09-01,002602,CORN - CHICAGO BOARD OF TRADE,nonrept,196980.0,249084.0,2594329.0
CIT,combined,2026-09-01,005602,SOYBEANS - CHICAGO BOARD OF TRADE,cit,272195.0,49315.0,1325813.0
CIT,combined,2026-09-01,005602,SOYBEANS - CHICAGO BOARD OF TRADE,comm,405180.0,741607.0,1325813.0
CIT,combined,2026-09-01,005602,SOYBEANS - CHICAGO BOARD OF TRADE,noncomm,211636.0,76443.0,1325813.0
CIT,combined,2026-09-01,005602,SOYBEANS - CHICAGO BOARD OF TRADE,nonrept,59413.0,81059.0,1325813.0
CIT,combined,2026-09-01,057642,LIVE CATTLE - CHICAGO MERCANTILE EXCHANGE,cit,78647.0,11418.0,447131.0
CIT,combined,2026-09-01,057642,LIVE CATTLE - CHICAGO MERCANTILE EXCHANGE,comm,112384.0,181216.0,447131.0
CIT,combined,2026-09-01,057642,LIVE CATTLE - CHICAGO MERCANTILE EXCHANGE,noncomm,63050.0,47466.0,447131.0
CIT,combined,2026-09-01,057642,LIVE CATTLE - CHICAGO MERCANTILE EXCHANGE,nonrept,30406.0,44387.0,447131.0
CIT,combined,2026-09-01,073732,COCOA - ICE FUTURES U.S.,cit,51825.0,21901.0,253495.0
CIT,combined,2026-09-01,073732,COCOA - ICE FUTURES U.S.,comm,77360.0,98159.0,253495.0
CIT,combined,2026-09-01,073732,COCOA - ICE FUTURES U.S.,noncomm,18054.0,31792.0,253495.0
CIT,combined,2026-09-01,073732,COCOA - ICE FUTURES U.S.,nonrept,12065.0,7452.0,253495.0
CIT,combined,2026-09-01,080732,SUGAR NO. 11 - ICE FUTURES U.S.,cit,403572.0,84981.0,1673040.0
CIT,combined,2026-09-01,080732,SUGAR NO. 11 - ICE FUTURES U.S.,comm,360360.0,811447.0,1673040.0
CIT,combined,2026-09-01,080732,SUGAR NO. 11 - ICE FUTURES U.S.,noncomm,279408.0,206968.0,1673040.0
CIT,combined,2026-09-01,080732,SUGAR NO. 11 - ICE FUTURES U.S.,nonrept,115157.0,55101.0,1673040.0
CIT,combined,2026-09-01,083731,COFFEE C - ICE FUTURES U.S.,cit,41284.0,5630.0,200891.0
CIT,combined,2026-09-01,083731,COFFEE C - ICE FUTURES U.S.,comm,51651.0,96697.0,200891.0
CIT,combined,2026-09-01,083731,COFFEE C - ICE FUTURES U.S.,noncomm,27599.0,20454.0,200891.0
CIT,combined,2026-09-01,083731,COFFEE C - ICE FUTURES U.S.,nonrept,8130.0,5883.0,200891.0
CIT,combined,2026-09-08,001602,WHEAT-SRW - CHICAGO BOARD OF TRADE,cit,137807.0,69263.0,606100.0
CIT,combined,2026-09-08,001602,WHEAT-SRW - CHICAGO BOARD OF TRADE,comm,124336.0,178254.0,606100.0
CIT,combined,2026-09-08,001602,WHEAT-SRW - CHICAGO BOARD OF TRADE,noncomm,77026.0,94271.0,606100.0
CIT,combined,2026-09-08,001602,WHEAT-SRW - CHICAGO BOARD OF TRADE,nonrept,39288.0,36667.0,606100.0
CIT,combined,2026-09-08,002602,CORN - CHICAGO BOARD OF TRADE,cit,540351.0,145892.0,2596892.0
CIT,combined,2026-09-08,002602,CORN - CHICAGO BOARD OF TRADE,comm,659832.0,1276466.0,2596892.0
CIT,combined,2026-09-08,002602,CORN - CHICAGO BOARD OF TRADE,noncomm,391458.0,100561.0,2596892.0
CIT,combined,2026-09-08,002602,CORN - CHICAGO BOARD OF TRADE,nonrept,188824.0,257546.0,2596892.0
CIT,combined,2026-09-08,005602,SOYBEANS - CHICAGO BOARD OF TRADE,cit,277264.0,64690.0,1378220.0
CIT,combined,2026-09-08,005602,SOYBEANS - CHICAGO BOARD OF TRADE,comm,415084.0,765959.0,1378220.0
CIT,combined,2026-09-08,005602,SOYBEANS - CHICAGO BOARD OF TRADE,noncomm,239650.0,77036.0,1378220.0
CIT,combined,2026-09-08,005602,SOYBEANS - CHICAGO BOARD OF TRADE,nonrept,57255.0,81569.0,1378220.0
CIT,combined,2026-09-08,057642,LIVE CATTLE - CHICAGO MERCANTILE EXCHANGE,cit,77590.0,11068.0,418196.0
CIT,combined,2026-09-08,057642,LIVE CATTLE - CHICAGO MERCANTILE EXCHANGE,comm,103087.0,172848.0,418196.0
CIT,combined,2026-09-08,057642,LIVE CATTLE - CHICAGO MERCANTILE EXCHANGE,noncomm,64528.0,48039.0,418196.0
CIT,combined,2026-09-08,057642,LIVE CATTLE - CHICAGO MERCANTILE EXCHANGE,nonrept,30956.0,44206.0,418196.0
CIT,combined,2026-09-08,073732,COCOA - ICE FUTURES U.S.,cit,50529.0,21498.0,239937.0
CIT,combined,2026-09-08,073732,COCOA - ICE FUTURES U.S.,comm,78742.0,92880.0,239937.0
CIT,combined,2026-09-08,073732,COCOA - ICE FUTURES U.S.,noncomm,16259.0,34628.0,239937.0
CIT,combined,2026-09-08,073732,COCOA - ICE FUTURES U.S.,nonrept,11793.0,8317.0,239937.0
CIT,combined,2026-09-08,080732,SUGAR NO. 11 - ICE FUTURES U.S.,cit,398054.0,76282.0,1658497.0
CIT,combined,2026-09-08,080732,SUGAR NO. 11 - ICE FUTURES U.S.,comm,372530.0,854852.0,1658497.0
CIT,combined,2026-09-08,080732,SUGAR NO. 11 - ICE FUTURES U.S.,noncomm,270906.0,164790.0,1658497.0
CIT,combined,2026-09-08,080732,SUGAR NO. 11 - ICE FUTURES U.S.,nonrept,116800.0,62365.0,1658497.0
CIT,combined,2026-09-08,083731,COFFEE C - ICE FUTURES U.S.,cit,41575.0,6080.0,200578.0
CIT,combined,2026-09-08,083731,COFFEE C - ICE FUTURES U.S.,comm,55216.0,93166.0,200578.0
CIT,combined,2026-09-08,083731,COFFEE C - ICE FUTURES U.S.,noncomm,24543.0,23780.0,200578.0
CIT,combined,2026-09-08,083731,COFFEE C - ICE FUTURES U.S.,nonrept,7847.0,6155.0,200578.0
CIT,combined,2026-09-15,001602,WHEAT-SRW - CHICAGO BOARD OF TRADE,cit,136370.0,54166.0,603066.0
CIT,combined,2026-09-15,001602,WHEAT-SRW - CHICAGO BOARD OF TRADE,comm,125151.0,169553.0,603066.0
CIT,combined,2026-09-15,001602,WHEAT-SRW - CHICAGO BOARD OF TRADE,noncomm,69138.0,111235.0,603066.0
CIT,combined,2026-09-15,001602,WHEAT-SRW - CHICAGO BOARD OF TRADE,nonrept,40465.0,36171.0,603066.0
CIT,combined,2026-09-15,002602,CORN - CHICAGO BOARD OF TRADE,cit,524797.0,149727.0,2662009.0
CIT,combined,2026-09-15,002602,CORN - CHICAGO BOARD OF TRADE,comm,708233.0,1315046.0,2662009.0
CIT,combined,2026-09-15,002602,CORN - CHICAGO BOARD OF TRADE,noncomm,387624.0,95671.0,2662009.0
CIT,combined,2026-09-15,002602,CORN - CHICAGO BOARD OF TRADE,nonrept,190031.0,250241.0,2662009.0
CIT,combined,2026-09-15,005602,SOYBEANS - CHICAGO BOARD OF TRADE,cit,247373.0,67461.0,1416904.0
CIT,combined,2026-09-15,005602,SOYBEANS - CHICAGO BOARD OF TRADE,comm,447526.0,774474.0,1416904.0
CIT,combined,2026-09-15,005602,SOYBEANS - CHICAGO BOARD OF TRADE,noncomm,249891.0,76910.0,1416904.0
CIT,combined,2026-09-15,005602,SOYBEANS - CHICAGO BOARD OF TRADE,nonrept,58583.0,84527.0,1416904.0
CIT,combined,2026-09-15,057642,LIVE CATTLE - CHICAGO MERCANTILE EXCHANGE,cit,72340.0,8394.0,400386.0
CIT,combined,2026-09-15,057642,LIVE CATTLE - CHICAGO MERCANTILE EXCHANGE,comm,101247.0,169873.0,400386.0
CIT,combined,2026-09-15,057642,LIVE CATTLE - CHICAGO MERCANTILE EXCHANGE,noncomm,64017.0,46616.0,400386.0
CIT,combined,2026-09-15,057642,LIVE CATTLE - CHICAGO MERCANTILE EXCHANGE,nonrept,28371.0,41092.0,400386.0
CIT,combined,2026-09-15,073732,COCOA - ICE FUTURES U.S.,cit,50741.0,21511.0,242913.0
CIT,combined,2026-09-15,073732,COCOA - ICE FUTURES U.S.,comm,80128.0,93586.0,242913.0
CIT,combined,2026-09-15,073732,COCOA - ICE FUTURES U.S.,noncomm,14760.0,34156.0,242913.0
CIT,combined,2026-09-15,073732,COCOA - ICE FUTURES U.S.,nonrept,11987.0,8363.0,242913.0
CIT,combined,2026-09-15,080732,SUGAR NO. 11 - ICE FUTURES U.S.,cit,371013.0,47204.0,1465655.0
CIT,combined,2026-09-15,080732,SUGAR NO. 11 - ICE FUTURES U.S.,comm,347652.0,832804.0,1465655.0
CIT,combined,2026-09-15,080732,SUGAR NO. 11 - ICE FUTURES U.S.,noncomm,263289.0,157758.0,1465655.0
CIT,combined,2026-09-15,080732,SUGAR NO. 11 - ICE FUTURES U.S.,nonrept,116687.0,60876.0,1465655.0
CIT,combined,2026-09-15,083731,COFFEE C - ICE FUTURES U.S.,cit,41231.0,6094.0,192298.0
CIT,combined,2026-09-15,083731,COFFEE C - ICE FUTURES U.S.,comm,54985.0,89747.0,192298.0
CIT,combined,2026-09-15,083731,COFFEE C - ICE FUTURES U.S.,noncomm,23053.0,24769.0,192298.0
CIT,combined,2026-09-15,083731,COFFEE C - ICE FUTURES U.S.,nonrept,7755.0,6412.0,192298.0
CIT,combined,2026-09-22,001602,WHEAT-SRW - CHICAGO BOARD OF TRADE,cit,138536.0,56637.0,595400.0
CIT,combined,2026-09-22,001602,WHEAT-SRW - CHICAGO BOARD OF TRADE,comm,130152.0,165430.0,595400.0
CIT,combined,2026-09-22,001602,WHEAT-SRW - CHICAGO BOARD OF TRADE,noncomm,62813.0,114690.0,595400.0
CIT,combined,2026-09-22,001602,WHEAT-SRW - CHICAGO BOARD OF TRADE,nonrept,40413.0,35158.0,595400.0
CIT,combined,2026-09-22,002602,CORN - CHICAGO BOARD OF TRADE,cit,536670.0,145551.0,2675976.0
CIT,combined,2026-09-22,002602,CORN - CHICAGO BOARD OF TRADE,comm,697042.0,1301515.0,2675976.0
CIT,combined,2026-09-22,002602,CORN - CHICAGO BOARD OF TRADE,noncomm,372394.0,104702.0,2675976.0
CIT,combined,2026-09-22,002602,CORN - CHICAGO BOARD OF TRADE,nonrept,193559.0,247898.0,2675976.0
CIT,combined,2026-09-22,005602,SOYBEANS - CHICAGO BOARD OF TRADE,cit,242861.0,65858.0,1428898.0
CIT,combined,2026-09-22,005602,SOYBEANS - CHICAGO BOARD OF TRADE,comm,451166.0,794067.0,1428898.0
CIT,combined,2026-09-22,005602,SOYBEANS - CHICAGO BOARD OF TRADE,noncomm,262368.0,69192.0,1428898.0
CIT,combined,2026-09-22,005602,SOYBEANS - CHICAGO BOARD OF TRADE,nonrept,58811.0,86089.0,1428898.0
CIT,combined,2026-09-22,057642,LIVE CATTLE - CHICAGO MERCANTILE EXCHANGE,cit,69390.0,8310.0,414465.0
CIT,combined,2026-09-22,057642,LIVE CATTLE - CHICAGO MERCANTILE EXCHANGE,comm,107508.0,174452.0,414465.0
CIT,combined,2026-09-22,057642,LIVE CATTLE - CHICAGO MERCANTILE EXCHANGE,noncomm,62776.0,46886.0,414465.0
CIT,combined,2026-09-22,057642,LIVE CATTLE - CHICAGO MERCANTILE EXCHANGE,nonrept,30384.0,40409.0,414465.0
CIT,combined,2026-09-22,073732,COCOA - ICE FUTURES U.S.,cit,50175.0,22708.0,233275.0
CIT,combined,2026-09-22,073732,COCOA - ICE FUTURES U.S.,comm,83284.0,86243.0,233275.0
CIT,combined,2026-09-22,073732,COCOA - ICE FUTURES U.S.,noncomm,7763.0,34090.0,233275.0
CIT,combined,2026-09-22,073732,COCOA - ICE FUTURES U.S.,nonrept,11632.0,9813.0,233275.0
CIT,combined,2026-09-22,080732,SUGAR NO. 11 - ICE FUTURES U.S.,cit,362648.0,48502.0,1394262.0
CIT,combined,2026-09-22,080732,SUGAR NO. 11 - ICE FUTURES U.S.,comm,330789.0,791724.0,1394262.0
CIT,combined,2026-09-22,080732,SUGAR NO. 11 - ICE FUTURES U.S.,noncomm,249795.0,157180.0,1394262.0
CIT,combined,2026-09-22,080732,SUGAR NO. 11 - ICE FUTURES U.S.,nonrept,109368.0,55193.0,1394262.0
CIT,combined,2026-09-22,083731,COFFEE C - ICE FUTURES U.S.,cit,39866.0,6232.0,198180.0
CIT,combined,2026-09-22,083731,COFFEE C - ICE FUTURES U.S.,comm,60284.0,88570.0,198180.0
CIT,combined,2026-09-22,083731,COFFEE C - ICE FUTURES U.S.,noncomm,22294.0,28766.0,198180.0
CIT,combined,2026-09-22,083731,COFFEE C - ICE FUTURES U.S.,nonrept,8024.0,6901.0,198180.0
CIT,combined,2026-09-29,001602,WHEAT-SRW - CHICAGO BOARD OF TRADE,cit,135315.0,54186.0,573356.0
CIT,combined,2026-09-29,001602,WHEAT-SRW - CHICAGO BOARD OF TRADE,comm,130379.0,154782.0,573356.0
CIT,combined,2026-09-29,001602,WHEAT-SRW - CHICAGO BOARD OF TRADE,noncomm,57170.0,117749.0,573356.0
CIT,combined,2026-09-29,001602,WHEAT-SRW - CHICAGO BOARD OF TRADE,nonrept,38261.0,34408.0,573356.0
CIT,combined,2026-09-29,002602,CORN - CHICAGO BOARD OF TRADE,cit,521223.0,138559.0,2577179.0
CIT,combined,2026-09-29,002602,CORN - CHICAGO BOARD OF TRADE,comm,711990.0,1267964.0,2577179.0
CIT,combined,2026-09-29,002602,CORN - CHICAGO BOARD OF TRADE,noncomm,334460.0,105681.0,2577179.0
CIT,combined,2026-09-29,002602,CORN - CHICAGO BOARD OF TRADE,nonrept,190816.0,246284.0,2577179.0
CIT,combined,2026-09-29,005602,SOYBEANS - CHICAGO BOARD OF TRADE,cit,221952.0,54592.0,1343560.0
CIT,combined,2026-09-29,005602,SOYBEANS - CHICAGO BOARD OF TRADE,comm,454518.0,764962.0,1343560.0
CIT,combined,2026-09-29,005602,SOYBEANS - CHICAGO BOARD OF TRADE,noncomm,242332.0,72189.0,1343560.0
CIT,combined,2026-09-29,005602,SOYBEANS - CHICAGO BOARD OF TRADE,nonrept,57744.0,84804.0,1343560.0
CIT,combined,2026-09-29,057642,LIVE CATTLE - CHICAGO MERCANTILE EXCHANGE,cit,70520.0,8570.0,422762.0
CIT,combined,2026-09-29,057642,LIVE CATTLE - CHICAGO MERCANTILE EXCHANGE,comm,107129.0,181921.0,422762.0
CIT,combined,2026-09-29,057642,LIVE CATTLE - CHICAGO MERCANTILE EXCHANGE,noncomm,64867.0,41731.0,422762.0
CIT,combined,2026-09-29,057642,LIVE CATTLE - CHICAGO MERCANTILE EXCHANGE,nonrept,30555.0,40850.0,422762.0
CIT,combined,2026-09-29,073732,COCOA - ICE FUTURES U.S.,cit,49448.0,22357.0,238851.0
CIT,combined,2026-09-29,073732,COCOA - ICE FUTURES U.S.,comm,83680.0,86046.0,238851.0
CIT,combined,2026-09-29,073732,COCOA - ICE FUTURES U.S.,noncomm,9681.0,35818.0,238851.0
CIT,combined,2026-09-29,073732,COCOA - ICE FUTURES U.S.,nonrept,10837.0,9425.0,238851.0
CIT,combined,2026-09-29,080732,SUGAR NO. 11 - ICE FUTURES U.S.,cit,363353.0,50078.0,1354420.0
CIT,combined,2026-09-29,080732,SUGAR NO. 11 - ICE FUTURES U.S.,comm,302759.0,768150.0,1354420.0
CIT,combined,2026-09-29,080732,SUGAR NO. 11 - ICE FUTURES U.S.,noncomm,251221.0,154844.0,1354420.0
CIT,combined,2026-09-29,080732,SUGAR NO. 11 - ICE FUTURES U.S.,nonrept,104939.0,49199.0,1354420.0
CIT,combined,2026-09-29,083731,COFFEE C - ICE FUTURES U.S.,cit,39698.0,5755.0,197518.0
CIT,combined,2026-09-29,083731,COFFEE C - ICE FUTURES U.S.,comm,59573.0,91004.0,197518.0
CIT,combined,2026-09-29,083731,COFFEE C - ICE FUTURES U.S.,noncomm,23017.0,26510.0,197518.0
CIT,combined,2026-09-29,083731,COFFEE C - ICE FUTURES U.S.,nonrept,7768.0,6785.0,197518.0
